date,branch,active_clients,new_accounts,brokerage_revenue_mil_vnd,margin_balance_bil_vnd,aum_bil_vnd,fee_rate_bps
2025-01-01,HN_HeadOffice,2711,18,301.1,10062.9,43841.2,1.78
2025-01-01,HCM_Center,1807,24,307.6,7391.1,60138.9,0.83
2025-01-01,DaNang,940,13,340.5,7148.8,50358.0,1.57
2025-01-01,HaiPhong,1097,25,372.3,7394.1,39329.4,1.74
2025-01-01,CanTho,2171,19,233.9,13948.2,37289.7,1.18
2025-01-01,Online,10780,58,970.2,16881.9,96775.2,1.42
2025-01-02,HN_HeadOffice,1784,17,230.7,5858.1,25718.6,1.82
2025-01-02,HCM_Center,2157,26,331.8,11730.1,59381.0,1.75
2025-01-02,DaNang,3435,13,294.9,9599.2,41301.5,1.97
2025-01-02,HaiPhong,1114,19,328.4,9477.4,48619.7,0.99
2025-01-02,CanTho,1290,22,217.8,8628.3,49942.8,1.17
2025-01-02,Online,7210,75,1055.0,18864.2,115125.8,1.08
2025-01-03,HN_HeadOffice,2723,19,187.8,4253.3,40097.9,1.75
2025-01-03,HCM_Center,2572,23,235.5,9206.7,32799.4,1.72
2025-01-03,DaNang,1315,16,432.6,3927.0,23838.1,1.31
2025-01-03,HaiPhong,1227,19,187.2,9290.8,55316.1,1.11
2025-01-03,CanTho,1899,19,354.0,10515.5,31347.8,1.58
2025-01-03,Online,10958,62,938.6,14390.9,106681.3,1.53
2025-01-04,HN_HeadOffice,1747,20,219.4,5310.8,52108.3,2.14
2025-01-04,HCM_Center,1815,24,50.0,10054.0,60148.8,0.84
2025-01-04,DaNang,958,22,197.2,7905.0,52953.1,1.31
2025-01-04,HaiPhong,3337,15,313.5,2967.1,48392.8,1.53
2025-01-04,CanTho,2808,11,318.5,7233.7,48704.9,1.79
2025-01-04,Online,11269,75,1095.6,17904.7,101738.1,1.76
2025-01-05,HN_HeadOffice,2304,19,329.0,8639.9,37495.6,2.1
2025-01-05,HCM_Center,994,12,299.4,10578.2,40553.9,1.15
2025-01-05,DaNang,636,21,279.9,8504.3,43226.5,1.97
2025-01-05,HaiPhong,930,18,502.2,6285.1,29214.4,1.01
2025-01-05,CanTho,2413,29,494.0,9209.9,39985.8,2.17
2025-01-05,Online,7486,72,1172.0,15402.4,91953.6,1.41
2025-01-06,HN_HeadOffice,2154,24,476.0,6500.2,44164.7,1.37
2025-01-06,HCM_Center,3062,16,247.5,5008.9,70745.2,1.28
2025-01-06,DaNang,2232,18,114.3,8627.5,47120.4,1.11
2025-01-06,HaiPhong,1282,22,492.1,7362.6,59362.6,1.01
2025-01-06,CanTho,2878,25,349.6,2930.8,47747.1,1.93
2025-01-06,Online,12127,76,847.1,14081.9,64691.9,1.97
2025-01-07,HN_HeadOffice,2560,21,300.2,9667.7,34446.2,2.01
2025-01-07,HCM_Center,1169,14,225.7,6779.8,45699.0,1.91
2025-01-07,DaNang,2645,27,455.6,7087.5,58414.7,1.54
2025-01-07,HaiPhong,1315,20,280.7,6868.4,41976.8,2.07
2025-01-07,CanTho,1268,17,187.2,9849.9,28900.9,1.11
2025-01-07,Online,8117,59,1084.5,13855.9,89215.8,1.21
2025-01-08,HN_HeadOffice,534,20,264.4,8062.7,64399.7,1.05
2025-01-08,HCM_Center,511,21,425.4,6508.7,46723.8,1.34
2025-01-08,DaNang,1720,10,296.2,2000.0,42869.4,1.42
2025-01-08,HaiPhong,512,28,209.8,7139.9,45729.7,1.91
2025-01-08,CanTho,2461,21,324.7,12768.1,65660.8,1.78
2025-01-08,Online,12228,75,1007.6,14626.8,97205.1,1.51
2025-01-09,HN_HeadOffice,1370,17,460.2,6945.8,18040.0,1.25
2025-01-09,HCM_Center,2242,27,457.2,8258.1,49788.6,1.64
2025-01-09,DaNang,3177,18,125.0,9197.5,34222.3,1.85
2025-01-09,HaiPhong,2765,23,373.2,9466.0,27876.8,1.59
2025-01-09,CanTho,1314,21,337.2,8251.9,53426.3,0.81
2025-01-09,Online,9064,78,922.8,14219.1,102937.1,2.19
2025-01-10,HN_HeadOffice,3120,16,555.9,9591.3,48839.5,0.84
2025-01-10,HCM_Center,1736,18,173.2,2226.6,43984.2,1.69
2025-01-10,DaNang,1803,23,405.4,4447.9,51097.7,1.14
2025-01-10,HaiPhong,2780,14,458.1,8255.2,33876.3,1.64
2025-01-10,CanTho,2551,14,459.0,7021.5,26256.6,1.84
2025-01-10,Online,10624,67,777.8,16464.3,80824.6,0.81
2025-01-11,HN_HeadOffice,2840,14,305.5,11058.8,58856.6,1.09
2025-01-11,HCM_Center,2390,23,319.9,7029.1,39307.0,2.06
2025-01-11,DaNang,2889,17,329.7,9997.8,32049.5,2.2
2025-01-11,HaiPhong,2310,20,165.1,8319.4,50594.6,1.3
2025-01-11,CanTho,2856,25,276.2,10409.9,62022.9,1.69
2025-01-11,Online,10753,80,879.3,16681.1,103441.0,1.9
2025-01-12,HN_HeadOffice,675,17,228.4,12525.8,64642.2,1.18
2025-01-12,HCM_Center,792,16,255.4,9451.4,42167.4,1.68
2025-01-12,DaNang,1268,26,595.7,11492.4,55562.3,2.19
2025-01-12,HaiPhong,2029,17,244.0,11241.5,49070.6,2.09
2025-01-12,CanTho,925,20,345.5,7017.8,49467.5,1.26
2025-01-12,Online,10244,87,804.2,16499.8,113962.5,1.77
2025-01-13,HN_HeadOffice,2309,26,191.8,9010.6,48688.1,0.92
2025-01-13,HCM_Center,3395,29,329.9,6763.8,49158.0,1.45
2025-01-13,DaNang,1406,25,323.2,9549.2,57082.2,1.38
2025-01-13,HaiPhong,3126,24,254.1,11327.4,59488.5,1.42
2025-01-13,CanTho,1148,22,278.0,7662.7,48553.4,2.11
2025-01-13,Online,8027,66,802.4,16824.7,105820.8,1.24
2025-01-14,HN_HeadOffice,1386,22,467.0,6474.6,38116.7,1.6
2025-01-14,HCM_Center,1244,16,70.6,5733.7,47823.7,0.94
2025-01-14,DaNang,1055,19,324.3,4985.1,26051.7,1.64
2025-01-14,HaiPhong,1444,17,462.3,5600.4,41035.0,0.96
2025-01-14,CanTho,1436,20,86.7,7500.2,31431.9,1.6
2025-01-14,Online,12115,73,749.8,15006.6,78002.8,0.87
2025-01-15,HN_HeadOffice,2145,19,381.3,9189.5,35579.6,1.42
2025-01-15,HCM_Center,2376,14,201.3,9175.5,46941.7,1.91
2025-01-15,DaNang,1383,21,202.7,7370.0,65499.3,1.02
2025-01-15,HaiPhong,1444,17,557.2,8970.4,30093.7,1.7
2025-01-15,CanTho,987,23,212.6,7225.2,40178.2,1.46
2025-01-15,Online,7505,63,932.4,11816.5,106774.7,1.13
2025-01-16,HN_HeadOffice,876,27,391.4,6799.0,41649.0,1.14
2025-01-16,HCM_Center,3026,12,324.0,9874.1,25530.8,1.51
2025-01-16,DaNang,3428,24,448.0,9737.5,41015.7,1.26
2025-01-16,HaiPhong,2856,24,270.3,10622.6,39315.0,1.14
2025-01-16,CanTho,1546,16,360.3,8288.9,36249.0,1.95
2025-01-16,Online,10518,64,1001.3,19342.7,84084.7,1.14
2025-01-17,HN_HeadOffice,1775,23,379.0,5171.4,38573.6,1.85
2025-01-17,HCM_Center,2555,18,478.0,11833.0,36757.3,1.95
2025-01-17,DaNang,2781,19,392.1,9293.3,37052.6,1.89
2025-01-17,HaiPhong,1028,23,453.3,12035.5,68303.3,1.75
2025-01-17,CanTho,1387,27,371.6,8010.0,57995.8,2.18
2025-01-17,Online,8118,68,1022.5,17061.0,83568.5,1.57
2025-01-18,HN_HeadOffice,614,19,457.7,8284.5,49904.0,1.37
2025-01-18,HCM_Center,2002,18,445.1,3155.9,46312.5,1.14
2025-01-18,DaNang,3002,24,695.9,7658.6,58031.1,1.22
2025-01-18,HaiPhong,666,19,356.9,6393.8,67283.8,1.43
2025-01-18,CanTho,2637,20,368.2,5923.6,53214.7,0.98
2025-01-18,Online,8095,61,902.8,18512.1,103033.0,1.52
2025-01-19,HN_HeadOffice,2793,23,299.0,10940.8,56876.6,1.44
2025-01-19,HCM_Center,3364,13,334.7,7986.1,36939.9,1.97
2025-01-19,DaNang,2209,22,243.2,10015.5,38378.8,1.8
2025-01-19,HaiPhong,764,20,222.6,6765.0,50748.8,1.61
2025-01-19,CanTho,3177,22,379.3,9297.6,41405.4,0.86
2025-01-19,Online,7949,62,1110.3,15492.2,90926.4,1.48
2025-01-20,HN_HeadOffice,1069,14,494.0,5871.0,42206.2,1.3
2025-01-20,HCM_Center,2572,21,322.1,6024.4,60143.9,1.84
2025-01-20,DaNang,1634,24,379.9,11573.1,33490.1,1.89
2025-01-20,HaiPhong,2080,18,253.8,7986.7,55028.8,1.27
2025-01-20,CanTho,1862,23,285.2,8099.8,59899.3,2.04
2025-01-20,Online,12037,52,925.0,17392.8,103741.4,1.41
2025-01-21,HN_HeadOffice,1753,14,325.1,7592.2,41977.4,2.08
2025-01-21,HCM_Center,1945,13,246.0,8719.0,30072.1,1.96
2025-01-21,DaNang,570,20,333.1,9874.8,49473.2,1.04
2025-01-21,HaiPhong,1572,24,214.3,9303.9,49807.2,1.63
2025-01-21,CanTho,2863,15,138.3,10431.3,34858.4,1.42
2025-01-21,Online,6200,51,1107.3,15363.0,92248.9,1.33
2025-01-22,HN_HeadOffice,2562,25,197.0,9493.8,52615.7,2.07
2025-01-22,HCM_Center,1350,11,321.5,8797.4,43298.6,1.58
2025-01-22,DaNang,1964,19,422.9,8109.2,61746.8,1.12
2025-01-22,HaiPhong,1319,21,235.3,8496.1,37706.0,1.39
2025-01-22,CanTho,1006,24,271.2,7388.3,44557.0,2.14
2025-01-22,Online,12753,70,716.8,14006.9,71336.7,1.72
2025-01-23,HN_HeadOffice,2722,27,304.1,9674.1,49398.5,1.92
2025-01-23,HCM_Center,3230,17,327.4,11098.5,31094.0,1.03
2025-01-23,DaNang,2620,20,458.3,4903.6,41957.2,1.16
2025-01-23,HaiPhong,2646,16,148.1,7520.7,45794.1,1.54
2025-01-23,CanTho,2575,25,230.0,8770.4,38402.7,1.72
2025-01-23,Online,7716,65,579.3,17835.2,102068.1,0.93
2025-01-24,HN_HeadOffice,1810,16,253.7,6622.6,44633.4,1.55
2025-01-24,HCM_Center,2167,21,426.8,8006.3,35622.7,1.85
2025-01-24,DaNang,3487,25,368.7,9855.5,51270.3,1.16
2025-01-24,HaiPhong,2108,20,287.8,7597.7,57431.7,1.01
2025-01-24,CanTho,2729,16,289.6,7514.0,56760.3,1.59
2025-01-24,Online,12325,62,882.3,15918.9,94736.7,1.83
2025-01-25,HN_HeadOffice,2450,24,330.0,11873.5,54972.8,1.83
2025-01-25,HCM_Center,1835,18,357.4,10395.6,43555.5,1.01
2025-01-25,DaNang,1810,18,343.7,8231.3,58124.4,1.43
2025-01-25,HaiPhong,2519,18,405.7,7783.0,27123.0,1.78
2025-01-25,CanTho,3350,17,344.8,7470.8,31332.6,2.17
2025-01-25,Online,7319,67,936.1,19216.4,95985.6,2.04
2025-01-26,HN_HeadOffice,3104,20,458.0,4091.0,46728.6,1.94
2025-01-26,HCM_Center,1558,16,323.9,12511.0,24782.6,0.99
2025-01-26,DaNang,2047,14,317.1,7605.1,36708.7,2.07
2025-01-26,HaiPhong,2579,22,292.5,2000.0,37673.7,1.31
2025-01-26,CanTho,1648,18,200.9,5178.7,37441.3,1.97
2025-01-26,Online,9655,70,712.1,14284.8,89055.4,1.59
2025-01-27,HN_HeadOffice,2086,17,357.5,6752.6,40687.7,1.78
2025-01-27,HCM_Center,1537,26,377.5,13719.2,41478.2,1.69
2025-01-27,DaNang,542,21,246.9,8143.3,56141.7,1.88
2025-01-27,HaiPhong,2891,15,261.0,11023.0,60937.2,2.05
2025-01-27,CanTho,1681,23,262.8,6750.0,44299.7,1.13
2025-01-27,Online,8606,76,924.2,17330.9,91136.5,1.49
2025-01-28,HN_HeadOffice,1314,15,136.4,7473.9,37896.6,1.9
2025-01-28,HCM_Center,2587,28,84.6,6570.6,58600.1,1.31
2025-01-28,DaNang,3371,20,391.7,7586.7,39012.3,0.94
2025-01-28,HaiPhong,1952,12,395.2,12485.0,54852.6,1.18
2025-01-28,CanTho,3091,23,277.5,5285.7,61057.8,1.08
2025-01-28,Online,10608,58,1159.0,17529.1,90833.1,1.44
2025-01-29,HN_HeadOffice,3291,21,257.4,9675.4,62285.6,1.77
2025-01-29,HCM_Center,3170,23,209.0,9264.1,53440.2,1.95
2025-01-29,DaNang,2373,21,245.5,5914.8,56766.1,1.83
2025-01-29,HaiPhong,808,25,256.7,6864.2,33157.6,1.61
2025-01-29,CanTho,1338,17,399.1,10061.2,60194.6,1.62
2025-01-29,Online,7793,58,816.9,16316.8,111755.0,2.16
2025-01-30,HN_HeadOffice,2563,28,418.5,4800.1,66057.1,1.66
2025-01-30,HCM_Center,772,27,341.5,2118.3,49972.4,1.81
2025-01-30,DaNang,1430,22,227.1,8890.1,28718.4,1.83
2025-01-30,HaiPhong,3360,19,418.2,9492.2,40870.7,1.91
2025-01-30,CanTho,728,15,581.4,8744.7,47498.6,1.69
2025-01-30,Online,7503,59,944.9,16901.9,81525.1,0.84
2025-01-31,HN_HeadOffice,1062,24,331.2,10874.3,46543.8,1.43
2025-01-31,HCM_Center,2970,21,249.9,9525.3,52689.3,2.2
2025-01-31,DaNang,1566,18,310.2,10904.2,46602.4,0.83
2025-01-31,HaiPhong,3218,26,213.2,7933.2,36537.7,1.28
2025-01-31,CanTho,702,22,368.4,11167.2,39298.6,1.89
2025-01-31,Online,12583,67,907.9,16890.9,99131.6,1.76
2025-02-01,HN_HeadOffice,875,21,383.5,7966.3,54247.3,1.05
2025-02-01,HCM_Center,3046,19,224.0,7908.4,56798.9,1.45
2025-02-01,DaNang,855,19,193.9,6406.3,49816.9,1.86
2025-02-01,HaiPhong,725,24,232.3,7039.2,46473.9,1.55
2025-02-01,CanTho,2036,22,147.7,6960.2,37993.2,1.71
2025-02-01,Online,8238,62,1002.5,14927.8,93888.7,1.54
2025-02-02,HN_HeadOffice,549,19,235.4,8591.7,45686.3,0.9
2025-02-02,HCM_Center,1237,18,401.4,8518.8,59227.5,0.87
2025-02-02,DaNang,582,15,180.5,10795.6,38632.1,0.9
2025-02-02,HaiPhong,1900,20,324.0,12825.5,51039.9,1.01
2025-02-02,CanTho,1425,23,461.6,9152.6,37789.3,1.96
2025-02-02,Online,11780,42,1074.1,13769.8,83937.9,1.55
2025-02-03,HN_HeadOffice,1318,19,399.4,8900.8,49723.1,1.58
2025-02-03,HCM_Center,820,20,263.3,5915.7,46091.8,1.75
2025-02-03,DaNang,2261,12,426.6,9549.0,42297.3,1.11
2025-02-03,HaiPhong,2119,16,378.2,8673.8,43721.8,1.59
2025-02-03,CanTho,2155,18,389.4,8435.3,40774.3,1.02
2025-02-03,Online,7886,63,1074.9,18526.6,97644.8,2.16
2025-02-04,HN_HeadOffice,2644,25,578.4,10003.2,39855.3,1.05
2025-02-04,HCM_Center,815,20,250.7,4666.8,12438.2,1.64
2025-02-04,DaNang,1605,22,298.2,6930.7,59478.7,1.6
2025-02-04,HaiPhong,1222,20,141.2,5851.1,59307.3,0.94
2025-02-04,CanTho,2996,28,440.9,9276.7,31060.8,1.02
2025-02-04,Online,6167,74,852.2,16562.6,82101.3,0.99
2025-02-05,HN_HeadOffice,990,21,294.5,11802.3,48263.4,1.75
2025-02-05,HCM_Center,709,19,341.5,10321.8,42125.6,1.51
2025-02-05,DaNang,1298,19,332.8,3252.6,37850.7,1.12
2025-02-05,HaiPhong,890,24,298.8,8223.4,65857.3,1.93
2025-02-05,CanTho,2567,28,470.1,6055.6,35647.6,2.1
2025-02-05,Online,8607,57,807.2,12279.1,95403.9,1.48
2025-02-06,HN_HeadOffice,2270,21,494.9,8678.6,63914.0,1.35
2025-02-06,HCM_Center,2593,23,332.4,9560.7,54642.2,1.54
2025-02-06,DaNang,2734,19,241.6,7778.2,39944.6,1.56
2025-02-06,HaiPhong,3431,22,392.0,11736.0,45097.2,2.17
2025-02-06,CanTho,790,23,281.9,11507.6,32042.0,1.61
2025-02-06,Online,9051,62,862.4,17373.6,89086.9,1.42
2025-02-07,HN_HeadOffice,1092,25,443.5,6675.5,63167.2,0.94
2025-02-07,HCM_Center,2077,25,383.4,5885.3,38579.9,1.08
2025-02-07,DaNang,1388,16,351.1,5934.6,39358.9,1.52
2025-02-07,HaiPhong,2638,20,454.6,8038.9,42416.0,0.84
2025-02-07,CanTho,724,22,305.1,9159.3,35875.5,2.13
2025-02-07,Online,8375,68,999.5,16899.8,111369.6,1.5
2025-02-08,HN_HeadOffice,3197,21,306.3,2000.0,35734.0,1.78
2025-02-08,HCM_Center,1050,17,413.6,9361.9,23020.8,1.63
2025-02-08,DaNang,2379,16,341.4,8756.2,51311.5,0.99
2025-02-08,HaiPhong,548,27,198.1,9290.0,56353.1,1.19
2025-02-08,CanTho,1968,25,170.2,8866.8,52089.1,2.02
2025-02-08,Online,6224,65,824.6,15432.3,99751.5,1.72
2025-02-09,HN_HeadOffice,2309,19,338.1,6861.2,35239.4,2.06
2025-02-09,HCM_Center,962,28,471.6,10158.7,20995.7,1.47
2025-02-09,DaNang,623,14,326.6,8217.2,48003.3,1.66
2025-02-09,HaiPhong,1460,23,234.6,4145.5,51926.2,1.92
2025-02-09,CanTho,1810,20,160.4,7080.4,10000.0,2.15
2025-02-09,Online,11714,61,930.7,18711.6,107636.0,1.48
2025-02-10,HN_HeadOffice,2168,23,283.4,7272.9,34971.7,1.52
2025-02-10,HCM_Center,1019,21,258.3,6128.9,51889.9,1.35
2025-02-10,DaNang,3049,16,451.6,5475.0,18202.3,1.92
2025-02-10,HaiPhong,1592,19,162.5,3611.4,34053.4,2.04
2025-02-10,CanTho,2092,22,481.1,7993.0,40014.3,1.84
2025-02-10,Online,9962,63,815.0,20305.6,90809.6,1.48
2025-02-11,HN_HeadOffice,1029,20,300.1,5639.1,60190.5,1.37
2025-02-11,HCM_Center,871,9,220.4,9694.6,55880.5,1.93
2025-02-11,DaNang,2201,31,341.5,6724.6,41354.4,0.81
2025-02-11,HaiPhong,882,11,419.0,11353.0,35444.4,1.41
2025-02-11,CanTho,3049,26,453.8,11610.1,52362.6,1.52
2025-02-11,Online,6465,72,853.6,19590.5,99847.1,1.5
2025-02-12,HN_HeadOffice,971,26,501.1,7336.5,68812.4,1.8
2025-02-12,HCM_Center,696,26,458.7,11570.2,28675.3,1.59
2025-02-12,DaNang,2255,16,623.0,11668.5,29680.2,1.91
2025-02-12,HaiPhong,1104,26,470.7,5135.7,44998.7,0.94
2025-02-12,CanTho,1030,18,438.2,7969.7,44673.5,0.94
2025-02-12,Online,12584,58,910.0,18436.2,88874.7,1.09
2025-02-13,HN_HeadOffice,1753,25,496.8,7003.2,61532.9,1.95
2025-02-13,HCM_Center,3046,27,459.9,4031.9,28392.3,1.05
2025-02-13,DaNang,1008,30,426.9,11026.5,44284.9,1.44
2025-02-13,HaiPhong,505,25,403.9,9756.8,32471.9,2.02
2025-02-13,CanTho,1114,28,454.7,4609.3,49437.5,1.69
2025-02-13,Online,6501,62,802.9,16780.5,87462.0,2.07
2025-02-14,HN_HeadOffice,2861,15,257.7,9919.3,48080.1,1.25
2025-02-14,HCM_Center,2447,18,267.2,8831.9,27590.9,1.89
2025-02-14,DaNang,3241,18,186.3,4726.4,46702.4,1.82
2025-02-14,HaiPhong,2484,20,421.6,6517.8,51983.4,1.43
2025-02-14,CanTho,966,21,401.6,7407.1,37610.4,1.25
2025-02-14,Online,7718,54,1035.2,15634.7,70806.4,1.79
2025-02-15,HN_HeadOffice,1308,23,438.6,5980.8,50745.1,1.86
2025-02-15,HCM_Center,2933,24,235.1,7614.2,35272.0,2.17
2025-02-15,DaNang,1421,17,243.1,7882.1,57193.1,1.32
2025-02-15,HaiPhong,3256,12,313.7,6889.6,45807.8,0.84
2025-02-15,CanTho,2713,15,314.9,8311.4,31192.2,1.52
2025-02-15,Online,11567,64,795.5,14251.6,105153.8,1.98
2025-02-16,HN_HeadOffice,3050,14,310.8,5178.2,33816.2,1.46
2025-02-16,HCM_Center,818,20,390.1,8890.8,64993.0,1.42
2025-02-16,DaNang,528,20,431.9,10311.2,58116.0,0.97
2025-02-16,HaiPhong,2436,15,551.7,10153.6,34136.4,1.18
2025-02-16,CanTho,2658,15,325.8,12067.8,57433.8,1.63
2025-02-16,Online,12829,78,984.2,16766.3,82685.5,0.94
2025-02-17,HN_HeadOffice,1036,17,309.2,4132.9,53310.5,1.26
2025-02-17,HCM_Center,1955,22,298.5,5914.4,69573.0,1.11
2025-02-17,DaNang,2879,20,410.9,7901.3,25130.0,1.8
2025-02-17,HaiPhong,2567,28,295.8,9699.6,47789.5,1.88
2025-02-17,CanTho,1271,24,637.5,5205.5,39913.3,1.23
2025-02-17,Online,7701,46,959.9,20096.4,80546.5,1.68
2025-02-18,HN_HeadOffice,1476,21,425.1,5428.3,27302.0,1.8
2025-02-18,HCM_Center,1987,21,311.6,9054.0,39379.3,1.64
2025-02-18,DaNang,3107,22,380.3,7254.5,77645.9,1.95
2025-02-18,HaiPhong,1487,20,388.8,9321.6,57759.3,1.1
2025-02-18,CanTho,1668,22,304.0,8262.2,23435.3,0.92
2025-02-18,Online,8747,65,851.5,13896.6,85050.4,1.94
2025-02-19,HN_HeadOffice,3074,20,699.2,8484.0,40462.0,1.38
2025-02-19,HCM_Center,839,20,351.8,8459.8,64228.8,2.02
2025-02-19,DaNang,2894,18,309.1,11394.4,45588.9,1.18
2025-02-19,HaiPhong,1456,21,432.4,6167.5,24816.8,2.17
2025-02-19,CanTho,2145,18,207.0,6154.9,43290.7,1.22
2025-02-19,Online,9402,58,881.9,11693.6,93968.0,1.35
2025-02-20,HN_HeadOffice,2151,21,461.3,6581.9,51503.2,1.08
2025-02-20,HCM_Center,1446,15,329.1,7135.6,44081.5,1.13
2025-02-20,DaNang,1809,21,405.8,6750.3,51046.3,1.8
2025-02-20,HaiPhong,1614,21,273.3,6166.9,62761.2,1.0
2025-02-20,CanTho,939,19,313.4,6362.1,57211.3,1.01
2025-02-20,Online,9468,62,950.0,13235.1,79589.7,1.2
2025-02-21,HN_HeadOffice,3058,27,381.3,7647.7,43786.7,1.39
2025-02-21,HCM_Center,2310,21,431.5,8903.4,61932.2,2.01
2025-02-21,DaNang,3288,28,370.7,5153.6,58605.0,1.56
2025-02-21,HaiPhong,2064,28,426.9,12289.3,51204.6,1.14
2025-02-21,CanTho,2475,22,410.5,8184.8,46435.4,1.45
2025-02-21,Online,7713,79,1070.7,16133.7,87963.0,1.64
2025-02-22,HN_HeadOffice,1202,20,419.1,6672.8,39095.9,1.83
2025-02-22,HCM_Center,1771,22,307.0,12358.3,51085.5,0.94
2025-02-22,DaNang,1682,13,475.2,7522.1,32240.1,1.37
2025-02-22,HaiPhong,588,18,486.8,4564.8,47012.5,1.76
2025-02-22,CanTho,859,19,352.9,10230.7,49857.5,2.14
2025-02-22,Online,9988,62,924.6,16879.1,85229.1,1.28
2025-02-23,HN_HeadOffice,2453,22,372.6,4086.5,51931.7,1.32
2025-02-23,HCM_Center,922,15,421.1,8944.4,48281.8,2.17
2025-02-23,DaNang,1132,19,405.4,6563.2,26068.6,1.01
2025-02-23,HaiPhong,503,20,307.4,9217.4,48623.3,1.85
2025-02-23,CanTho,1325,16,363.6,7552.4,45983.4,1.06
2025-02-23,Online,6317,77,836.7,16455.8,100903.5,0.99
2025-02-24,HN_HeadOffice,1414,15,283.3,7868.6,45194.0,1.31
2025-02-24,HCM_Center,1293,31,340.3,4794.7,53104.0,0.9
2025-02-24,DaNang,794,17,262.6,11086.9,33711.8,0.89
2025-02-24,HaiPhong,2851,13,336.8,6870.3,13356.5,1.61
2025-02-24,CanTho,1900,14,378.9,10017.7,49387.4,1.94
2025-02-24,Online,6293,67,910.9,17587.4,83479.7,1.91
2025-02-25,HN_HeadOffice,3181,23,130.4,4567.3,35582.4,2.09
2025-02-25,HCM_Center,2090,25,455.6,9809.9,39440.3,1.18
2025-02-25,DaNang,1841,13,510.0,9368.8,30789.2,0.95
2025-02-25,HaiPhong,1544,18,324.8,7244.8,36835.3,2.19
2025-02-25,CanTho,1463,22,399.8,10179.5,51171.8,0.92
2025-02-25,Online,8025,64,746.5,15490.2,107893.3,1.8
2025-02-26,HN_HeadOffice,3222,24,319.9,9982.6,36343.0,1.02
2025-02-26,HCM_Center,1722,23,275.9,5364.6,54269.7,2.06
2025-02-26,DaNang,2876,18,191.7,8331.0,47861.5,1.43
2025-02-26,HaiPhong,2226,26,400.2,8047.0,54862.0,1.48
2025-02-26,CanTho,2957,30,102.4,9294.9,28616.5,1.42
2025-02-26,Online,9170,72,887.3,13560.2,88943.5,1.97
2025-02-27,HN_HeadOffice,3312,14,709.6,4768.1,50114.6,1.11
2025-02-27,HCM_Center,1097,15,321.4,9621.0,28006.5,1.93
2025-02-27,DaNang,2788,19,338.8,9640.8,41148.4,1.48
2025-02-27,HaiPhong,684,25,195.8,9484.8,43853.5,1.09
2025-02-27,CanTho,2837,21,453.0,6054.3,29693.1,1.98
2025-02-27,Online,10716,63,813.5,13710.5,105696.3,1.32
2025-02-28,HN_HeadOffice,3162,18,267.8,8300.8,57560.0,1.52
2025-02-28,HCM_Center,2715,17,276.6,10679.5,44248.7,1.26
2025-02-28,DaNang,2826,17,382.4,8719.2,62426.4,1.62
2025-02-28,HaiPhong,3252,16,445.1,9527.8,37969.6,2.01
2025-02-28,CanTho,3385,23,311.2,7537.8,23630.2,1.54
2025-02-28,Online,10782,66,827.8,16244.7,114601.5,1.72
2025-03-01,HN_HeadOffice,1813,24,353.0,9230.5,49719.9,2.1
2025-03-01,HCM_Center,1991,14,488.0,6889.7,15442.7,1.54
2025-03-01,DaNang,2788,16,372.1,7618.2,63222.2,2.07
2025-03-01,HaiPhong,2994,19,379.6,11651.6,30154.8,1.92
2025-03-01,CanTho,3064,20,79.4,6521.9,52872.9,1.11
2025-03-01,Online,6200,63,797.9,17447.9,85120.8,2.06
2025-03-02,HN_HeadOffice,1757,24,197.4,3390.4,55021.0,2.19
2025-03-02,HCM_Center,2251,20,298.5,9600.5,47873.6,1.59
2025-03-02,DaNang,2597,21,291.5,4375.5,68667.7,0.98
2025-03-02,HaiPhong,1781,24,151.0,9672.3,35094.4,1.6
2025-03-02,CanTho,3127,20,356.3,5817.7,55599.4,2.0
2025-03-02,Online,10251,62,986.8,13039.7,95966.0,0.9
2025-03-03,HN_HeadOffice,939,26,364.0,6536.0,32776.0,1.67
2025-03-03,HCM_Center,2158,21,476.2,9097.4,38470.3,1.38
2025-03-03,DaNang,699,20,308.7,7198.2,35858.1,1.57
2025-03-03,HaiPhong,1627,20,441.1,9172.7,48990.4,1.67
2025-03-03,CanTho,2108,18,286.3,10166.9,32984.7,1.98
2025-03-03,Online,9239,69,825.5,19528.5,73993.0,1.13
2025-03-04,HN_HeadOffice,1668,19,537.5,8210.1,41181.3,1.09
2025-03-04,HCM_Center,3180,16,226.9,6090.9,55079.2,2.0
2025-03-04,DaNang,2715,17,389.0,6660.9,49227.3,1.39
2025-03-04,HaiPhong,3024,19,444.7,6755.1,63371.5,1.71
2025-03-04,CanTho,2614,14,441.4,8614.1,34771.1,2.04
2025-03-04,Online,10694,63,836.7,14467.7,92292.6,2.03
2025-03-05,HN_HeadOffice,3004,21,404.9,11838.4,42175.1,2.15
2025-03-05,HCM_Center,3185,15,123.5,6800.9,43915.1,0.93
2025-03-05,DaNang,2665,19,271.4,7332.9,48683.0,1.75
2025-03-05,HaiPhong,693,20,117.7,5179.8,43838.9,2.05
2025-03-05,CanTho,1957,22,286.5,5535.2,38807.6,1.94
2025-03-05,Online,10303,69,888.0,19401.5,90753.6,0.93
2025-03-06,HN_HeadOffice,531,13,318.3,13960.0,33543.2,1.88
2025-03-06,HCM_Center,2080,21,388.7,5250.3,39681.7,2.12
2025-03-06,DaNang,817,17,272.9,7587.6,34342.8,1.95
2025-03-06,HaiPhong,2881,22,288.2,11394.3,48127.8,1.87
2025-03-06,CanTho,1536,28,334.4,7807.9,42667.7,1.99
2025-03-06,Online,8392,60,948.2,12172.7,107978.3,1.14
2025-03-07,HN_HeadOffice,1976,20,435.3,8663.0,47773.7,2.18
2025-03-07,HCM_Center,537,22,452.7,4902.0,57357.2,1.89
2025-03-07,DaNang,1632,23,404.3,9728.8,43053.4,1.85
2025-03-07,HaiPhong,3192,14,218.9,7626.9,29106.8,1.47
2025-03-07,CanTho,2441,18,381.9,5774.3,44176.4,2.04
2025-03-07,Online,6180,67,1036.9,18009.4,88213.2,1.69
2025-03-08,HN_HeadOffice,1806,24,413.5,7310.9,41128.8,1.22
2025-03-08,HCM_Center,2733,26,401.9,11842.5,50890.3,1.93
2025-03-08,DaNang,3321,20,458.2,9499.9,46851.2,2.0
2025-03-08,HaiPhong,1838,29,318.0,8338.5,68924.6,1.05
2025-03-08,CanTho,1300,18,438.6,9197.8,37096.7,1.24
2025-03-08,Online,11228,59,925.1,18969.1,110244.2,1.89
2025-03-09,HN_HeadOffice,1094,17,346.3,10741.6,41154.1,1.23
2025-03-09,HCM_Center,3397,26,327.9,7673.1,31765.2,1.36
2025-03-09,DaNang,1408,20,251.7,8684.6,38379.2,1.18
2025-03-09,HaiPhong,1622,25,331.2,9586.2,31835.6,2.14
2025-03-09,CanTho,551,23,207.3,9469.8,53383.8,1.13
2025-03-09,Online,11954,65,670.6,17200.3,118333.8,1.48
2025-03-10,HN_HeadOffice,3361,20,426.4,7189.3,60923.6,0.89
2025-03-10,HCM_Center,1504,23,412.8,8312.0,23339.0,0.97
2025-03-10,DaNang,3155,23,131.5,7865.7,42762.1,1.55
2025-03-10,HaiPhong,2406,13,391.0,7628.9,38774.9,1.61
2025-03-10,CanTho,3320,16,287.2,6642.4,41553.4,1.64
2025-03-10,Online,9066,67,870.9,16767.1,97039.6,1.41
2025-03-11,HN_HeadOffice,1577,16,339.4,11534.8,57773.0,1.3
2025-03-11,HCM_Center,2764,11,344.3,7135.2,31542.0,1.63
2025-03-11,DaNang,2016,22,328.2,2000.0,66004.6,1.38
2025-03-11,HaiPhong,607,18,211.4,6996.2,59897.1,1.61
2025-03-11,CanTho,2290,22,510.9,8581.7,43833.0,2.03
2025-03-11,Online,9800,63,840.4,19992.8,102374.5,1.2
2025-03-12,HN_HeadOffice,1682,16,328.9,8513.9,58806.7,1.09
2025-03-12,HCM_Center,3189,21,329.0,6896.7,48581.4,2.07
2025-03-12,DaNang,1250,16,413.0,10923.2,39880.2,1.76
2025-03-12,HaiPhong,730,28,248.0,6640.6,41946.8,1.96
2025-03-12,CanTho,1534,21,625.5,8208.9,40947.0,1.5
2025-03-12,Online,11899,56,957.6,16425.0,88872.0,1.54
2025-03-13,HN_HeadOffice,2595,18,318.6,8943.4,41915.1,0.84
2025-03-13,HCM_Center,1472,18,341.9,8184.4,42568.0,2.09
2025-03-13,DaNang,2038,16,488.4,5008.3,29212.4,1.14
2025-03-13,HaiPhong,2934,25,201.8,6465.1,75222.9,1.25
2025-03-13,CanTho,2607,26,352.8,8905.0,42637.5,1.75
2025-03-13,Online,11857,65,843.5,16899.5,98890.0,2.16
2025-03-14,HN_HeadOffice,1994,20,367.6,6601.4,47976.6,0.94
2025-03-14,HCM_Center,3351,18,415.2,6549.4,33669.3,1.35
2025-03-14,DaNang,1129,12,497.1,7045.5,44153.3,1.11
2025-03-14,HaiPhong,2827,15,327.9,6245.7,66540.3,1.21
2025-03-14,CanTho,2448,12,223.9,8936.2,50703.6,1.17
2025-03-14,Online,12663,62,1069.4,13398.4,96244.3,1.2
2025-03-15,HN_HeadOffice,635,16,413.4,9299.4,40509.1,2.02
2025-03-15,HCM_Center,1822,22,390.0,6035.0,32345.6,1.17
2025-03-15,DaNang,1120,22,93.3,5788.2,49648.1,1.17
2025-03-15,HaiPhong,520,17,311.3,8224.4,43956.5,2.15
2025-03-15,CanTho,2208,19,471.3,11691.5,44828.4,1.12
2025-03-15,Online,11056,65,776.8,15403.3,96933.3,1.02
2025-03-16,HN_HeadOffice,1947,25,209.3,7595.0,53427.3,1.24
2025-03-16,HCM_Center,1769,12,387.5,7053.3,35867.5,1.05
2025-03-16,DaNang,1184,12,314.9,7977.6,46543.1,1.26
2025-03-16,HaiPhong,3218,18,253.4,12318.0,12805.9,1.1
2025-03-16,CanTho,2314,20,199.1,2411.0,54844.9,1.24
2025-03-16,Online,7159,58,928.5,21388.9,114073.7,1.65
2025-03-17,HN_HeadOffice,2545,23,346.1,5101.7,44421.6,1.13
2025-03-17,HCM_Center,1270,26,437.3,6484.3,41063.0,1.2
2025-03-17,DaNang,3452,14,422.7,9828.7,36745.6,1.08
2025-03-17,HaiPhong,1183,20,307.3,8346.0,45299.4,1.22
2025-03-17,CanTho,928,19,259.0,8219.2,42548.2,1.26
2025-03-17,Online,7440,58,898.8,13313.1,82957.0,1.4
2025-03-18,HN_HeadOffice,2454,15,459.7,5145.2,40919.0,2.14
2025-03-18,HCM_Center,3169,20,386.7,11036.9,42975.6,1.92
2025-03-18,DaNang,2591,28,414.4,6056.4,56518.6,0.81
2025-03-18,HaiPhong,1482,16,322.6,10172.4,41523.2,1.54
2025-03-18,CanTho,1339,20,250.3,7993.3,35888.7,2.17
2025-03-18,Online,7885,75,1011.6,15518.4,79649.9,1.03
2025-03-19,HN_HeadOffice,1546,18,340.4,8141.1,41466.9,1.23
2025-03-19,HCM_Center,1825,20,361.2,2207.6,45943.7,1.59
2025-03-19,DaNang,951,23,447.6,6497.9,60768.5,1.21
2025-03-19,HaiPhong,2394,17,454.0,9735.5,62659.9,1.36
2025-03-19,CanTho,1580,20,295.8,3244.0,49110.4,0.85
2025-03-19,Online,10765,56,989.1,16740.9,79079.4,2.18
2025-03-20,HN_HeadOffice,575,26,284.6,10984.0,14957.5,2.09
2025-03-20,HCM_Center,2498,19,373.5,7997.0,37731.4,1.47
2025-03-20,DaNang,1399,25,325.0,7743.2,39848.2,0.86
2025-03-20,HaiPhong,2261,21,260.5,7712.9,53423.7,1.9
2025-03-20,CanTho,961,19,348.1,7484.4,48102.9,2.01
2025-03-20,Online,10878,58,961.7,14504.8,90503.1,2.07
2025-03-21,HN_HeadOffice,1528,11,244.6,5020.0,39323.5,1.71
2025-03-21,HCM_Center,2973,17,443.3,6514.8,46628.9,2.1
2025-03-21,DaNang,3246,20,240.6,7575.8,23983.3,2.05
2025-03-21,HaiPhong,2633,16,321.1,6978.2,52947.7,1.22
2025-03-21,CanTho,1055,29,466.3,6466.7,56325.2,2.1
2025-03-21,Online,6681,58,732.8,16214.5,95276.5,0.98
2025-03-22,HN_HeadOffice,1120,24,347.6,8032.1,40712.2,1.69
2025-03-22,HCM_Center,1556,18,221.8,9643.5,39493.6,1.73
2025-03-22,DaNang,3114,15,400.3,6366.6,56896.2,1.23
2025-03-22,HaiPhong,1794,26,195.3,10630.7,13021.7,2.04
2025-03-22,CanTho,1897,24,256.5,9609.1,36612.6,2.01
2025-03-22,Online,12601,66,893.4,14792.1,110158.4,1.7
2025-03-23,HN_HeadOffice,3449,20,217.4,9786.4,28572.2,0.96
2025-03-23,HCM_Center,1160,20,357.6,9051.6,56722.7,1.14
2025-03-23,DaNang,3025,15,448.2,8591.3,46898.2,1.85
2025-03-23,HaiPhong,639,20,394.6,9927.9,26991.8,1.36
2025-03-23,CanTho,916,27,189.3,6362.9,42685.4,2.1
2025-03-23,Online,12158,67,917.1,15814.9,88263.6,1.86
2025-03-24,HN_HeadOffice,880,25,322.5,7907.2,48671.3,1.57
2025-03-24,HCM_Center,3369,16,161.3,8689.3,47498.4,0.9
2025-03-24,DaNang,519,28,392.1,7885.9,51319.3,1.7
2025-03-24,HaiPhong,1888,22,406.8,8926.2,46112.5,1.99
2025-03-24,CanTho,1866,28,274.8,9858.1,36799.3,1.44
2025-03-24,Online,6800,63,911.1,16972.5,94293.1,1.61
2025-03-25,HN_HeadOffice,3451,19,408.8,9630.0,41647.4,1.16
2025-03-25,HCM_Center,544,20,447.1,10494.6,53248.0,1.29
2025-03-25,DaNang,3188,22,277.1,6824.3,65855.2,1.77
2025-03-25,HaiPhong,793,20,359.6,12058.0,42958.5,0.93
2025-03-25,CanTho,3278,25,305.7,4696.6,61007.6,1.25
2025-03-25,Online,6072,66,950.1,16719.3,96856.3,1.03
2025-03-26,HN_HeadOffice,2789,18,313.6,8450.9,36958.7,0.84
2025-03-26,HCM_Center,649,14,290.5,7399.3,43616.5,1.05
2025-03-26,DaNang,1805,21,351.5,8356.4,41897.9,1.2
2025-03-26,HaiPhong,3077,23,327.7,7001.7,45567.1,1.45
2025-03-26,CanTho,1508,21,387.0,10619.3,43800.9,2.17
2025-03-26,Online,9451,66,837.2,16812.5,108574.7,2.09
2025-03-27,HN_HeadOffice,721,20,310.9,9701.1,54756.0,1.5
2025-03-27,HCM_Center,2535,26,259.9,10111.8,39379.3,0.93
2025-03-27,DaNang,1642,12,261.2,4172.7,44133.0,1.25
2025-03-27,HaiPhong,3197,21,357.1,12387.5,59210.3,0.98
2025-03-27,CanTho,1095,27,398.2,4361.8,44150.7,1.49
2025-03-27,Online,11832,66,897.5,16247.1,107677.7,0.86
2025-03-28,HN_HeadOffice,3269,18,224.1,6343.9,51090.5,0.96
2025-03-28,HCM_Center,1361,25,245.1,5333.0,31745.8,1.18
2025-03-28,DaNang,1886,23,181.6,8947.6,13930.3,0.84
2025-03-28,HaiPhong,2261,23,514.9,9138.4,35424.7,1.12
2025-03-28,CanTho,1762,19,297.7,6964.5,60105.6,1.15
2025-03-28,Online,12108,67,778.8,12545.0,89423.2,1.21
2025-03-29,HN_HeadOffice,2085,25,331.7,8680.2,28711.2,1.47
2025-03-29,HCM_Center,2054,23,401.2,7550.4,32705.0,1.34
2025-03-29,DaNang,3276,19,520.6,3397.6,41110.9,1.38
2025-03-29,HaiPhong,631,27,87.5,5324.4,36232.6,1.31
2025-03-29,CanTho,922,15,162.2,11502.5,50527.2,1.6
2025-03-29,Online,9347,71,1082.7,15739.1,82324.5,1.69
2025-03-30,HN_HeadOffice,2159,19,258.7,8173.2,49352.8,2.07
2025-03-30,HCM_Center,3182,21,351.6,8714.0,60148.3,2.06
2025-03-30,DaNang,1634,18,278.0,9200.8,31362.9,1.63
2025-03-30,HaiPhong,2701,16,469.5,8276.5,37126.0,2.07
2025-03-30,CanTho,647,20,347.2,9584.8,52066.1,1.08
2025-03-30,Online,8138,62,1031.6,14970.1,89624.4,1.81
2025-03-31,HN_HeadOffice,2875,20,440.6,6575.4,48456.9,0.83
2025-03-31,HCM_Center,2835,23,372.5,6726.8,58347.1,1.0
2025-03-31,DaNang,1453,18,457.1,6460.2,52124.0,2.1
2025-03-31,HaiPhong,1236,14,336.6,4904.4,51136.7,1.84
2025-03-31,CanTho,3378,15,466.0,8194.3,46969.8,1.56
2025-03-31,Online,8880,64,873.1,16571.7,106788.8,2.09
2025-04-01,HN_HeadOffice,2226,30,400.3,7470.7,50255.1,1.54
2025-04-01,HCM_Center,1986,14,454.9,6649.6,16625.1,1.39
2025-04-01,DaNang,2984,17,433.0,3771.8,71457.3,1.66
2025-04-01,HaiPhong,1608,19,360.8,8391.0,42355.2,1.13
2025-04-01,CanTho,1198,14,365.3,8826.3,46680.3,1.53
2025-04-01,Online,7886,66,1068.5,13680.6,73837.7,0.82
2025-04-02,HN_HeadOffice,2901,16,476.0,7616.4,32859.2,1.63
2025-04-02,HCM_Center,2254,25,401.2,7773.8,41515.5,1.93
2025-04-02,DaNang,802,12,339.2,6874.2,40824.3,1.27
2025-04-02,HaiPhong,636,20,338.2,6465.3,36335.3,1.68
2025-04-02,CanTho,626,16,422.6,8816.1,50971.3,1.05
2025-04-02,Online,9262,71,983.7,16106.2,74893.1,2.11
2025-04-03,HN_HeadOffice,2966,17,414.5,6129.2,30967.1,1.83
2025-04-03,HCM_Center,959,17,369.9,10847.3,10000.0,0.83
2025-04-03,DaNang,578,14,353.4,9058.6,24853.8,1.57
2025-04-03,HaiPhong,3379,25,345.7,9589.1,50543.4,2.04
2025-04-03,CanTho,2821,26,419.4,5439.1,41199.5,0.98
2025-04-03,Online,9460,61,933.1,17186.6,91477.6,1.03
2025-04-04,HN_HeadOffice,1619,15,316.2,6184.1,44777.7,1.52
2025-04-04,HCM_Center,2080,19,383.7,5370.7,38311.7,1.33
2025-04-04,DaNang,802,17,437.5,7452.1,68124.9,1.55
2025-04-04,HaiPhong,2514,18,513.5,7779.4,60762.9,1.83
2025-04-04,CanTho,948,14,352.8,5356.3,57545.6,2.09
2025-04-04,Online,12686,71,1014.8,15280.8,119262.8,1.3
2025-04-05,HN_HeadOffice,1868,20,403.8,4240.7,51772.7,0.95
2025-04-05,HCM_Center,3210,14,475.1,7000.9,51521.8,1.31
2025-04-05,DaNang,3023,19,185.8,10184.0,51043.2,1.38
2025-04-05,HaiPhong,1371,16,398.8,2000.0,57987.6,1.41
2025-04-05,CanTho,500,24,455.2,5988.6,35165.4,1.09
2025-04-05,Online,12310,55,706.9,17624.4,114995.1,1.35
2025-04-06,HN_HeadOffice,1876,21,513.1,9772.3,61764.8,2.13
2025-04-06,HCM_Center,2172,21,134.2,7179.1,60898.9,2.0
2025-04-06,DaNang,3046,18,172.4,5543.3,55238.2,2.09
2025-04-06,HaiPhong,746,18,364.1,10228.1,24761.6,1.82
2025-04-06,CanTho,1874,26,394.9,11200.9,47007.9,0.89
2025-04-06,Online,10940,57,953.1,14704.6,76488.7,1.22
2025-04-07,HN_HeadOffice,2186,20,421.5,6915.1,31977.9,2.08
2025-04-07,HCM_Center,2751,26,333.7,10831.9,39684.9,1.01
2025-04-07,DaNang,847,17,537.4,4837.4,38972.5,1.03
2025-04-07,HaiPhong,2453,16,376.0,10038.5,27814.2,1.79
2025-04-07,CanTho,676,23,464.0,7290.4,26426.3,1.15
2025-04-07,Online,10394,57,1160.4,16782.1,93920.8,0.83
2025-04-08,HN_HeadOffice,541,15,166.3,9054.9,41985.2,2.15
2025-04-08,HCM_Center,3311,14,424.8,10253.0,48993.1,1.13
2025-04-08,DaNang,1461,23,211.8,6805.3,33524.0,1.53
2025-04-08,HaiPhong,558,23,321.6,14007.4,35618.4,1.85
2025-04-08,CanTho,2039,26,376.6,6367.0,41029.6,2.11
2025-04-08,Online,6337,66,1165.2,16676.5,106709.8,2.19
2025-04-09,HN_HeadOffice,2267,13,197.7,8270.2,48191.7,0.94
2025-04-09,HCM_Center,2538,19,230.5,11105.0,30628.2,2.06
2025-04-09,DaNang,2495,19,416.2,4387.1,25929.9,0.92
2025-04-09,HaiPhong,2147,20,400.6,11030.6,59065.3,1.0
2025-04-09,CanTho,1644,22,483.6,11967.6,50217.9,1.62
2025-04-09,Online,8403,71,909.8,16186.1,92186.8,0.9
2025-04-10,HN_HeadOffice,1246,19,426.2,6420.0,55636.1,1.29
2025-04-10,HCM_Center,2087,21,253.8,9305.9,33593.5,1.49
2025-04-10,DaNang,772,23,220.2,7805.9,37852.2,1.67
2025-04-10,HaiPhong,1457,20,246.7,4598.8,63490.4,1.12
2025-04-10,CanTho,3280,26,210.2,9345.5,45568.4,1.52
2025-04-10,Online,10746,67,919.1,19088.2,85615.1,1.59
2025-04-11,HN_HeadOffice,1532,14,478.0,6266.2,45710.6,1.15
2025-04-11,HCM_Center,1819,20,268.6,6740.7,20568.6,1.73
2025-04-11,DaNang,1483,23,507.1,8034.2,30438.5,1.71
2025-04-11,HaiPhong,3078,17,223.2,8609.6,44593.9,1.76
2025-04-11,CanTho,2553,14,248.4,4913.3,28301.8,1.29
2025-04-11,Online,8203,66,817.0,14570.8,103220.1,2.03
2025-04-12,HN_HeadOffice,644,19,439.4,7563.4,34919.3,1.8
2025-04-12,HCM_Center,2765,21,319.0,7241.5,52499.1,1.91
2025-04-12,DaNang,1836,18,239.8,6871.2,37490.5,1.28
2025-04-12,HaiPhong,2380,23,297.1,3915.6,45687.3,1.81
2025-04-12,CanTho,1974,17,331.7,7011.1,35643.7,0.86
2025-04-12,Online,7854,63,545.2,14552.2,107551.1,1.89
2025-04-13,HN_HeadOffice,686,15,389.7,7308.4,54760.4,1.25
2025-04-13,HCM_Center,3152,14,213.8,6989.6,55617.2,1.9
2025-04-13,DaNang,602,20,594.4,5660.2,54708.1,1.79
2025-04-13,HaiPhong,1777,18,77.1,7486.7,32539.5,1.53
2025-04-13,CanTho,2305,18,408.0,8290.3,58048.0,2.09
2025-04-13,Online,11560,62,892.7,14918.7,113852.6,1.76
2025-04-14,HN_HeadOffice,2773,20,226.6,8338.2,51650.5,2.09
2025-04-14,HCM_Center,1584,16,499.2,11093.3,51026.8,1.44
2025-04-14,DaNang,2499,36,507.9,9842.8,29964.7,1.9
2025-04-14,HaiPhong,1861,21,282.9,7151.2,74153.8,1.68
2025-04-14,CanTho,3018,27,545.2,6057.1,56165.3,1.18
2025-04-14,Online,6232,66,959.6,18075.3,110849.4,1.62
2025-04-15,HN_HeadOffice,2066,24,369.6,10697.3,40378.1,1.72
2025-04-15,HCM_Center,967,21,351.8,12116.4,52872.4,1.87
2025-04-15,DaNang,1577,18,253.6,7798.7,67838.4,1.97
2025-04-15,HaiPhong,3369,23,300.6,6962.8,50645.0,1.12
2025-04-15,CanTho,2159,24,217.9,8157.5,53291.0,1.63
2025-04-15,Online,12039,58,899.3,15025.1,91485.9,1.19
2025-04-16,HN_HeadOffice,1811,20,372.7,10703.6,52097.6,1.41
2025-04-16,HCM_Center,773,17,277.4,7952.4,60397.2,1.77
2025-04-16,DaNang,2790,20,325.1,9643.2,66080.9,1.62
2025-04-16,HaiPhong,2442,19,238.1,2254.1,36870.3,1.84
2025-04-16,CanTho,696,25,226.6,10684.1,49216.4,1.61
2025-04-16,Online,12209,69,1052.2,14364.2,87186.8,1.53
2025-04-17,HN_HeadOffice,3225,19,239.1,7930.6,41498.9,0.95
2025-04-17,HCM_Center,2874,17,316.4,9737.6,52741.0,1.32
2025-04-17,DaNang,1323,25,281.1,8221.4,40992.2,1.91
2025-04-17,HaiPhong,3050,20,492.3,10352.7,37738.6,1.18
2025-04-17,CanTho,1512,22,317.3,4576.7,49896.6,1.29
2025-04-17,Online,9144,72,945.5,18861.9,98250.1,1.37
2025-04-18,HN_HeadOffice,2550,13,226.6,9346.5,37299.5,1.27
2025-04-18,HCM_Center,966,20,460.5,8575.9,46862.8,1.17
2025-04-18,DaNang,1602,23,369.6,9387.9,35014.4,1.25
2025-04-18,HaiPhong,3430,16,250.2,5516.8,49045.4,1.21
2025-04-18,CanTho,501,19,401.4,9398.0,42612.3,2.1
2025-04-18,Online,8380,74,1028.6,21273.6,96806.3,1.54
2025-04-19,HN_HeadOffice,2806,16,501.7,5318.7,43890.7,0.86
2025-04-19,HCM_Center,3446,22,228.2,9409.1,45953.3,1.63
2025-04-19,DaNang,1000,19,298.9,6368.8,38911.4,1.57
2025-04-19,HaiPhong,2662,17,506.2,10123.0,63675.2,1.39
2025-04-19,CanTho,576,21,213.1,7185.0,39102.6,1.81
2025-04-19,Online,6280,67,929.5,15953.6,113001.3,1.04
2025-04-20,HN_HeadOffice,3419,16,274.4,9606.0,41371.7,1.28
2025-04-20,HCM_Center,3260,17,477.4,10467.9,56807.5,1.88
2025-04-20,DaNang,3335,17,277.5,7425.9,12001.9,2.1
2025-04-20,HaiPhong,3486,21,354.9,9542.6,49540.9,1.3
2025-04-20,CanTho,547,28,434.6,10685.4,37153.2,1.32
2025-04-20,Online,11840,62,992.7,18326.2,91374.8,2.18
2025-04-21,HN_HeadOffice,1507,19,166.8,6683.4,31373.1,1.08
2025-04-21,HCM_Center,1188,18,260.5,7947.5,47428.7,2.08
2025-04-21,DaNang,3011,18,577.5,3979.0,38904.6,0.85
2025-04-21,HaiPhong,2061,23,221.2,6833.5,41180.2,1.23
2025-04-21,CanTho,1778,21,291.9,9645.2,34988.5,2.01
2025-04-21,Online,10289,67,819.9,14957.1,91887.1,0.85
2025-04-22,HN_HeadOffice,2606,19,303.0,9766.5,53290.3,1.35
2025-04-22,HCM_Center,2874,22,346.4,11739.1,35966.5,0.85
2025-04-22,DaNang,3258,23,414.3,5825.2,32551.4,1.11
2025-04-22,HaiPhong,2594,23,287.0,11625.5,41791.4,0.84
2025-04-22,CanTho,2609,22,416.2,7236.8,40070.7,1.31
2025-04-22,Online,8594,73,922.9,18683.7,97227.0,1.62
2025-04-23,HN_HeadOffice,3031,20,469.8,8224.1,46344.2,2.0
2025-04-23,HCM_Center,1420,20,339.2,8650.4,63758.3,1.31
2025-04-23,DaNang,2972,15,362.1,10851.7,46536.2,1.88
2025-04-23,HaiPhong,827,22,282.5,9488.0,42915.9,2.1
2025-04-23,CanTho,1380,17,447.2,9083.5,33036.4,1.56
2025-04-23,Online,11303,57,979.8,18390.1,89013.1,1.77
2025-04-24,HN_HeadOffice,3085,17,468.3,6838.5,39083.7,1.54
2025-04-24,HCM_Center,1177,21,465.3,12554.5,38963.3,1.8
2025-04-24,DaNang,2089,23,302.2,9621.5,27690.6,1.15
2025-04-24,HaiPhong,1768,21,270.0,7899.1,37014.2,1.28
2025-04-24,CanTho,1999,18,426.9,8944.6,44300.8,1.12
2025-04-24,Online,7780,66,952.5,16808.7,73115.7,1.32
2025-04-25,HN_HeadOffice,1829,21,345.0,5365.6,45581.6,0.81
2025-04-25,HCM_Center,2454,18,383.6,12323.0,30361.9,1.18
2025-04-25,DaNang,2361,15,249.0,6032.4,44929.8,1.09
2025-04-25,HaiPhong,2769,26,435.8,7274.5,34607.6,1.9
2025-04-25,CanTho,2857,19,537.6,7861.8,51054.7,1.32
2025-04-25,Online,6677,62,855.4,13756.1,110599.0,1.81
2025-04-26,HN_HeadOffice,1055,13,471.8,8065.1,40061.4,2.03
2025-04-26,HCM_Center,735,27,325.9,7520.9,55210.8,1.44
2025-04-26,DaNang,1937,13,358.7,9456.5,52065.6,1.96
2025-04-26,HaiPhong,3172,25,344.8,10136.3,51414.6,1.34
2025-04-26,CanTho,3480,27,273.3,11705.1,19340.6,1.5
2025-04-26,Online,9769,64,953.2,20415.1,110362.9,1.7
2025-04-27,HN_HeadOffice,3438,17,400.4,6920.3,33368.0,1.76
2025-04-27,HCM_Center,1904,20,158.8,7708.0,46000.4,1.49
2025-04-27,DaNang,2543,25,339.3,5272.6,61393.3,1.65
2025-04-27,HaiPhong,2059,17,451.0,8456.8,63820.2,1.49
2025-04-27,CanTho,3041,21,230.7,13263.0,36025.5,2.13
2025-04-27,Online,6034,71,1021.6,16867.9,110043.2,1.07
2025-04-28,HN_HeadOffice,2461,16,332.0,9672.2,36385.5,1.11
2025-04-28,HCM_Center,3114,19,359.2,8754.8,17617.2,1.51
2025-04-28,DaNang,3398,17,264.4,9248.5,17445.8,1.54
2025-04-28,HaiPhong,2561,18,254.5,5626.6,58765.3,1.24
2025-04-28,CanTho,2187,24,276.4,7356.6,42296.9,1.13
2025-04-28,Online,6270,67,876.8,16487.1,101339.5,1.99
2025-04-29,HN_HeadOffice,1607,13,201.1,3020.2,59898.4,1.58
2025-04-29,HCM_Center,3402,15,230.4,13417.6,31065.7,1.89
2025-04-29,DaNang,602,16,207.2,9927.6,51763.1,1.88
2025-04-29,HaiPhong,2988,23,466.6,9667.1,46815.4,1.56
2025-04-29,CanTho,1158,22,396.2,7812.5,36314.5,1.35
2025-04-29,Online,7205,62,782.4,15950.3,86827.9,1.71
2025-04-30,HN_HeadOffice,1494,26,375.1,9356.9,49621.7,1.43
2025-04-30,HCM_Center,2434,21,428.7,10805.2,41895.5,1.17
2025-04-30,DaNang,2610,13,415.3,5390.9,30051.3,2.2
2025-04-30,HaiPhong,2242,18,402.9,5920.0,38961.7,0.81
2025-04-30,CanTho,2210,14,308.7,9707.0,47445.7,1.11
2025-04-30,Online,12047,63,1096.1,15862.0,83209.0,1.64
2025-05-01,HN_HeadOffice,1057,16,487.4,3962.9,44515.5,1.01
2025-05-01,HCM_Center,1189,25,276.1,6472.9,67396.1,1.01
2025-05-01,DaNang,1288,13,412.9,8211.3,31435.6,0.82
2025-05-01,HaiPhong,2975,24,261.7,9508.8,62181.2,1.68
2025-05-01,CanTho,2330,16,349.3,8397.0,43479.9,0.83
2025-05-01,Online,12874,76,1046.4,14006.5,95109.0,1.05
2025-05-02,HN_HeadOffice,3113,20,351.1,8957.4,41705.5,1.91
2025-05-02,HCM_Center,2226,16,269.4,9369.1,44435.7,1.04
2025-05-02,DaNang,743,17,246.3,5564.4,38565.0,1.72
2025-05-02,HaiPhong,2989,17,468.1,9504.0,42522.4,1.01
2025-05-02,CanTho,1960,22,197.2,9725.3,39679.0,2.19
2025-05-02,Online,9557,63,1013.4,18994.7,100670.8,1.2
2025-05-03,HN_HeadOffice,3485,21,428.1,7326.3,73095.9,1.57
2025-05-03,HCM_Center,3041,10,434.5,9104.1,46512.1,1.18
2025-05-03,DaNang,986,25,301.3,5780.1,16041.1,1.25
2025-05-03,HaiPhong,2171,20,403.9,9894.0,48563.0,1.07
2025-05-03,CanTho,1782,16,430.8,9148.2,45288.7,1.77
2025-05-03,Online,11981,68,983.4,15605.0,86476.0,1.28
2025-05-04,HN_HeadOffice,1298,23,311.6,4678.1,66200.5,1.81
2025-05-04,HCM_Center,3401,15,344.8,7112.6,25609.1,1.53
2025-05-04,DaNang,791,19,191.7,7657.8,31195.0,1.55
2025-05-04,HaiPhong,554,20,506.4,10227.9,49900.8,1.76
2025-05-04,CanTho,2730,21,275.6,6466.1,41290.8,0.97
2025-05-04,Online,11669,82,942.4,15733.0,87505.1,1.36
2025-05-05,HN_HeadOffice,3180,21,345.8,6471.3,24759.3,1.14
2025-05-05,HCM_Center,3371,20,195.5,7352.8,50001.4,1.78
2025-05-05,DaNang,1747,17,304.4,7847.9,55903.8,1.98
2025-05-05,HaiPhong,1672,22,591.1,8633.8,57691.7,1.05
2025-05-05,CanTho,2813,17,259.1,9718.6,52337.6,0.9
2025-05-05,Online,7308,54,931.4,18439.6,93319.1,1.63
2025-05-06,HN_HeadOffice,1893,22,362.1,8538.0,32053.0,1.82
2025-05-06,HCM_Center,3494,16,596.1,6642.2,36087.1,1.09
2025-05-06,DaNang,972,17,388.3,7272.6,37686.6,1.13
2025-05-06,HaiPhong,1389,18,434.5,10200.1,45205.4,2.17
2025-05-06,CanTho,2779,11,344.2,7484.2,30456.6,1.88
2025-05-06,Online,11830,55,845.9,15792.6,91965.7,0.95
2025-05-07,HN_HeadOffice,3370,19,422.4,10876.1,50407.6,1.27
2025-05-07,HCM_Center,3256,26,403.6,6837.5,40551.7,0.85
2025-05-07,DaNang,3222,18,503.1,7009.5,60712.0,1.56
2025-05-07,HaiPhong,1167,27,320.9,12759.6,18155.1,1.9
2025-05-07,CanTho,756,18,502.7,12468.7,41169.8,1.98
2025-05-07,Online,7397,65,867.9,14222.2,97292.8,1.88
2025-05-08,HN_HeadOffice,1485,21,314.2,9455.8,52116.1,1.32
2025-05-08,HCM_Center,1731,25,346.3,7864.3,48012.8,1.67
2025-05-08,DaNang,3274,23,490.0,8301.9,26557.2,0.82
2025-05-08,HaiPhong,3341,17,282.7,7071.9,68141.2,1.68
2025-05-08,CanTho,1021,18,281.8,5956.8,46546.2,1.67
2025-05-08,Online,10348,67,873.8,20185.7,100755.4,1.19
2025-05-09,HN_HeadOffice,1613,24,509.1,6444.4,61266.3,1.85
2025-05-09,HCM_Center,821,15,569.3,6735.5,43921.7,1.91
2025-05-09,DaNang,976,18,300.3,9160.8,41702.5,1.88
2025-05-09,HaiPhong,998,24,665.9,6534.0,34561.9,1.94
2025-05-09,CanTho,2075,20,403.7,7884.6,49237.2,1.53
2025-05-09,Online,6013,69,861.1,17492.0,85016.6,1.42
2025-05-10,HN_HeadOffice,2999,13,456.7,9443.7,34775.8,1.29
2025-05-10,HCM_Center,1430,24,299.5,12676.4,47792.1,2.13
2025-05-10,DaNang,2094,26,204.0,6636.3,46745.4,0.85
2025-05-10,HaiPhong,1178,23,427.6,7342.5,51029.2,1.02
2025-05-10,CanTho,2295,19,306.0,11811.5,30940.1,1.86
2025-05-10,Online,7370,60,891.7,18197.9,85073.1,0.95
2025-05-11,HN_HeadOffice,1454,16,431.7,10142.9,40572.7,1.01
2025-05-11,HCM_Center,1025,17,451.3,7480.8,60426.2,1.87
2025-05-11,DaNang,594,15,324.0,9207.7,44429.6,1.08
2025-05-11,HaiPhong,2353,25,422.4,6813.2,50572.5,0.97
2025-05-11,CanTho,2592,23,351.1,10046.7,35588.8,2.08
2025-05-11,Online,11134,68,1010.3,17563.6,106155.2,1.86
2025-05-12,HN_HeadOffice,1727,19,508.7,9258.0,50317.8,0.8
2025-05-12,HCM_Center,1327,24,470.0,8508.7,27460.9,0.85
2025-05-12,DaNang,747,22,522.3,8390.3,29378.6,0.99
2025-05-12,HaiPhong,824,20,391.7,10519.0,54910.5,2.15
2025-05-12,CanTho,1990,19,489.0,9722.5,37554.6,1.37
2025-05-12,Online,6763,63,915.6,12499.0,90507.0,2.15
2025-05-13,HN_HeadOffice,3256,21,478.8,7774.2,45166.3,1.44
2025-05-13,HCM_Center,2740,24,320.9,6320.2,50253.1,1.82
2025-05-13,DaNang,3457,28,353.3,6531.0,53667.3,1.06
2025-05-13,HaiPhong,2471,23,399.2,8491.4,61874.7,1.87
2025-05-13,CanTho,1780,25,371.0,9497.7,39345.7,0.85
2025-05-13,Online,6902,75,882.7,14762.0,103789.8,1.54
2025-05-14,HN_HeadOffice,1418,31,414.6,7119.4,47872.5,0.92
2025-05-14,HCM_Center,684,22,210.2,10194.3,48224.2,1.94
2025-05-14,DaNang,2790,16,209.5,9461.7,40057.5,1.1
2025-05-14,HaiPhong,1070,24,388.7,9660.9,47995.5,1.15
2025-05-14,CanTho,1398,28,328.8,11777.9,45825.6,1.86
2025-05-14,Online,12227,70,783.1,15590.4,100622.9,1.42
2025-05-15,HN_HeadOffice,3228,20,399.2,6812.2,31301.2,0.99
2025-05-15,HCM_Center,3338,17,302.1,8956.7,35792.2,1.83
2025-05-15,DaNang,1558,20,456.0,4510.2,53464.3,1.67
2025-05-15,HaiPhong,3493,12,380.0,5984.6,58219.4,1.18
2025-05-15,CanTho,3145,20,241.3,7172.4,44981.8,1.57
2025-05-15,Online,11301,70,856.3,11094.6,96183.2,0.84
2025-05-16,HN_HeadOffice,2795,27,186.4,7421.5,38946.1,0.81
2025-05-16,HCM_Center,1047,22,285.4,8537.8,49349.9,2.03
2025-05-16,DaNang,1623,14,397.7,8804.9,34065.5,2.11
2025-05-16,HaiPhong,3055,17,329.9,7360.2,40701.9,1.22
2025-05-16,CanTho,861,21,582.9,4646.6,53292.4,1.21
2025-05-16,Online,6167,63,874.7,17691.1,89750.5,1.69
2025-05-17,HN_HeadOffice,3006,28,423.8,10920.6,22645.6,0.91
2025-05-17,HCM_Center,2503,21,604.4,5759.9,23595.7,1.22
2025-05-17,DaNang,2711,10,487.4,9276.0,41911.4,2.02
2025-05-17,HaiPhong,1597,23,398.3,5543.9,43303.6,1.64
2025-05-17,CanTho,3084,21,447.8,6916.5,43142.0,1.16
2025-05-17,Online,7353,66,869.9,13402.6,73073.1,0.82
2025-05-18,HN_HeadOffice,2285,24,338.8,8812.2,23939.7,1.16
2025-05-18,HCM_Center,1106,22,344.6,8174.0,62880.5,1.28
2025-05-18,DaNang,2070,21,300.3,4157.2,36346.6,1.84
2025-05-18,HaiPhong,3285,19,437.2,5131.7,56604.7,1.27
2025-05-18,CanTho,2328,23,113.6,7018.9,41532.1,1.83
2025-05-18,Online,9223,53,784.7,16781.7,105158.7,1.52
2025-05-19,HN_HeadOffice,2399,23,286.1,3436.0,56558.0,2.19
2025-05-19,HCM_Center,3011,16,265.6,7810.0,55289.6,0.98
2025-05-19,DaNang,1753,26,124.8,8304.6,37195.0,1.41
2025-05-19,HaiPhong,1283,22,255.8,11095.1,16354.8,1.04
2025-05-19,CanTho,1063,15,382.3,8862.0,43109.6,0.9
2025-05-19,Online,12099,86,862.3,20515.5,78761.3,2.19
2025-05-20,HN_HeadOffice,2136,25,387.7,8003.1,68146.3,1.49
2025-05-20,HCM_Center,2579,20,245.0,9079.1,33947.2,0.89
2025-05-20,DaNang,1605,14,283.0,8455.5,73663.0,1.74
2025-05-20,HaiPhong,1454,22,409.7,9348.6,40609.4,0.97
2025-05-20,CanTho,1172,17,223.2,7753.9,46276.9,2.06
2025-05-20,Online,8465,73,1177.7,17446.8,94928.3,1.15
2025-05-21,HN_HeadOffice,942,29,453.2,11413.0,55476.9,1.54
2025-05-21,HCM_Center,1656,23,423.3,6780.9,47003.8,1.5
2025-05-21,DaNang,2169,17,538.1,7603.9,40936.8,0.85
2025-05-21,HaiPhong,2660,18,432.5,10478.3,34794.9,1.23
2025-05-21,CanTho,2297,19,287.7,9303.2,44549.1,1.98
2025-05-21,Online,12340,66,938.4,11874.7,93850.1,1.33
2025-05-22,HN_HeadOffice,2700,23,365.6,8780.0,24767.7,1.72
2025-05-22,HCM_Center,2669,13,429.7,8741.8,38789.2,1.33
2025-05-22,DaNang,2325,18,394.0,9236.6,47973.3,1.37
2025-05-22,HaiPhong,3481,20,382.4,10493.6,43810.1,1.35
2025-05-22,CanTho,1954,17,427.9,8085.6,40248.4,1.53
2025-05-22,Online,10463,57,888.3,12236.6,99087.6,2.11
2025-05-23,HN_HeadOffice,883,13,199.0,5267.2,29949.9,2.12
2025-05-23,HCM_Center,3199,20,261.4,7789.4,63213.6,1.74
2025-05-23,DaNang,1453,16,315.0,8858.9,57080.3,1.23
2025-05-23,HaiPhong,1885,28,483.7,6261.1,58969.4,0.95
2025-05-23,CanTho,1165,23,346.2,9690.2,44311.3,2.13
2025-05-23,Online,7123,73,860.7,16108.5,58923.6,1.55
2025-05-24,HN_HeadOffice,923,21,223.4,4237.2,37915.5,1.89
2025-05-24,HCM_Center,832,14,330.1,11931.0,46493.5,1.97
2025-05-24,DaNang,2703,24,412.5,5424.1,46006.5,1.57
2025-05-24,HaiPhong,2458,20,593.7,8806.3,42610.1,2.13
2025-05-24,CanTho,2318,13,374.9,8285.5,56327.6,1.4
2025-05-24,Online,9518,61,697.5,16895.1,110077.9,1.15
2025-05-25,HN_HeadOffice,2895,20,228.1,10941.1,40389.7,1.2
2025-05-25,HCM_Center,1733,19,508.4,11515.0,51042.1,1.8
2025-05-25,DaNang,704,17,311.9,10052.6,33726.2,0.91
2025-05-25,HaiPhong,1531,26,383.1,8287.1,45361.1,0.9
2025-05-25,CanTho,2933,19,367.1,7603.7,29570.7,1.08
2025-05-25,Online,7079,69,1004.6,13001.8,100621.1,1.65
2025-05-26,HN_HeadOffice,1850,20,309.9,6112.9,47969.0,2.16
2025-05-26,HCM_Center,609,17,633.8,5861.5,45556.9,1.18
2025-05-26,DaNang,1416,24,217.2,6108.7,49139.3,0.85
2025-05-26,HaiPhong,2447,17,355.5,10188.9,45432.6,1.64
2025-05-26,CanTho,1743,29,331.6,9191.6,26677.5,1.76
2025-05-26,Online,8044,62,934.0,18384.4,84935.5,1.64
2025-05-27,HN_HeadOffice,2630,11,275.8,9870.6,51384.7,1.64
2025-05-27,HCM_Center,1068,18,284.5,12106.3,60020.8,1.93
2025-05-27,DaNang,3026,16,342.3,10560.6,30710.0,1.48
2025-05-27,HaiPhong,3054,18,136.9,11372.4,70690.0,0.83
2025-05-27,CanTho,2488,15,296.1,9277.2,50012.5,2.06
2025-05-27,Online,9293,60,944.5,20752.9,94218.3,2.08
2025-05-28,HN_HeadOffice,3176,24,257.9,7955.8,49117.2,1.94
2025-05-28,HCM_Center,2636,27,162.0,12841.5,48544.1,1.9
2025-05-28,DaNang,1716,19,482.2,4669.7,27694.6,1.41
2025-05-28,HaiPhong,2046,15,315.7,6897.9,51308.3,1.65
2025-05-28,CanTho,2210,15,290.4,7964.7,42522.2,1.35
2025-05-28,Online,11792,79,906.9,17754.2,115709.1,1.39
2025-05-29,HN_HeadOffice,898,20,447.4,8283.3,50965.6,1.19
2025-05-29,HCM_Center,2336,23,402.6,8375.2,48152.3,1.09
2025-05-29,DaNang,2065,20,479.9,7085.2,31599.3,0.97
2025-05-29,HaiPhong,2731,16,407.7,8189.8,60242.7,1.45
2025-05-29,CanTho,1960,15,339.7,9912.0,44500.9,2.04
2025-05-29,Online,6362,73,860.7,19755.2,90606.1,1.71
2025-05-30,HN_HeadOffice,2964,16,444.9,6807.6,29912.3,1.56
2025-05-30,HCM_Center,2976,19,378.6,5946.3,57643.7,1.94
2025-05-30,DaNang,2847,18,254.9,9732.8,58446.8,0.9
2025-05-30,HaiPhong,1241,26,338.8,8175.4,63159.6,1.39
2025-05-30,CanTho,668,23,307.8,8768.6,62832.0,1.59
2025-05-30,Online,12128,78,905.1,16189.5,113904.2,1.64
2025-05-31,HN_HeadOffice,2571,24,242.8,11227.3,48885.7,1.47
2025-05-31,HCM_Center,650,18,499.9,6560.5,46839.0,0.83
2025-05-31,DaNang,3031,15,366.6,11228.7,33614.8,0.97
2025-05-31,HaiPhong,3351,18,419.4,9305.2,55223.2,1.36
2025-05-31,CanTho,1268,21,219.6,8481.5,41730.9,1.94
2025-05-31,Online,10485,52,1000.9,13612.1,87821.3,1.48
2025-06-01,HN_HeadOffice,1420,13,192.8,5693.1,45958.6,1.86
2025-06-01,HCM_Center,1596,22,406.8,11745.0,44830.4,1.69
2025-06-01,DaNang,1178,27,414.6,5729.7,29672.6,1.74
2025-06-01,HaiPhong,3202,21,479.4,8462.6,44474.0,1.84
2025-06-01,CanTho,2838,21,450.6,6630.2,13455.8,1.68
2025-06-01,Online,9095,78,936.4,14928.6,108883.3,1.01
2025-06-02,HN_HeadOffice,2927,17,376.2,9081.9,48925.2,1.86
2025-06-02,HCM_Center,2203,18,142.3,8980.6,43060.1,1.29
2025-06-02,DaNang,1787,22,285.5,7261.6,69592.6,1.38
2025-06-02,HaiPhong,1736,16,368.6,5216.0,57049.0,1.84
2025-06-02,CanTho,547,20,436.8,5497.6,39493.4,1.02
2025-06-02,Online,9424,44,789.6,15751.7,91692.7,1.07
2025-06-03,HN_HeadOffice,562,23,229.3,9361.1,23248.4,1.23
2025-06-03,HCM_Center,1779,20,211.0,10814.4,49389.3,0.92
2025-06-03,DaNang,2962,23,189.2,6424.4,48936.7,1.37
2025-06-03,HaiPhong,1629,22,253.8,9716.9,73927.4,1.88
2025-06-03,CanTho,1986,15,230.5,10717.5,31028.2,2.19
2025-06-03,Online,8504,64,870.8,18036.7,85954.9,1.34
2025-06-04,HN_HeadOffice,1729,20,341.5,6696.8,49368.6,2.04
2025-06-04,HCM_Center,3484,14,298.8,6543.8,41633.4,1.78
2025-06-04,DaNang,669,30,293.5,8171.5,43702.1,1.26
2025-06-04,HaiPhong,2370,6,430.4,8161.0,59567.5,1.33
2025-06-04,CanTho,525,22,384.7,5955.7,39286.5,1.56
2025-06-04,Online,9080,72,1082.6,11334.9,60783.8,1.3
2025-06-05,HN_HeadOffice,1559,22,398.6,8068.4,45113.1,0.83
2025-06-05,HCM_Center,1510,19,440.1,7167.6,42771.8,1.34
2025-06-05,DaNang,943,17,380.7,11341.8,21350.1,0.82
2025-06-05,HaiPhong,2570,20,426.8,9677.8,51118.5,1.76
2025-06-05,CanTho,1808,16,489.1,9114.0,67591.7,2.09
2025-06-05,Online,7546,50,995.5,14334.9,87723.3,1.19
2025-06-06,HN_HeadOffice,822,22,283.4,5074.6,51373.7,2.05
2025-06-06,HCM_Center,905,17,522.9,8587.2,48795.8,1.5
2025-06-06,DaNang,1172,15,334.1,7828.5,64548.3,1.01
2025-06-06,HaiPhong,1280,18,523.0,9512.5,40923.8,1.58
2025-06-06,CanTho,3032,20,251.7,9697.9,42056.3,1.31
2025-06-06,Online,10140,77,1043.7,15910.9,84014.8,1.0
2025-06-07,HN_HeadOffice,1033,15,301.2,6838.7,62947.7,1.22
2025-06-07,HCM_Center,3024,22,346.3,8503.9,42543.5,2.07
2025-06-07,DaNang,553,21,229.4,3595.7,48765.3,2.16
2025-06-07,HaiPhong,1201,17,171.7,12158.1,25297.4,1.36
2025-06-07,CanTho,659,20,506.4,8362.9,49427.2,1.89
2025-06-07,Online,10350,44,707.3,17442.0,100975.0,1.1
2025-06-08,HN_HeadOffice,2523,23,351.0,8983.1,23021.8,0.96
2025-06-08,HCM_Center,2291,12,407.9,7480.6,48554.7,2.02
2025-06-08,DaNang,2555,23,230.6,5063.7,55797.5,1.91
2025-06-08,HaiPhong,2680,15,396.5,9078.1,36528.1,0.83
2025-06-08,CanTho,610,22,360.4,8054.7,48415.8,1.01
2025-06-08,Online,11344,56,1000.6,14033.6,85961.4,1.8
2025-06-09,HN_HeadOffice,1050,24,330.5,9835.0,47833.0,2.16
2025-06-09,HCM_Center,2338,26,417.2,7477.4,48137.7,2.02
2025-06-09,DaNang,3079,21,284.5,2782.8,24921.1,1.21
2025-06-09,HaiPhong,3002,24,473.8,8799.7,41706.4,1.82
2025-06-09,CanTho,793,17,423.0,10643.7,10000.0,1.99
2025-06-09,Online,10054,52,959.2,20515.6,89229.9,1.66
2025-06-10,HN_HeadOffice,2478,21,257.2,8359.0,40326.1,2.13
2025-06-10,HCM_Center,2008,22,295.5,8854.4,62362.4,1.89
2025-06-10,DaNang,2191,10,507.6,7255.3,58692.2,1.85
2025-06-10,HaiPhong,637,21,292.5,8356.3,34910.0,1.62
2025-06-10,CanTho,2892,16,369.2,8385.0,47755.6,2.16
2025-06-10,Online,12483,76,903.9,15167.5,106731.9,1.75
2025-06-11,HN_HeadOffice,3053,19,458.5,10442.5,48283.7,0.82
2025-06-11,HCM_Center,1761,17,391.7,5946.5,46336.3,2.15
2025-06-11,DaNang,1744,16,269.7,7744.0,32359.1,1.07
2025-06-11,HaiPhong,801,23,347.0,9004.3,45961.3,1.13
2025-06-11,CanTho,1432,19,359.2,7013.5,33530.4,1.39
2025-06-11,Online,12120,50,1008.7,16351.7,93163.9,0.9
2025-06-12,HN_HeadOffice,1377,30,535.4,12622.7,31892.5,1.26
2025-06-12,HCM_Center,3130,15,160.8,11685.7,36799.9,1.82
2025-06-12,DaNang,3191,24,382.5,4799.5,41047.3,2.07
2025-06-12,HaiPhong,1735,26,179.6,10497.9,25909.3,1.65
2025-06-12,CanTho,586,26,342.4,8172.9,48561.1,0.96
2025-06-12,Online,11293,57,836.4,17536.8,89188.0,2.14
2025-06-13,HN_HeadOffice,1526,25,567.4,5912.4,49867.4,1.5
2025-06-13,HCM_Center,1392,21,315.1,4152.7,61178.9,1.5
2025-06-13,DaNang,1831,25,370.8,7004.9,41975.0,1.98
2025-06-13,HaiPhong,1633,26,493.7,6632.9,28711.6,1.97
2025-06-13,CanTho,2227,15,334.8,7635.5,41391.5,1.93
2025-06-13,Online,11865,67,1064.1,15008.3,90174.9,1.96
2025-06-14,HN_HeadOffice,2630,23,335.3,6786.0,67140.7,1.09
2025-06-14,HCM_Center,2050,36,228.8,5955.7,45907.9,1.38
2025-06-14,DaNang,2191,14,286.0,8542.1,57907.6,1.93
2025-06-14,HaiPhong,1592,18,379.9,6354.0,41330.6,1.23
2025-06-14,CanTho,3474,13,550.6,13774.9,56030.4,1.94
2025-06-14,Online,7754,60,830.8,15618.1,94126.0,1.0
2025-06-15,HN_HeadOffice,1079,19,332.9,7491.1,37662.3,1.1
2025-06-15,HCM_Center,1002,21,506.5,6837.9,34018.2,1.22
2025-06-15,DaNang,2583,20,470.5,11009.8,71108.8,2.19
2025-06-15,HaiPhong,1287,7,309.6,8045.5,53044.7,1.32
2025-06-15,CanTho,2375,25,562.2,10359.9,31258.3,2.02
2025-06-15,Online,10068,65,884.8,15599.9,92678.7,1.85
2025-06-16,HN_HeadOffice,1157,15,195.8,5246.4,36242.4,1.46
2025-06-16,HCM_Center,2723,24,150.8,7821.7,52561.2,2.06
2025-06-16,DaNang,3483,15,345.7,4742.1,55176.4,1.73
2025-06-16,HaiPhong,2479,25,461.3,6739.2,33182.7,1.58
2025-06-16,CanTho,530,19,421.6,11008.7,32571.3,1.4
2025-06-16,Online,11211,73,1133.0,18066.7,93447.5,1.78
2025-06-17,HN_HeadOffice,994,20,506.4,6483.1,50034.0,2.1
2025-06-17,HCM_Center,739,16,212.6,5637.3,44290.1,2.16
2025-06-17,DaNang,2617,24,284.0,7718.8,49021.7,1.15
2025-06-17,HaiPhong,3397,19,369.8,9532.6,54602.4,2.11
2025-06-17,CanTho,1002,18,371.1,7086.3,52234.9,1.42
2025-06-17,Online,11137,58,1030.6,17016.3,95338.2,0.94
2025-06-18,HN_HeadOffice,518,20,442.5,8409.6,42571.4,2.1
2025-06-18,HCM_Center,3392,25,369.0,9482.9,42671.0,0.86
2025-06-18,DaNang,3194,17,551.6,9228.1,45380.7,1.0
2025-06-18,HaiPhong,2111,14,328.7,10345.4,59223.6,1.96
2025-06-18,CanTho,2095,20,302.6,7409.1,43656.0,0.91
2025-06-18,Online,9562,73,927.3,9623.7,105836.7,1.18
2025-06-19,HN_HeadOffice,707,31,386.5,7052.3,39156.9,1.92
2025-06-19,HCM_Center,1868,25,215.4,9939.5,40711.4,1.53
2025-06-19,DaNang,2561,19,240.1,9269.2,34872.1,2.04
2025-06-19,HaiPhong,1260,17,334.6,7890.2,40406.7,2.03
2025-06-19,CanTho,1850,25,463.9,10383.6,34268.1,1.95
2025-06-19,Online,9494,62,951.6,18868.3,66747.8,2.07
2025-06-20,HN_HeadOffice,1283,29,230.0,9047.9,44273.1,1.36
2025-06-20,HCM_Center,2330,24,328.9,8603.3,53832.2,1.41
2025-06-20,DaNang,3494,28,398.2,8177.0,43587.4,1.86
2025-06-20,HaiPhong,2923,21,379.2,9378.7,38571.7,0.9
2025-06-20,CanTho,1721,18,446.7,5884.8,38776.4,1.93
2025-06-20,Online,8812,58,1038.6,15575.9,94290.4,1.18
2025-06-21,HN_HeadOffice,3132,19,217.7,11426.0,49319.7,1.41
2025-06-21,HCM_Center,1644,18,350.1,4730.0,35942.3,1.61
2025-06-21,DaNang,1595,19,428.6,9161.5,62627.7,1.16
2025-06-21,HaiPhong,2044,22,199.9,8745.3,47065.5,1.73
2025-06-21,CanTho,1353,22,419.1,8427.9,34105.7,1.77
2025-06-21,Online,6191,74,921.5,20714.1,82147.5,2.04
2025-06-22,HN_HeadOffice,2865,12,331.2,8052.0,41222.8,1.78
2025-06-22,HCM_Center,1541,10,314.6,5536.4,55623.4,1.58
2025-06-22,DaNang,1120,14,220.2,5627.1,40170.1,1.25
2025-06-22,HaiPhong,690,16,402.9,5969.7,44725.7,0.8
2025-06-22,CanTho,948,17,297.3,6891.0,51796.5,0.99
2025-06-22,Online,10890,64,983.8,14401.5,112100.4,1.96
2025-06-23,HN_HeadOffice,3285,13,434.4,9073.5,37678.4,1.91
2025-06-23,HCM_Center,3031,13,379.5,5450.5,56617.7,0.82
2025-06-23,DaNang,1391,13,253.9,8288.2,41496.9,1.98
2025-06-23,HaiPhong,2441,19,207.1,8849.4,41616.1,2.05
2025-06-23,CanTho,976,18,241.7,10711.7,39706.8,0.99
2025-06-23,Online,6348,82,878.5,16186.6,91998.3,1.57
2025-06-24,HN_HeadOffice,2590,14,307.7,6452.5,49825.9,1.21
2025-06-24,HCM_Center,2370,22,437.3,9462.1,44879.1,1.4
2025-06-24,DaNang,3185,21,396.4,10467.8,32221.4,1.72
2025-06-24,HaiPhong,1022,23,286.1,6647.1,25360.6,2.11
2025-06-24,CanTho,3194,21,492.9,10540.7,50674.7,1.47
2025-06-24,Online,10850,65,864.2,16384.1,79224.2,2.06
2025-06-25,HN_HeadOffice,3099,20,215.3,8313.5,45775.7,1.81
2025-06-25,HCM_Center,592,18,377.4,10409.2,48367.6,0.81
2025-06-25,DaNang,3223,12,454.8,12622.8,38010.0,0.87
2025-06-25,HaiPhong,3175,21,579.8,5399.6,48703.5,1.48
2025-06-25,CanTho,2347,22,468.9,7506.0,65693.2,1.45
2025-06-25,Online,9422,76,997.9,16860.9,97112.3,0.84
2025-06-26,HN_HeadOffice,1772,16,400.5,5375.9,29965.0,1.17
2025-06-26,HCM_Center,1255,20,394.5,6189.3,31694.7,0.93
2025-06-26,DaNang,581,19,374.2,9630.9,36822.4,1.29
2025-06-26,HaiPhong,809,27,378.9,10463.9,52382.1,1.74
2025-06-26,CanTho,2452,22,296.6,7385.0,34632.8,2.09
2025-06-26,Online,10113,67,905.1,14271.9,94390.1,1.77
2025-06-27,HN_HeadOffice,2962,23,334.7,7709.8,46476.5,1.96
2025-06-27,HCM_Center,1041,17,148.4,10555.6,50664.5,1.82
2025-06-27,DaNang,2317,16,291.7,9039.5,47041.2,1.29
2025-06-27,HaiPhong,2897,21,451.7,6344.1,43502.1,2.04
2025-06-27,CanTho,995,21,439.5,6326.7,53332.4,1.85
2025-06-27,Online,7173,80,986.6,17403.2,97162.1,1.55
2025-06-28,HN_HeadOffice,3250,16,199.5,8702.2,36060.8,0.85
2025-06-28,HCM_Center,2642,14,396.5,4365.7,43424.4,1.28
2025-06-28,DaNang,1348,14,342.7,5912.2,62063.3,1.16
2025-06-28,HaiPhong,2860,13,162.0,9522.8,46640.8,1.75
2025-06-28,CanTho,1147,17,379.2,5596.7,40367.3,0.85
2025-06-28,Online,12098,60,1002.0,16331.2,104281.1,0.82
2025-06-29,HN_HeadOffice,1657,21,246.6,5236.9,30835.4,1.33
2025-06-29,HCM_Center,1554,16,547.0,10545.2,58126.9,1.36
2025-06-29,DaNang,3422,29,250.6,8829.7,37442.1,1.49
2025-06-29,HaiPhong,2316,19,50.0,9297.1,35734.0,0.95
2025-06-29,CanTho,2698,21,224.1,11241.9,42303.8,2.09
2025-06-29,Online,12126,51,702.9,17256.3,105000.1,1.13
2025-06-30,HN_HeadOffice,670,20,227.3,9278.2,26427.6,1.92
2025-06-30,HCM_Center,1801,19,215.9,10107.5,54692.0,1.68
2025-06-30,DaNang,3423,20,329.3,8953.1,38559.9,1.08
2025-06-30,HaiPhong,3350,21,306.0,6661.7,48743.1,2.17
2025-06-30,CanTho,2108,23,335.8,7471.0,71232.0,0.89
2025-06-30,Online,7874,67,932.9,17206.2,84433.4,1.54
2025-07-01,HN_HeadOffice,1510,15,536.8,11302.2,45135.9,1.7
2025-07-01,HCM_Center,894,25,388.0,6655.1,40031.3,1.96
2025-07-01,DaNang,1629,10,411.6,11229.6,50657.7,1.94
2025-07-01,HaiPhong,2408,25,354.0,10016.5,33432.9,1.47
2025-07-01,CanTho,962,18,596.7,7646.9,51370.1,1.21
2025-07-01,Online,7773,75,816.7,17294.6,71698.8,1.37
2025-07-02,HN_HeadOffice,2214,18,257.5,12433.0,45891.3,0.92
2025-07-02,HCM_Center,2741,19,442.9,7426.6,41063.1,1.43
2025-07-02,DaNang,978,25,349.9,8404.8,51534.7,1.57
2025-07-02,HaiPhong,1441,18,580.4,8781.7,52446.8,1.73
2025-07-02,CanTho,2728,19,404.0,10476.1,52115.2,1.47
2025-07-02,Online,10641,63,1006.6,17464.7,87435.6,1.16
2025-07-03,HN_HeadOffice,2266,15,236.1,7928.7,31986.7,1.85
2025-07-03,HCM_Center,1203,21,489.3,10832.9,57672.1,1.74
2025-07-03,DaNang,735,25,355.2,9709.5,42962.7,1.65
2025-07-03,HaiPhong,1375,29,428.1,9860.0,34551.1,1.35
2025-07-03,CanTho,3237,21,395.7,4097.0,52410.3,1.87
2025-07-03,Online,6473,78,846.4,18346.2,96123.9,1.71
2025-07-04,HN_HeadOffice,1842,21,411.8,7679.3,50382.8,1.46
2025-07-04,HCM_Center,686,20,405.7,9522.3,65532.6,2.14
2025-07-04,DaNang,1549,17,385.1,9718.6,30476.7,1.14
2025-07-04,HaiPhong,2214,33,393.1,9241.6,54374.0,1.84
2025-07-04,CanTho,1879,15,380.5,8951.0,36541.8,1.45
2025-07-04,Online,7689,71,1266.7,16431.9,81374.9,2.07
2025-07-05,HN_HeadOffice,3145,14,425.9,9750.2,26234.1,1.09
2025-07-05,HCM_Center,1916,17,635.9,8220.0,50407.2,1.49
2025-07-05,DaNang,2937,17,233.5,4240.9,45492.3,1.89
2025-07-05,HaiPhong,2758,18,345.2,9972.6,58011.2,1.41
2025-07-05,CanTho,1708,21,325.3,12187.8,60112.0,1.74
2025-07-05,Online,12005,72,757.5,16542.9,97530.0,1.27
2025-07-06,HN_HeadOffice,1194,22,551.9,10136.1,34524.4,1.77
2025-07-06,HCM_Center,2080,17,543.2,8060.9,52997.7,1.88
2025-07-06,DaNang,1307,16,327.4,8496.2,25521.0,1.84
2025-07-06,HaiPhong,668,28,380.8,7913.2,50143.2,1.56
2025-07-06,CanTho,2800,17,362.5,5899.4,43683.8,1.66
2025-07-06,Online,9249,72,899.2,16462.3,85438.5,1.52
2025-07-07,HN_HeadOffice,1709,19,290.0,4780.9,41967.1,1.3
2025-07-07,HCM_Center,1142,18,251.8,11165.1,56866.5,1.45
2025-07-07,DaNang,3074,15,539.1,6978.3,61628.0,1.38
2025-07-07,HaiPhong,3255,19,364.5,7611.2,49943.3,1.19
2025-07-07,CanTho,3447,22,665.4,11342.3,64172.5,0.85
2025-07-07,Online,9965,67,907.0,19829.3,81582.9,1.75
2025-07-08,HN_HeadOffice,1103,33,329.7,11782.0,49429.8,1.82
2025-07-08,HCM_Center,3455,25,213.0,8341.0,35805.4,1.46
2025-07-08,DaNang,1965,11,345.5,7713.0,46628.1,1.4
2025-07-08,HaiPhong,1940,22,217.9,11442.6,63766.4,1.44
2025-07-08,CanTho,1780,22,393.5,6917.4,44986.8,1.86
2025-07-08,Online,9726,72,1025.7,13742.8,92500.0,0.92
2025-07-09,HN_HeadOffice,981,23,327.4,8125.1,46153.3,1.65
2025-07-09,HCM_Center,1423,22,265.9,6915.7,45593.7,1.62
2025-07-09,DaNang,1735,14,269.8,6131.8,54695.7,0.8
2025-07-09,HaiPhong,3484,20,349.8,5742.3,64055.9,0.97
2025-07-09,CanTho,2649,14,409.0,8016.0,42987.0,1.24
2025-07-09,Online,12191,72,782.4,19198.7,128997.8,1.69
2025-07-10,HN_HeadOffice,3307,18,495.6,8623.7,61471.9,1.54
2025-07-10,HCM_Center,2900,17,353.1,11206.4,31746.5,1.82
2025-07-10,DaNang,3001,21,114.3,11652.6,58893.5,1.49
2025-07-10,HaiPhong,1954,24,50.0,11187.0,46497.7,0.95
2025-07-10,CanTho,1677,29,227.9,6388.0,34996.0,1.11
2025-07-10,Online,11835,49,854.1,19232.0,82282.9,0.88
2025-07-11,HN_HeadOffice,1668,17,445.0,6181.6,55855.9,1.19
2025-07-11,HCM_Center,3392,16,369.6,6913.6,33491.9,2.06
2025-07-11,DaNang,683,20,530.2,7165.7,38700.7,1.67
2025-07-11,HaiPhong,539,19,294.9,5768.4,62480.0,1.56
2025-07-11,CanTho,1194,10,390.6,9871.3,25565.1,1.71
2025-07-11,Online,6023,69,1080.6,18281.1,99893.8,1.5
2025-07-12,HN_HeadOffice,997,24,411.8,7389.0,53150.7,2.0
2025-07-12,HCM_Center,1191,18,401.8,11254.2,33076.3,1.85
2025-07-12,DaNang,2627,25,496.5,7624.6,34605.6,1.87
2025-07-12,HaiPhong,1223,17,292.3,9745.1,34422.0,2.07
2025-07-12,CanTho,3199,26,347.9,9020.2,57441.4,1.44
2025-07-12,Online,6356,51,917.4,11963.4,95900.0,1.69
2025-07-13,HN_HeadOffice,3463,16,251.5,9743.5,25292.4,1.69
2025-07-13,HCM_Center,2249,17,274.1,8070.7,42158.9,1.49
2025-07-13,DaNang,2987,20,402.5,8400.5,45386.7,2.06
2025-07-13,HaiPhong,567,18,353.5,9448.2,59982.3,1.46
2025-07-13,CanTho,1578,18,414.1,9305.9,48469.7,2.13
2025-07-13,Online,7367,65,973.7,18527.7,81280.2,2.06
2025-07-14,HN_HeadOffice,3471,24,427.6,5565.0,38963.2,2.08
2025-07-14,HCM_Center,1130,24,307.0,11597.3,56257.0,1.9
2025-07-14,DaNang,3450,27,298.0,6807.8,48196.8,1.43
2025-07-14,HaiPhong,2474,13,204.8,8486.7,52268.6,1.18
2025-07-14,CanTho,2095,21,372.4,5986.6,52107.6,1.39
2025-07-14,Online,10549,60,955.6,14448.2,91383.8,0.92
2025-07-15,HN_HeadOffice,2358,21,245.4,9058.4,70469.3,1.54
2025-07-15,HCM_Center,2266,25,424.7,7050.1,24178.8,1.05
2025-07-15,DaNang,1139,29,330.3,8484.1,55375.1,1.88
2025-07-15,HaiPhong,928,19,144.3,6135.9,46998.1,1.24
2025-07-15,CanTho,3406,29,294.0,7716.0,47561.6,1.62
2025-07-15,Online,12637,65,731.4,16405.7,99959.1,2.02
2025-07-16,HN_HeadOffice,1590,21,345.9,6674.8,57180.2,0.81
2025-07-16,HCM_Center,771,20,350.4,5922.7,45120.5,1.49
2025-07-16,DaNang,951,16,457.5,5705.3,36341.2,1.47
2025-07-16,HaiPhong,693,29,341.8,7596.6,49334.4,2.06
2025-07-16,CanTho,3095,16,375.9,9893.8,35477.9,0.99
2025-07-16,Online,11211,70,847.4,16547.5,105539.9,1.36
2025-07-17,HN_HeadOffice,1602,11,403.5,9711.8,46760.4,1.45
2025-07-17,HCM_Center,2308,13,311.5,4933.8,54939.8,1.9
2025-07-17,DaNang,729,26,292.3,8420.1,24901.2,1.59
2025-07-17,HaiPhong,1916,17,401.9,7627.5,35120.9,1.04
2025-07-17,CanTho,2715,19,216.6,5879.0,40268.4,2.07
2025-07-17,Online,7039,61,975.7,18267.4,86623.1,1.69
2025-07-18,HN_HeadOffice,538,24,202.9,11601.9,55785.2,1.83
2025-07-18,HCM_Center,3420,18,338.1,9852.9,44775.9,1.15
2025-07-18,DaNang,2763,24,328.8,7655.7,57379.5,1.07
2025-07-18,HaiPhong,2614,19,290.8,7748.0,43184.2,1.67
2025-07-18,CanTho,597,16,482.5,6433.4,56095.0,1.67
2025-07-18,Online,6376,60,1051.3,20776.6,89266.9,1.8
2025-07-19,HN_HeadOffice,629,30,197.4,10137.0,46939.3,1.16
2025-07-19,HCM_Center,3460,19,448.8,8983.5,54780.6,1.63
2025-07-19,DaNang,580,25,382.4,4363.4,54225.8,1.22
2025-07-19,HaiPhong,1559,26,212.0,6015.9,44501.5,0.83
2025-07-19,CanTho,3328,19,348.3,10095.9,20180.4,0.81
2025-07-19,Online,7321,49,974.5,15908.5,101000.1,1.17
2025-07-20,HN_HeadOffice,763,25,419.5,8909.3,39114.0,1.5
2025-07-20,HCM_Center,1390,11,287.7,6120.2,51820.3,1.05
2025-07-20,DaNang,2155,15,329.8,11824.4,40671.1,1.67
2025-07-20,HaiPhong,1127,13,469.7,10222.0,31744.7,1.97
2025-07-20,CanTho,1200,25,305.0,7430.2,27928.1,1.88
2025-07-20,Online,10839,71,915.0,15744.7,99645.6,0.92
2025-07-21,HN_HeadOffice,1794,22,329.5,7283.3,35905.4,2.04
2025-07-21,HCM_Center,2628,18,301.1,7805.9,63569.8,1.2
2025-07-21,DaNang,3072,13,233.3,3978.9,35800.8,0.87
2025-07-21,HaiPhong,2892,14,222.9,7432.6,58058.1,0.91
2025-07-21,CanTho,2197,22,376.4,4674.7,42561.2,1.04
2025-07-21,Online,9415,78,727.8,16702.6,99946.9,1.15
2025-07-22,HN_HeadOffice,2745,18,425.9,8895.6,54726.5,2.19
2025-07-22,HCM_Center,2284,26,185.0,9044.3,73261.8,1.99
2025-07-22,DaNang,2913,18,292.2,7396.2,59364.8,2.16
2025-07-22,HaiPhong,1485,17,515.4,13255.6,47267.6,1.2
2025-07-22,CanTho,3071,21,324.3,8725.1,47347.9,1.37
2025-07-22,Online,7893,45,1085.4,16281.9,99983.3,1.37
2025-07-23,HN_HeadOffice,666,18,265.4,6593.0,59755.8,1.64
2025-07-23,HCM_Center,2111,21,462.7,12078.3,32820.5,1.2
2025-07-23,DaNang,2596,24,313.7,7365.6,58744.9,1.28
2025-07-23,HaiPhong,2525,21,470.7,6452.5,40410.5,2.13
2025-07-23,CanTho,1245,12,348.7,6063.5,25971.9,1.7
2025-07-23,Online,6411,75,810.9,17662.8,114767.2,2.03
2025-07-24,HN_HeadOffice,3337,11,183.5,8612.6,62145.3,1.55
2025-07-24,HCM_Center,1819,11,328.0,13179.2,34490.2,1.68
2025-07-24,DaNang,1162,21,250.4,5113.0,46249.8,1.2
2025-07-24,HaiPhong,3141,26,497.5,7359.6,50524.5,1.33
2025-07-24,CanTho,1933,26,253.0,10752.1,42013.9,1.53
2025-07-24,Online,12553,65,903.3,17070.4,95284.3,1.82
2025-07-25,HN_HeadOffice,2531,24,439.8,8481.8,49000.3,2.05
2025-07-25,HCM_Center,1901,18,432.7,8451.0,40113.9,1.61
2025-07-25,DaNang,2492,22,382.0,11668.4,49638.4,1.9
2025-07-25,HaiPhong,2379,18,334.2,4195.9,43050.8,1.3
2025-07-25,CanTho,1145,14,571.3,10430.6,49580.8,1.0
2025-07-25,Online,11187,54,728.0,12894.7,84754.2,0.93
2025-07-26,HN_HeadOffice,1740,23,282.4,7143.9,32038.6,1.11
2025-07-26,HCM_Center,2118,18,317.0,8849.4,42589.8,1.44
2025-07-26,DaNang,1523,24,254.0,3991.5,37439.8,1.44
2025-07-26,HaiPhong,3406,30,298.8,7225.6,41406.0,1.38
2025-07-26,CanTho,2796,21,257.8,7587.4,48811.4,1.58
2025-07-26,Online,8355,69,907.6,16261.6,100015.3,1.31
2025-07-27,HN_HeadOffice,1690,12,409.0,10660.0,46376.6,0.89
2025-07-27,HCM_Center,1138,16,290.1,5791.3,50959.5,1.49
2025-07-27,DaNang,2916,27,273.8,9566.0,71114.6,1.13
2025-07-27,HaiPhong,714,18,429.7,7556.0,51805.4,0.81
2025-07-27,CanTho,2372,21,227.4,5253.9,24776.5,2.19
2025-07-27,Online,6608,57,1038.0,18572.2,84142.1,1.08
2025-07-28,HN_HeadOffice,2801,25,116.0,12670.7,34500.8,1.45
2025-07-28,HCM_Center,2681,21,137.4,11592.6,64638.4,1.08
2025-07-28,DaNang,2621,24,266.4,6884.2,48567.1,1.65
2025-07-28,HaiPhong,2365,22,270.0,5560.9,64249.3,1.24
2025-07-28,CanTho,1488,12,450.0,4429.9,51703.6,1.52
2025-07-28,Online,11335,61,933.4,16616.5,75703.8,1.23
2025-07-29,HN_HeadOffice,1960,21,378.6,11144.2,61006.5,1.6
2025-07-29,HCM_Center,771,21,281.7,6670.6,39495.4,1.85
2025-07-29,DaNang,2180,37,399.8,12123.4,47088.5,2.03
2025-07-29,HaiPhong,527,25,478.9,6186.7,27596.6,1.94
2025-07-29,CanTho,2453,14,445.5,5376.9,46163.0,0.86
2025-07-29,Online,7105,58,1163.6,14943.0,74943.3,1.09
2025-07-30,HN_HeadOffice,2489,16,132.2,7760.0,52379.7,1.34
2025-07-30,HCM_Center,1344,20,253.5,11995.4,57978.4,1.22
2025-07-30,DaNang,2227,26,151.7,9240.1,47992.0,1.44
2025-07-30,HaiPhong,3344,29,345.7,3522.6,47246.4,0.89
2025-07-30,CanTho,2767,19,316.5,6441.5,57978.0,2.01
2025-07-30,Online,12533,59,811.7,14874.8,101282.4,2.02
2025-07-31,HN_HeadOffice,3292,13,257.0,8117.4,46623.8,2.08
2025-07-31,HCM_Center,1589,20,153.7,6992.7,38460.4,1.84
2025-07-31,DaNang,1994,18,411.4,9982.0,55449.2,1.15
2025-07-31,HaiPhong,2370,24,278.3,9321.0,38191.0,1.76
2025-07-31,CanTho,795,19,458.3,6090.0,46136.3,1.43
2025-07-31,Online,11460,64,862.3,14108.0,75562.0,2.01
2025-08-01,HN_HeadOffice,1984,25,307.3,8351.3,48371.5,1.01
2025-08-01,HCM_Center,668,22,360.8,7769.8,58520.8,1.83
2025-08-01,DaNang,1730,17,364.5,6982.5,35948.6,0.82
2025-08-01,HaiPhong,637,20,531.4,7558.0,66839.0,2.03
2025-08-01,CanTho,3163,14,436.6,9251.6,55331.2,1.41
2025-08-01,Online,10220,55,915.5,16361.5,87980.8,0.98
2025-08-02,HN_HeadOffice,821,25,349.7,7257.6,61125.0,1.78
2025-08-02,HCM_Center,1024,22,312.2,7457.3,53066.3,2.15
2025-08-02,DaNang,1698,19,215.5,10475.9,47521.1,2.14
2025-08-02,HaiPhong,3428,24,290.7,6419.4,26358.9,1.46
2025-08-02,CanTho,3358,21,493.9,2003.4,44472.9,1.15
2025-08-02,Online,6756,62,969.4,20548.8,78530.1,1.52
2025-08-03,HN_HeadOffice,2925,22,495.9,7839.3,60766.2,1.66
2025-08-03,HCM_Center,1382,20,349.2,8842.8,28439.8,1.47
2025-08-03,DaNang,2852,25,446.1,7738.2,63047.3,1.11
2025-08-03,HaiPhong,773,18,562.5,8292.6,32923.2,1.51
2025-08-03,CanTho,1067,19,348.7,8806.0,45327.1,1.17
2025-08-03,Online,8185,64,898.5,14430.2,75487.4,2.19
2025-08-04,HN_HeadOffice,1275,20,394.9,7637.1,44398.7,2.15
2025-08-04,HCM_Center,1714,17,280.4,6198.2,67482.9,1.45
2025-08-04,DaNang,2939,22,357.1,8323.3,42693.1,1.29
2025-08-04,HaiPhong,3320,22,255.0,10464.1,51454.5,1.92
2025-08-04,CanTho,2104,18,491.6,7062.3,39256.5,1.81
2025-08-04,Online,12298,61,914.1,16464.8,122491.4,1.93
2025-08-05,HN_HeadOffice,1904,18,332.2,8577.0,34825.7,1.92
2025-08-05,HCM_Center,746,24,302.1,9266.1,44179.2,1.18
2025-08-05,DaNang,1746,17,255.4,7486.2,46076.4,1.4
2025-08-05,HaiPhong,2054,14,421.8,9770.5,38550.1,2.16
2025-08-05,CanTho,501,22,353.5,4019.5,35049.5,1.84
2025-08-05,Online,8914,65,887.5,20462.8,102572.7,1.44
2025-08-06,HN_HeadOffice,516,22,449.4,5715.2,57011.8,1.94
2025-08-06,HCM_Center,3383,19,393.0,8776.5,62326.5,1.3
2025-08-06,DaNang,930,28,452.7,6166.1,36122.4,1.72
2025-08-06,HaiPhong,680,19,231.9,6250.2,49824.1,2.11
2025-08-06,CanTho,720,23,408.2,10411.2,38879.4,1.84
2025-08-06,Online,12637,65,779.8,13739.8,99853.2,1.52
2025-08-07,HN_HeadOffice,2159,15,533.6,5082.3,60242.6,1.42
2025-08-07,HCM_Center,1200,17,261.2,9101.6,47370.8,1.74
2025-08-07,DaNang,1641,23,104.4,5774.0,46300.3,1.3
2025-08-07,HaiPhong,1519,23,432.1,11359.3,61871.9,0.83
2025-08-07,CanTho,999,16,273.0,7808.0,49023.4,2.06
2025-08-07,Online,6519,71,834.2,17629.6,103923.6,1.46
2025-08-08,HN_HeadOffice,2512,16,295.5,6036.8,51887.5,1.34
2025-08-08,HCM_Center,3054,22,412.9,6645.6,37034.5,1.5
2025-08-08,DaNang,742,24,337.3,4923.5,42440.2,1.9
2025-08-08,HaiPhong,1154,19,349.0,10276.7,46591.5,1.81
2025-08-08,CanTho,1231,21,395.7,9113.8,46180.9,0.97
2025-08-08,Online,8212,59,946.1,17714.2,108019.6,1.16
2025-08-09,HN_HeadOffice,2562,21,368.2,4896.5,55424.5,1.44
2025-08-09,HCM_Center,1739,25,417.2,8908.4,54347.3,1.54
2025-08-09,DaNang,2978,18,258.9,7474.8,30882.3,1.05
2025-08-09,HaiPhong,3049,21,322.4,10287.7,51112.9,1.02
2025-08-09,CanTho,2760,18,320.1,4958.7,37736.0,1.64
2025-08-09,Online,12327,63,864.4,18003.5,90856.9,1.84
2025-08-10,HN_HeadOffice,2432,18,339.4,11588.5,40317.8,0.91
2025-08-10,HCM_Center,2812,20,500.4,4188.2,48402.8,1.5
2025-08-10,DaNang,2428,20,305.4,7655.9,41154.3,1.32
2025-08-10,HaiPhong,1908,24,483.6,9083.9,42757.1,2.07
2025-08-10,CanTho,690,26,521.6,4648.5,54809.1,0.93
2025-08-10,Online,7428,77,945.3,17751.2,122563.8,1.23
2025-08-11,HN_HeadOffice,2063,17,259.1,7559.3,47135.0,1.37
2025-08-11,HCM_Center,1186,22,377.2,5701.8,47472.3,1.16
2025-08-11,DaNang,2698,21,493.7,10204.2,65695.8,1.46
2025-08-11,HaiPhong,1034,24,394.9,9181.7,49526.8,2.03
2025-08-11,CanTho,1834,21,305.2,5321.2,49876.6,2.06
2025-08-11,Online,7925,65,934.6,15099.6,92423.1,1.75
2025-08-12,HN_HeadOffice,3362,27,396.2,10719.5,43506.7,1.4
2025-08-12,HCM_Center,2585,12,511.4,6604.3,36776.6,1.13
2025-08-12,DaNang,1776,24,388.0,9557.5,39480.4,1.36
2025-08-12,HaiPhong,1982,18,393.5,10430.3,45646.5,1.85
2025-08-12,CanTho,1231,31,478.6,6192.2,27596.5,2.05
2025-08-12,Online,12951,69,908.5,17216.6,97998.1,2.16
2025-08-13,HN_HeadOffice,2887,18,251.4,5728.5,48114.3,1.3
2025-08-13,HCM_Center,2936,13,213.2,6040.6,60310.3,1.59
2025-08-13,DaNang,1709,26,338.2,10578.6,44552.1,0.86
2025-08-13,HaiPhong,3273,17,461.2,6333.0,52213.2,0.9
2025-08-13,CanTho,1537,20,382.2,8060.9,31064.5,1.1
2025-08-13,Online,9527,63,715.9,18076.2,107905.5,1.87
2025-08-14,HN_HeadOffice,2657,26,356.6,10992.7,50475.7,1.37
2025-08-14,HCM_Center,1476,24,254.1,7512.2,56291.7,1.72
2025-08-14,DaNang,2370,21,490.7,7680.3,42469.4,2.06
2025-08-14,HaiPhong,3441,13,265.0,9080.6,53280.3,2.01
2025-08-14,CanTho,3110,24,327.4,10605.2,51911.5,1.45
2025-08-14,Online,6336,74,938.2,11983.6,85744.1,0.97
2025-08-15,HN_HeadOffice,3087,20,445.0,9354.4,54171.3,0.97
2025-08-15,HCM_Center,2483,25,112.3,4990.2,33680.3,0.9
2025-08-15,DaNang,3324,21,50.0,7274.4,68764.9,1.26
2025-08-15,HaiPhong,3220,15,286.6,5953.3,51167.4,1.45
2025-08-15,CanTho,746,22,482.4,10250.0,43152.1,1.42
2025-08-15,Online,9624,62,795.7,10901.7,84162.6,0.85
2025-08-16,HN_HeadOffice,1167,15,64.5,6541.2,63580.3,0.82
2025-08-16,HCM_Center,2554,18,278.8,6510.4,43918.5,1.86
2025-08-16,DaNang,1199,16,487.8,8056.2,46949.7,1.0
2025-08-16,HaiPhong,2930,20,403.5,6334.4,53309.4,1.91
2025-08-16,CanTho,1886,15,483.0,6460.6,40007.1,1.05
2025-08-16,Online,6171,68,918.4,16827.0,88352.3,1.79
2025-08-17,HN_HeadOffice,599,8,381.8,10037.8,28432.1,1.79
2025-08-17,HCM_Center,1053,11,454.2,6557.8,50171.3,1.77
2025-08-17,DaNang,1778,25,191.4,4533.6,54476.2,1.6
2025-08-17,HaiPhong,708,23,478.4,3891.4,21128.0,1.93
2025-08-17,CanTho,2653,14,539.1,12709.3,23647.5,1.2
2025-08-17,Online,12175,74,957.6,17151.4,86731.9,1.0
2025-08-18,HN_HeadOffice,842,17,361.0,3634.8,58172.5,1.44
2025-08-18,HCM_Center,1230,28,419.0,9922.1,51645.8,1.98
2025-08-18,DaNang,723,16,211.8,2946.4,39285.1,1.93
2025-08-18,HaiPhong,3233,20,379.2,5686.9,41426.8,1.7
2025-08-18,CanTho,3040,18,392.1,7040.2,65457.3,1.22
2025-08-18,Online,7657,68,1055.1,18660.6,87148.1,1.59
2025-08-19,HN_HeadOffice,3395,16,473.6,5803.1,46829.8,2.18
2025-08-19,HCM_Center,727,17,468.8,5447.3,29240.6,0.87
2025-08-19,DaNang,2868,16,377.5,6957.9,18570.0,1.14
2025-08-19,HaiPhong,2501,24,361.2,11563.4,51963.7,1.89
2025-08-19,CanTho,938,16,308.9,6938.0,45506.3,1.37
2025-08-19,Online,11347,64,1065.8,12042.1,71125.6,1.83
2025-08-20,HN_HeadOffice,2952,24,343.4,7626.7,63799.0,0.93
2025-08-20,HCM_Center,2381,29,479.5,8020.4,33245.6,1.54
2025-08-20,DaNang,2894,18,560.2,11915.5,36804.8,1.28
2025-08-20,HaiPhong,1014,22,489.2,12160.1,27598.3,2.04
2025-08-20,CanTho,1917,17,364.1,8395.2,56823.1,1.97
2025-08-20,Online,10023,73,993.7,13671.4,119281.4,1.13
2025-08-21,HN_HeadOffice,2537,14,280.0,5596.3,61990.0,0.93
2025-08-21,HCM_Center,2591,25,273.4,8969.5,51316.5,1.18
2025-08-21,DaNang,2239,33,351.7,13041.4,40122.0,1.22
2025-08-21,HaiPhong,1890,22,216.0,7903.7,48744.0,0.84
2025-08-21,CanTho,2709,16,451.6,8472.5,58111.8,2.06
2025-08-21,Online,12395,74,838.1,15073.7,96438.4,1.27
2025-08-22,HN_HeadOffice,1198,27,441.5,7664.7,47550.5,1.7
2025-08-22,HCM_Center,1804,19,269.8,9376.0,55131.5,2.19
2025-08-22,DaNang,1503,27,222.6,5955.7,48862.8,1.74
2025-08-22,HaiPhong,970,20,219.9,10454.0,40388.6,1.38
2025-08-22,CanTho,832,18,276.5,8130.3,59084.3,0.81
2025-08-22,Online,9134,63,835.9,17521.0,109204.0,1.39
2025-08-23,HN_HeadOffice,1892,19,294.0,8960.6,31535.4,1.05
2025-08-23,HCM_Center,3138,23,372.9,6420.2,48774.7,0.91
2025-08-23,DaNang,2993,14,555.7,6684.4,32478.8,2.01
2025-08-23,HaiPhong,3387,13,436.6,6946.3,56690.7,0.99
2025-08-23,CanTho,2811,19,352.2,8011.2,55552.2,1.16
2025-08-23,Online,6992,65,1087.5,16923.6,97403.1,0.91
2025-08-24,HN_HeadOffice,1368,17,325.0,7078.0,48366.1,0.99
2025-08-24,HCM_Center,859,20,354.8,5946.9,41878.7,1.07
2025-08-24,DaNang,2216,25,259.0,8380.0,47349.0,1.17
2025-08-24,HaiPhong,1217,23,501.1,10263.0,43764.1,1.54
2025-08-24,CanTho,3077,17,201.5,6307.6,41685.5,1.7
2025-08-24,Online,7419,65,794.1,18987.8,85987.3,1.25
2025-08-25,HN_HeadOffice,1407,22,329.9,10930.2,47214.5,1.26
2025-08-25,HCM_Center,3156,17,225.5,10219.3,46124.5,1.05
2025-08-25,DaNang,728,21,368.3,2000.0,40667.5,0.99
2025-08-25,HaiPhong,2427,26,374.1,10176.8,62057.6,1.36
2025-08-25,CanTho,1749,22,362.8,7894.1,33494.1,1.48
2025-08-25,Online,10303,77,951.1,13777.7,105516.5,1.5
2025-08-26,HN_HeadOffice,1888,19,279.0,9047.4,58300.3,1.31
2025-08-26,HCM_Center,2375,22,510.0,4295.6,68184.2,1.42
2025-08-26,DaNang,1862,19,286.9,7585.1,39269.9,1.64
2025-08-26,HaiPhong,1000,16,427.5,8929.4,38107.0,2.18
2025-08-26,CanTho,2148,21,358.8,8207.4,25504.2,2.17
2025-08-26,Online,12058,57,1019.1,17360.5,79306.9,1.59
2025-08-27,HN_HeadOffice,2789,24,485.3,7298.5,47110.4,0.98
2025-08-27,HCM_Center,2259,26,213.8,7949.9,58698.5,2.2
2025-08-27,DaNang,3262,22,434.3,4074.5,57648.2,0.91
2025-08-27,HaiPhong,629,26,330.3,10133.8,42912.9,1.35
2025-08-27,CanTho,1328,14,341.3,6460.2,51969.9,1.67
2025-08-27,Online,8841,61,692.5,14825.6,98470.9,2.0
2025-08-28,HN_HeadOffice,3337,20,224.6,7873.7,48963.7,1.8
2025-08-28,HCM_Center,3197,22,292.2,4668.3,56996.5,1.15
2025-08-28,DaNang,2027,21,358.5,9909.7,38145.8,1.14
2025-08-28,HaiPhong,2994,13,313.9,9457.7,35508.1,1.99
2025-08-28,CanTho,1733,15,337.9,8481.4,44774.8,2.11
2025-08-28,Online,9897,80,754.1,14818.5,91363.5,1.22
2025-08-29,HN_HeadOffice,570,20,360.5,11062.4,35333.7,1.5
2025-08-29,HCM_Center,2154,14,240.9,7498.8,23122.7,1.29
2025-08-29,DaNang,1770,19,227.9,9298.9,23673.5,1.03
2025-08-29,HaiPhong,2877,19,295.5,6954.9,58894.9,1.13
2025-08-29,CanTho,594,22,79.4,6332.8,48519.0,1.32
2025-08-29,Online,8644,72,662.2,15303.0,91629.5,0.81
2025-08-30,HN_HeadOffice,2028,15,438.1,7859.7,41184.6,1.68
2025-08-30,HCM_Center,2797,13,386.9,10720.2,46101.9,1.81
2025-08-30,DaNang,2295,17,312.7,9289.2,65804.5,0.95
2025-08-30,HaiPhong,1899,19,224.9,9219.8,45704.0,0.81
2025-08-30,CanTho,1804,12,214.3,6776.1,54160.8,1.89
2025-08-30,Online,9869,61,785.7,14038.1,104340.3,1.31
2025-08-31,HN_HeadOffice,3495,18,322.1,6306.7,60861.7,1.05
2025-08-31,HCM_Center,1881,14,265.5,5211.8,43049.9,0.98
2025-08-31,DaNang,652,21,603.3,5039.0,35613.2,1.55
2025-08-31,HaiPhong,3111,17,345.7,11228.1,68975.2,1.66
2025-08-31,CanTho,3224,25,253.5,7653.1,51677.9,1.22
2025-08-31,Online,12106,64,799.1,18952.6,73968.9,1.16
2025-09-01,HN_HeadOffice,855,24,326.0,10782.6,50612.9,1.21
2025-09-01,HCM_Center,1905,23,427.7,9916.7,54191.4,1.46
2025-09-01,DaNang,1891,18,485.6,11275.2,27359.7,1.58
2025-09-01,HaiPhong,1633,19,462.7,10827.7,44147.7,1.15
2025-09-01,CanTho,1071,18,291.6,8568.1,44747.9,0.85
2025-09-01,Online,10938,64,879.7,15315.7,92829.8,2.12
2025-09-02,HN_HeadOffice,2085,27,341.9,5212.2,49112.5,1.73
2025-09-02,HCM_Center,3285,19,296.5,9180.2,45321.3,1.09
2025-09-02,DaNang,3463,16,281.9,11152.9,49823.2,0.92
2025-09-02,HaiPhong,805,18,246.4,10426.3,38731.8,0.83
2025-09-02,CanTho,3142,12,415.6,6846.2,39904.3,2.12
2025-09-02,Online,6604,64,737.6,10407.8,92130.3,1.11
2025-09-03,HN_HeadOffice,2637,9,271.6,8145.3,52544.8,1.32
2025-09-03,HCM_Center,621,21,548.4,7296.1,48987.5,1.5
2025-09-03,DaNang,2005,19,283.5,5749.4,46443.2,2.08
2025-09-03,HaiPhong,1456,16,120.4,9601.8,48886.2,1.87
2025-09-03,CanTho,1986,31,293.6,7538.6,62345.6,1.76
2025-09-03,Online,7050,61,771.1,15710.1,105227.1,1.84
2025-09-04,HN_HeadOffice,1125,17,479.9,7641.0,35365.0,1.01
2025-09-04,HCM_Center,3263,21,408.1,10092.8,39442.0,1.97
2025-09-04,DaNang,2717,15,285.0,5334.0,46182.8,2.07
2025-09-04,HaiPhong,2422,20,217.2,9704.7,54730.6,1.35
2025-09-04,CanTho,3338,25,308.1,10144.3,42526.8,1.31
2025-09-04,Online,7039,64,891.7,12376.9,83538.4,2.11
2025-09-05,HN_HeadOffice,2411,24,389.9,5262.0,38876.6,1.15
2025-09-05,HCM_Center,1502,13,370.3,8989.6,36638.6,1.52
2025-09-05,DaNang,2159,14,395.5,5330.4,43159.8,1.52
2025-09-05,HaiPhong,2080,13,272.3,9577.6,37748.2,1.14
2025-09-05,CanTho,2629,26,149.5,4774.2,43430.0,2.15
2025-09-05,Online,10753,74,1019.6,17794.5,74391.5,1.0
2025-09-06,HN_HeadOffice,2811,19,455.8,8037.8,28921.7,0.85
2025-09-06,HCM_Center,2817,20,425.3,9064.5,53108.3,1.58
2025-09-06,DaNang,2766,16,411.1,4811.9,54328.0,1.04
2025-09-06,HaiPhong,1662,17,437.2,7649.1,27931.0,1.96
2025-09-06,CanTho,1335,24,517.0,6083.9,47944.3,1.1
2025-09-06,Online,9866,61,1009.3,14520.6,98205.5,0.99
2025-09-07,HN_HeadOffice,2730,24,251.4,9630.8,48257.6,1.4
2025-09-07,HCM_Center,920,17,207.9,11931.9,48136.7,1.75
2025-09-07,DaNang,1329,14,266.6,3906.5,54529.3,0.86
2025-09-07,HaiPhong,2133,20,470.1,7710.1,27091.2,1.87
2025-09-07,CanTho,864,16,195.5,5971.3,52504.3,1.71
2025-09-07,Online,9792,53,1027.6,18229.7,97248.1,0.93
2025-09-08,HN_HeadOffice,3086,17,319.9,9248.6,52725.5,1.26
2025-09-08,HCM_Center,2096,19,338.0,6996.2,31930.8,1.76
2025-09-08,DaNang,1302,15,591.6,4678.7,47975.6,0.8
2025-09-08,HaiPhong,2753,19,594.2,11669.0,42436.9,1.33
2025-09-08,CanTho,3000,13,330.6,6351.3,43098.9,2.05
2025-09-08,Online,8551,57,919.3,16623.6,94138.6,1.35
2025-09-09,HN_HeadOffice,518,18,441.6,11185.9,46902.3,1.96
2025-09-09,HCM_Center,3435,19,424.6,8362.2,47246.7,1.73
2025-09-09,DaNang,2403,16,440.4,6474.4,47065.9,1.57
2025-09-09,HaiPhong,626,19,328.8,8659.5,51883.6,1.25
2025-09-09,CanTho,1099,27,355.5,7401.2,55839.5,1.44
2025-09-09,Online,6264,63,965.7,15737.7,85560.2,1.83
2025-09-10,HN_HeadOffice,3198,21,541.7,7608.8,39946.6,1.34
2025-09-10,HCM_Center,1306,25,217.0,8348.6,53042.1,1.58
2025-09-10,DaNang,1013,19,167.1,8991.9,43450.9,1.97
2025-09-10,HaiPhong,2868,19,263.1,9419.2,37459.8,1.55
2025-09-10,CanTho,2070,17,201.4,4687.9,33053.4,1.6
2025-09-10,Online,6850,64,968.7,14734.0,61080.5,1.48
2025-09-11,HN_HeadOffice,902,28,300.5,9346.6,30945.5,1.82
2025-09-11,HCM_Center,1875,30,320.5,5472.3,50085.1,1.67
2025-09-11,DaNang,2174,18,443.9,9144.3,53732.0,0.95
2025-09-11,HaiPhong,1453,26,511.8,5169.2,51853.7,1.81
2025-09-11,CanTho,870,19,458.9,9240.1,35641.6,1.41
2025-09-11,Online,8769,66,883.4,16011.9,109726.1,1.08
2025-09-12,HN_HeadOffice,2548,16,267.0,8491.9,34028.9,0.99
2025-09-12,HCM_Center,2888,19,414.2,9543.6,54874.5,1.69
2025-09-12,DaNang,2092,17,251.6,3241.0,46274.4,1.3
2025-09-12,HaiPhong,1327,16,237.1,10006.6,39664.5,1.01
2025-09-12,CanTho,1613,19,450.6,9999.4,63174.0,1.32
2025-09-12,Online,9583,67,918.1,14052.6,105970.8,1.59
2025-09-13,HN_HeadOffice,2224,18,131.3,8626.0,24245.1,0.82
2025-09-13,HCM_Center,3498,16,306.4,5840.9,56797.0,1.41
2025-09-13,DaNang,2754,17,230.8,6181.4,52770.2,1.06
2025-09-13,HaiPhong,2810,12,533.3,5489.6,43093.4,1.37
2025-09-13,CanTho,1826,18,265.1,8766.0,57020.7,2.05
2025-09-13,Online,12881,41,823.4,12732.0,111015.8,1.7
2025-09-14,HN_HeadOffice,891,28,465.0,8143.3,49812.4,1.37
2025-09-14,HCM_Center,2627,15,416.1,7604.8,39025.4,0.92
2025-09-14,DaNang,2967,21,336.1,10039.2,48467.2,1.11
2025-09-14,HaiPhong,1767,15,436.5,11849.2,44741.1,1.58
2025-09-14,CanTho,3379,19,322.2,8160.8,48740.6,2.1
2025-09-14,Online,6137,68,997.7,15413.4,87545.3,1.91
2025-09-15,HN_HeadOffice,896,17,542.6,10800.2,36405.2,1.11
2025-09-15,HCM_Center,3182,29,460.1,13034.2,55188.6,1.54
2025-09-15,DaNang,1941,21,310.8,10305.0,44437.5,0.99
2025-09-15,HaiPhong,1248,22,313.5,7870.4,33101.8,1.54
2025-09-15,CanTho,554,23,400.6,7867.4,64265.1,1.27
2025-09-15,Online,11179,69,830.5,17932.2,107819.5,1.13
2025-09-16,HN_HeadOffice,1042,21,166.8,11150.1,38572.7,1.45
2025-09-16,HCM_Center,1772,30,331.8,6867.1,48347.0,1.94
2025-09-16,DaNang,2609,22,442.6,11623.1,48521.2,1.72
2025-09-16,HaiPhong,2821,15,526.3,5392.9,45975.4,1.15
2025-09-16,CanTho,596,27,158.4,5432.1,43575.6,1.83
2025-09-16,Online,7462,65,1023.8,14432.2,121079.0,1.83
2025-09-17,HN_HeadOffice,1794,24,247.8,8388.3,63230.5,1.38
2025-09-17,HCM_Center,3210,21,493.8,11460.7,52244.4,1.34
2025-09-17,DaNang,994,15,375.5,8958.5,46019.3,1.37
2025-09-17,HaiPhong,2087,11,373.9,6063.2,28741.9,2.05
2025-09-17,CanTho,543,22,291.2,11510.6,40819.7,1.66
2025-09-17,Online,8134,64,911.4,14199.5,106711.1,1.16
2025-09-18,HN_HeadOffice,2020,11,350.1,6172.1,49267.2,1.06
2025-09-18,HCM_Center,3308,17,474.4,6069.0,46608.2,2.15
2025-09-18,DaNang,1005,15,210.1,8238.4,16004.3,0.94
2025-09-18,HaiPhong,610,12,443.5,8648.7,70234.9,1.17
2025-09-18,CanTho,1143,11,348.0,6483.6,32755.3,2.02
2025-09-18,Online,9765,66,902.2,16782.1,90157.4,1.79
2025-09-19,HN_HeadOffice,778,27,392.3,7222.9,58895.6,1.63
2025-09-19,HCM_Center,3080,18,253.0,5659.8,55727.4,0.8
2025-09-19,DaNang,2067,22,338.9,7207.7,17022.3,1.37
2025-09-19,HaiPhong,2868,26,358.5,8299.0,58924.9,1.08
2025-09-19,CanTho,654,23,284.6,4475.7,48431.4,0.82
2025-09-19,Online,7559,60,721.6,18022.0,91472.5,1.53
2025-09-20,HN_HeadOffice,511,27,305.9,4892.8,30566.0,1.97
2025-09-20,HCM_Center,1450,20,384.8,5475.1,44206.6,1.72
2025-09-20,DaNang,1296,23,590.8,9106.4,84719.9,1.71
2025-09-20,HaiPhong,2618,18,110.5,9389.9,53978.0,1.93
2025-09-20,CanTho,2245,14,223.9,4901.6,55782.3,1.07
2025-09-20,Online,8299,79,943.2,17096.4,95189.9,1.29
2025-09-21,HN_HeadOffice,3497,11,213.1,7824.8,42927.6,1.28
2025-09-21,HCM_Center,2507,19,543.4,7629.1,43911.3,2.19
2025-09-21,DaNang,2198,27,403.5,5731.3,49160.1,1.87
2025-09-21,HaiPhong,2757,23,533.3,9726.0,23014.4,1.36
2025-09-21,CanTho,2898,16,470.4,11912.5,64388.0,2.14
2025-09-21,Online,8502,59,1006.5,17621.4,94658.1,1.44
2025-09-22,HN_HeadOffice,2057,24,272.5,8817.1,43217.3,1.48
2025-09-22,HCM_Center,2711,22,299.6,10990.7,59586.0,1.71
2025-09-22,DaNang,2951,16,348.6,12271.7,59232.4,2.01
2025-09-22,HaiPhong,2246,20,478.7,11118.2,54549.0,1.75
2025-09-22,CanTho,1205,22,265.0,6906.8,37997.7,1.88
2025-09-22,Online,6807,54,951.5,14561.7,85200.5,1.15
2025-09-23,HN_HeadOffice,2071,20,502.5,9542.8,67160.1,2.09
2025-09-23,HCM_Center,624,21,336.7,7052.8,58335.0,0.93
2025-09-23,DaNang,2774,18,552.8,9765.8,51190.2,0.92
2025-09-23,HaiPhong,2350,15,334.9,4178.1,47624.0,1.08
2025-09-23,CanTho,868,23,203.9,7251.2,37718.9,0.85
2025-09-23,Online,11466,68,796.1,15343.4,117824.2,1.14
2025-09-24,HN_HeadOffice,1056,17,396.1,8669.1,44942.9,1.35
2025-09-24,HCM_Center,2851,27,415.6,7154.3,51727.3,1.96
2025-09-24,DaNang,2296,12,357.7,7482.8,43034.1,1.54
2025-09-24,HaiPhong,1003,20,262.5,8953.7,46906.5,1.71
2025-09-24,CanTho,2292,25,264.2,6618.6,56169.4,0.93
2025-09-24,Online,8922,51,817.5,17526.5,116927.3,1.3
2025-09-25,HN_HeadOffice,2119,22,213.0,7260.3,69312.8,0.91
2025-09-25,HCM_Center,757,19,248.0,7963.3,30906.9,2.03
2025-09-25,DaNang,1401,24,186.9,6078.9,43553.9,0.81
2025-09-25,HaiPhong,559,17,332.6,11398.4,57988.0,1.25
2025-09-25,CanTho,2916,18,449.3,7594.2,66418.6,1.7
2025-09-25,Online,6020,60,930.4,11959.4,89342.4,1.44
2025-09-26,HN_HeadOffice,2537,18,287.5,7530.8,38683.9,1.29
2025-09-26,HCM_Center,807,22,228.0,6028.7,59607.9,1.2
2025-09-26,DaNang,1737,25,355.7,8698.3,29257.7,2.16
2025-09-26,HaiPhong,1889,15,311.7,5225.0,48942.5,0.99
2025-09-26,CanTho,1650,29,250.8,6551.4,27652.7,1.74
2025-09-26,Online,9798,57,934.9,18074.9,94215.5,1.21
2025-09-27,HN_HeadOffice,1514,20,257.7,8672.2,24403.3,2.02
2025-09-27,HCM_Center,1672,21,581.8,8700.8,36869.0,0.91
2025-09-27,DaNang,2210,17,176.3,8659.8,66729.0,1.85
2025-09-27,HaiPhong,2683,14,299.3,8532.0,61566.4,1.62
2025-09-27,CanTho,1631,19,239.5,8773.6,58566.0,2.03
2025-09-27,Online,8918,70,1021.8,16447.4,93943.3,0.84
2025-09-28,HN_HeadOffice,501,24,414.1,8286.4,22618.5,1.12
2025-09-28,HCM_Center,900,19,416.5,12916.9,30120.2,0.82
2025-09-28,DaNang,2766,17,324.4,11595.5,36756.2,1.99
2025-09-28,HaiPhong,2969,26,285.8,12322.0,22414.1,0.92
2025-09-28,CanTho,1262,20,304.6,12881.7,52328.9,1.32
2025-09-28,Online,6892,63,731.5,13838.4,99024.3,1.5
2025-09-29,HN_HeadOffice,2995,19,428.1,11319.1,59451.1,1.3
2025-09-29,HCM_Center,989,21,416.8,6528.8,44290.7,1.23
2025-09-29,DaNang,2666,16,283.9,11884.4,36538.2,1.21
2025-09-29,HaiPhong,3494,22,391.4,10271.3,46180.5,1.44
2025-09-29,CanTho,2720,24,415.0,6639.1,64426.1,1.68
2025-09-29,Online,11043,63,1020.1,16126.1,95399.0,1.63
2025-09-30,HN_HeadOffice,987,16,237.8,11944.8,27495.2,1.94
2025-09-30,HCM_Center,3272,22,432.8,9336.1,42188.6,1.86
2025-09-30,DaNang,2710,20,131.1,10135.2,31911.6,0.85
2025-09-30,HaiPhong,884,20,146.5,6420.9,50545.7,1.0
2025-09-30,CanTho,2989,16,277.1,10214.4,60263.2,1.21
2025-09-30,Online,6223,69,816.7,13567.2,106031.7,2.03
2025-10-01,HN_HeadOffice,625,18,431.7,5894.6,38634.2,1.47
2025-10-01,HCM_Center,1008,23,412.8,8909.8,35979.6,1.38
2025-10-01,DaNang,3454,25,199.3,8763.0,45411.2,1.36
2025-10-01,HaiPhong,3136,18,153.5,7315.0,50792.2,1.67
2025-10-01,CanTho,2920,19,394.3,4500.5,43274.3,1.71
2025-10-01,Online,12573,67,1153.7,15505.6,88235.8,1.97
2025-10-02,HN_HeadOffice,3390,20,292.1,6031.5,48786.4,1.38
2025-10-02,HCM_Center,2082,31,370.3,7869.1,35208.6,1.61
2025-10-02,DaNang,1004,18,505.3,9396.8,26828.9,1.84
2025-10-02,HaiPhong,2338,17,259.5,8165.6,61209.8,1.42
2025-10-02,CanTho,1046,12,240.6,2852.5,43255.9,1.9
2025-10-02,Online,11597,62,926.1,16474.5,94892.3,0.99
2025-10-03,HN_HeadOffice,1436,18,617.3,8169.4,34588.8,1.52
2025-10-03,HCM_Center,3270,15,380.8,10417.2,29120.2,0.85
2025-10-03,DaNang,3016,26,200.5,3886.1,49158.3,1.9
2025-10-03,HaiPhong,3157,30,207.0,4349.5,39723.0,1.04
2025-10-03,CanTho,778,25,297.3,10437.7,45562.5,2.03
2025-10-03,Online,11789,74,820.0,14265.5,93159.8,1.93
2025-10-04,HN_HeadOffice,1244,21,174.5,6636.2,38280.7,1.79
2025-10-04,HCM_Center,2538,8,418.3,8120.9,23551.6,0.92
2025-10-04,DaNang,3346,18,364.9,4960.0,53532.0,1.83
2025-10-04,HaiPhong,1717,20,382.5,10005.7,64230.4,1.14
2025-10-04,CanTho,2278,21,308.3,11430.0,39939.0,0.85
2025-10-04,Online,12454,78,815.1,13148.5,99979.7,1.79
2025-10-05,HN_HeadOffice,1908,23,313.3,7719.2,30442.1,1.87
2025-10-05,HCM_Center,1492,19,210.5,7538.8,35115.2,1.07
2025-10-05,DaNang,3064,32,563.5,9695.6,53504.3,1.46
2025-10-05,HaiPhong,2049,19,272.0,6059.7,54387.9,1.92
2025-10-05,CanTho,905,22,228.4,10839.5,58485.2,1.0
2025-10-05,Online,12942,67,965.5,13718.5,86658.6,1.1
2025-10-06,HN_HeadOffice,503,14,307.5,6611.7,56677.5,1.95
2025-10-06,HCM_Center,1024,13,176.6,8779.6,23434.0,1.9
2025-10-06,DaNang,1793,20,238.9,6234.5,46774.6,2.18
2025-10-06,HaiPhong,1613,16,472.1,8450.3,68406.5,1.5
2025-10-06,CanTho,2342,20,471.6,8582.4,61255.9,2.16
2025-10-06,Online,10978,65,1028.7,17307.3,101145.4,1.83
2025-10-07,HN_HeadOffice,2522,26,221.8,11603.4,25090.0,1.09
2025-10-07,HCM_Center,1005,20,408.8,6326.8,49329.2,1.13
2025-10-07,DaNang,3233,21,234.1,8745.1,41872.2,1.84
2025-10-07,HaiPhong,751,16,210.9,11629.2,46486.1,1.77
2025-10-07,CanTho,2781,23,206.3,5701.8,41973.9,1.5
2025-10-07,Online,8062,73,914.4,16931.5,130830.6,2.15
2025-10-08,HN_HeadOffice,2349,18,337.1,6745.2,36083.8,1.94
2025-10-08,HCM_Center,2125,25,507.8,11213.1,62657.5,1.48
2025-10-08,DaNang,887,18,261.0,7939.0,31855.2,1.96
2025-10-08,HaiPhong,2645,20,386.3,6885.6,46624.5,0.88
2025-10-08,CanTho,1441,23,242.4,9117.0,40764.9,1.47
2025-10-08,Online,11677,76,720.5,14493.3,71867.5,1.93
2025-10-09,HN_HeadOffice,3449,23,337.4,8851.4,36756.9,1.19
2025-10-09,HCM_Center,2771,25,360.8,6974.1,42447.9,2.2
2025-10-09,DaNang,1872,19,297.9,5342.5,36850.0,1.49
2025-10-09,HaiPhong,2813,26,195.6,8789.6,32490.6,1.09
2025-10-09,CanTho,1629,15,257.2,5066.0,56659.3,1.51
2025-10-09,Online,9874,64,762.5,14877.2,113060.0,1.04
2025-10-10,HN_HeadOffice,2681,29,350.4,8352.5,43552.4,1.49
2025-10-10,HCM_Center,610,26,396.6,5990.0,69993.2,1.71
2025-10-10,DaNang,3442,18,376.3,7321.4,39685.5,1.97
2025-10-10,HaiPhong,2575,14,405.5,6555.5,52915.5,1.96
2025-10-10,CanTho,1455,21,230.2,7918.1,23492.1,0.96
2025-10-10,Online,11808,62,887.0,14305.2,93280.9,1.42
2025-10-11,HN_HeadOffice,1895,19,235.3,10230.2,29651.6,1.85
2025-10-11,HCM_Center,3278,22,372.4,8996.9,58495.7,0.87
2025-10-11,DaNang,569,24,375.9,9800.3,47221.7,1.88
2025-10-11,HaiPhong,3264,17,438.1,7921.4,34071.2,0.91
2025-10-11,CanTho,1656,18,283.5,3731.8,36109.0,1.13
2025-10-11,Online,6559,66,881.0,13146.4,87520.4,1.56
2025-10-12,HN_HeadOffice,660,15,437.5,13836.0,40874.4,1.36
2025-10-12,HCM_Center,2287,22,263.5,8588.5,39974.2,0.87
2025-10-12,DaNang,2389,16,295.7,4313.4,20269.3,1.03
2025-10-12,HaiPhong,3372,18,414.4,7001.2,23108.8,1.73
2025-10-12,CanTho,1337,24,463.0,7261.9,48545.7,2.12
2025-10-12,Online,9984,67,907.1,14018.5,95309.8,1.37
2025-10-13,HN_HeadOffice,3418,25,202.9,5186.7,52572.0,1.19
2025-10-13,HCM_Center,3438,18,117.7,7291.2,40582.7,1.93
2025-10-13,DaNang,969,12,274.6,6231.9,41491.4,2.15
2025-10-13,HaiPhong,2460,22,340.4,10127.8,37400.0,1.97
2025-10-13,CanTho,865,24,412.5,7770.1,58546.6,0.82
2025-10-13,Online,8006,71,955.6,19351.5,102496.4,2.02
2025-10-14,HN_HeadOffice,1219,19,192.3,9667.3,61970.8,1.18
2025-10-14,HCM_Center,1870,22,459.3,4957.4,36988.7,1.49
2025-10-14,DaNang,2868,12,201.0,9474.5,47621.0,1.55
2025-10-14,HaiPhong,507,21,310.0,7816.0,34427.1,0.89
2025-10-14,CanTho,523,18,314.3,7880.0,42873.8,0.91
2025-10-14,Online,9933,68,923.7,16441.3,106724.4,1.75
2025-10-15,HN_HeadOffice,906,27,420.5,7186.0,31836.4,1.43
2025-10-15,HCM_Center,2538,22,578.8,6191.9,37477.0,1.1
2025-10-15,DaNang,3060,13,435.6,7857.3,42340.9,1.51
2025-10-15,HaiPhong,1235,23,406.4,10679.1,48366.8,1.05
2025-10-15,CanTho,2706,27,346.5,7433.9,68117.5,1.55
2025-10-15,Online,10656,55,1056.5,16913.2,91644.1,1.23
2025-10-16,HN_HeadOffice,1967,17,50.0,7448.4,33347.2,1.83
2025-10-16,HCM_Center,2444,23,270.2,8460.1,41993.7,1.19
2025-10-16,DaNang,2866,15,256.6,7494.5,42277.1,1.61
2025-10-16,HaiPhong,3114,21,363.3,6103.7,60819.9,1.39
2025-10-16,CanTho,2349,17,166.6,8540.0,52862.7,0.92
2025-10-16,Online,10784,65,979.7,14715.1,91967.1,1.55
2025-10-17,HN_HeadOffice,2208,23,140.7,5216.5,37902.7,1.76
2025-10-17,HCM_Center,933,28,360.6,10194.0,43511.3,1.97
2025-10-17,DaNang,867,20,272.4,9287.3,53934.7,2.02
2025-10-17,HaiPhong,2592,35,337.0,7484.3,55845.8,1.62
2025-10-17,CanTho,586,14,369.4,6386.7,52817.2,1.98
2025-10-17,Online,11806,67,902.7,15745.9,88071.9,1.2
2025-10-18,HN_HeadOffice,825,20,282.4,4922.1,48013.5,1.41
2025-10-18,HCM_Center,894,26,362.0,7251.6,37718.9,2.13
2025-10-18,DaNang,2121,12,403.5,5167.2,32376.1,2.19
2025-10-18,HaiPhong,786,20,386.6,7588.1,31346.7,1.71
2025-10-18,CanTho,930,27,361.8,8305.3,36740.1,1.29
2025-10-18,Online,12467,81,850.7,16741.8,99708.0,1.82
2025-10-19,HN_HeadOffice,2061,18,441.0,6996.4,50645.0,0.93
2025-10-19,HCM_Center,2843,26,430.5,6559.1,65169.8,1.07
2025-10-19,DaNang,3264,19,496.7,6692.5,51923.0,1.08
2025-10-19,HaiPhong,1265,26,281.2,8700.7,60597.3,1.33
2025-10-19,CanTho,3499,18,335.9,11556.3,65816.1,0.88
2025-10-19,Online,7901,72,958.4,11294.3,105889.3,1.79
2025-10-20,HN_HeadOffice,677,8,208.2,8839.7,26649.3,1.86
2025-10-20,HCM_Center,1795,21,50.0,7649.4,51054.2,1.53
2025-10-20,DaNang,3227,16,394.6,9260.1,44791.8,1.24
2025-10-20,HaiPhong,2132,16,262.4,8011.6,46382.7,1.7
2025-10-20,CanTho,1854,15,329.2,13091.7,49200.0,1.7
2025-10-20,Online,6328,59,976.7,15819.6,90824.5,1.64
2025-10-21,HN_HeadOffice,2386,22,291.6,9738.0,57628.6,1.26
2025-10-21,HCM_Center,2176,25,476.3,7741.6,43648.2,1.0
2025-10-21,DaNang,694,15,500.0,10150.0,22361.3,1.5
2025-10-21,HaiPhong,933,22,387.2,10725.3,54509.3,1.15
2025-10-21,CanTho,1030,16,284.0,6287.8,46808.5,2.0
2025-10-21,Online,11728,69,692.7,14576.7,69708.7,1.02
2025-10-22,HN_HeadOffice,2306,13,330.8,6941.3,33639.6,1.72
2025-10-22,HCM_Center,2595,27,286.7,7426.5,35658.0,2.16
2025-10-22,DaNang,2725,17,253.2,9824.4,41694.6,1.17
2025-10-22,HaiPhong,559,20,428.3,5958.6,50153.2,1.87
2025-10-22,CanTho,1777,24,431.6,3038.0,51248.0,2.07
2025-10-22,Online,8037,76,870.5,16162.9,108448.6,1.32
2025-10-23,HN_HeadOffice,1695,22,425.2,7844.0,32839.9,2.18
2025-10-23,HCM_Center,2858,21,144.2,8791.0,58494.6,0.91
2025-10-23,DaNang,2160,20,280.0,5009.4,31700.1,1.77
2025-10-23,HaiPhong,1083,17,483.9,7630.4,53120.2,0.91
2025-10-23,CanTho,1315,16,270.5,7784.1,38014.0,1.62
2025-10-23,Online,8857,77,1023.5,14208.3,102106.5,1.2
2025-10-24,HN_HeadOffice,1143,24,269.1,6684.8,43110.0,1.64
2025-10-24,HCM_Center,2447,28,452.1,6706.2,34367.7,0.81
2025-10-24,DaNang,725,18,332.1,7339.6,24176.0,1.21
2025-10-24,HaiPhong,2453,22,466.3,7571.4,38168.5,1.45
2025-10-24,CanTho,700,27,248.8,8069.2,54030.4,2.15
2025-10-24,Online,10118,56,819.9,15151.6,110184.7,1.19
2025-10-25,HN_HeadOffice,1806,17,192.5,10020.6,42081.2,0.98
2025-10-25,HCM_Center,1310,24,509.5,7922.3,47498.4,2.04
2025-10-25,DaNang,1576,13,196.2,8017.5,84414.6,1.13
2025-10-25,HaiPhong,3121,16,406.5,11099.8,41123.7,1.98
2025-10-25,CanTho,2288,16,277.8,8151.2,36907.3,1.15
2025-10-25,Online,12018,60,985.6,14408.1,98922.2,1.21
2025-10-26,HN_HeadOffice,2239,20,234.3,6376.8,68486.5,2.14
2025-10-26,HCM_Center,1179,22,407.4,7125.2,32005.1,1.41
2025-10-26,DaNang,3209,24,364.6,12641.5,45616.8,1.78
2025-10-26,HaiPhong,2482,22,262.0,10198.8,81223.2,2.06
2025-10-26,CanTho,1556,33,473.7,11848.8,48392.3,2.13
2025-10-26,Online,6158,74,899.7,14784.9,86312.1,1.35
2025-10-27,HN_HeadOffice,1695,21,489.6,7491.7,47365.4,0.84
2025-10-27,HCM_Center,1928,21,356.2,6931.8,48442.0,0.91
2025-10-27,DaNang,957,12,287.1,7738.3,59660.6,1.02
2025-10-27,HaiPhong,3068,31,311.8,7511.9,51584.0,1.01
2025-10-27,CanTho,2600,16,368.6,7038.2,30354.3,1.82
2025-10-27,Online,8208,66,989.8,16666.0,105086.4,1.62
2025-10-28,HN_HeadOffice,1903,21,414.8,4790.1,39711.6,1.84
2025-10-28,HCM_Center,994,15,443.5,2000.0,14848.6,1.58
2025-10-28,DaNang,1056,25,366.1,6441.7,47514.0,2.01
2025-10-28,HaiPhong,2413,20,72.9,3907.1,34121.9,0.97
2025-10-28,CanTho,3061,21,453.3,7351.6,76024.8,1.83
2025-10-28,Online,11137,54,985.1,12463.7,96107.6,2.0
2025-10-29,HN_HeadOffice,3235,26,395.5,10802.6,55537.5,1.57
2025-10-29,HCM_Center,2977,14,348.3,11958.2,47011.5,1.87
2025-10-29,DaNang,802,14,412.7,9406.1,48494.8,1.33
2025-10-29,HaiPhong,867,17,226.6,12023.1,54883.3,1.29
2025-10-29,CanTho,2073,18,341.0,8823.9,21762.9,1.33
2025-10-29,Online,9985,66,887.6,14594.5,88209.8,2.12
2025-10-30,HN_HeadOffice,1001,34,271.9,4608.8,29283.5,1.76
2025-10-30,HCM_Center,2882,28,139.9,11252.0,23776.1,1.0
2025-10-30,DaNang,1559,20,298.5,7328.7,58778.0,1.83
2025-10-30,HaiPhong,1773,21,519.0,9190.9,42552.5,2.09
2025-10-30,CanTho,2013,18,219.8,11653.2,57397.1,2.04
2025-10-30,Online,10847,69,882.9,17358.0,83794.3,1.88
2025-10-31,HN_HeadOffice,3329,24,169.7,3628.7,48522.9,1.44
2025-10-31,HCM_Center,1523,15,401.8,5634.1,38114.1,1.19
2025-10-31,DaNang,1270,24,405.3,3990.7,29514.6,2.2
2025-10-31,HaiPhong,509,33,487.1,9368.4,51975.3,1.72
2025-10-31,CanTho,2239,16,173.1,7567.8,45190.0,0.84
2025-10-31,Online,6375,70,879.1,20683.2,110563.7,1.41
2025-11-01,HN_HeadOffice,749,19,259.0,10286.4,41298.6,1.39
2025-11-01,HCM_Center,916,26,378.7,9126.9,47336.9,1.88
2025-11-01,DaNang,1244,18,462.8,8435.8,49368.1,1.29
2025-11-01,HaiPhong,1960,18,402.4,8326.7,38781.1,1.06
2025-11-01,CanTho,2872,26,565.3,5514.7,65455.6,1.12
2025-11-01,Online,10806,62,1026.8,12955.1,88091.4,1.12
2025-11-02,HN_HeadOffice,1887,27,308.0,5616.7,48068.0,1.44
2025-11-02,HCM_Center,2116,17,414.6,3020.3,35889.1,1.8
2025-11-02,DaNang,655,15,450.0,5667.6,36524.7,0.8
2025-11-02,HaiPhong,2881,16,232.0,9610.7,52000.9,1.8
2025-11-02,CanTho,1768,24,317.7,5910.3,48072.8,0.96
2025-11-02,Online,8565,69,1041.4,16469.4,82116.5,0.83
2025-11-03,HN_HeadOffice,2467,20,426.7,8762.7,37294.9,1.37
2025-11-03,HCM_Center,2305,17,385.6,4420.4,34334.5,1.65
2025-11-03,DaNang,1883,24,387.4,10200.3,59790.7,1.04
2025-11-03,HaiPhong,914,20,317.4,4935.1,46616.4,1.15
2025-11-03,CanTho,1358,17,257.7,9926.6,47387.8,2.12
2025-11-03,Online,11936,58,876.3,13950.2,96184.4,0.88
2025-11-04,HN_HeadOffice,2876,25,338.3,6643.6,49261.4,1.99
2025-11-04,HCM_Center,2451,18,241.2,9433.4,47765.7,0.97
2025-11-04,DaNang,823,12,388.0,7761.8,64236.6,2.07
2025-11-04,HaiPhong,1896,20,400.1,9460.7,81818.4,2.0
2025-11-04,CanTho,2169,11,379.9,5168.3,49361.7,1.71
2025-11-04,Online,12508,59,1025.2,16138.4,100309.4,2.17
2025-11-05,HN_HeadOffice,2496,20,389.1,10420.3,41184.5,1.25
2025-11-05,HCM_Center,2303,29,348.5,7756.9,28250.6,1.16
2025-11-05,DaNang,1609,14,452.9,10145.6,53917.6,1.93
2025-11-05,HaiPhong,1235,15,312.3,6711.8,28178.6,2.11
2025-11-05,CanTho,1443,18,264.7,7612.4,52621.2,1.98
2025-11-05,Online,10566,60,708.0,14027.3,96757.2,1.75
2025-11-06,HN_HeadOffice,1182,18,370.1,4046.5,22175.9,1.17
2025-11-06,HCM_Center,2060,11,350.1,7173.9,57845.7,0.95
2025-11-06,DaNang,1513,19,356.0,9604.7,59841.1,1.04
2025-11-06,HaiPhong,1811,15,420.8,6747.7,36408.2,1.19
2025-11-06,CanTho,1590,16,126.0,8153.9,66141.1,1.43
2025-11-06,Online,11877,69,867.8,15805.1,98363.0,1.19
2025-11-07,HN_HeadOffice,2551,20,218.5,6460.5,48336.3,1.03
2025-11-07,HCM_Center,739,22,315.7,9490.1,40247.5,1.5
2025-11-07,DaNang,1008,22,365.5,7542.2,80198.6,2.07
2025-11-07,HaiPhong,1875,29,248.4,9541.5,39664.6,2.02
2025-11-07,CanTho,1561,24,269.6,8435.2,24530.2,1.29
2025-11-07,Online,12038,61,882.7,15543.5,98764.6,1.34
2025-11-08,HN_HeadOffice,1486,22,261.8,8259.2,45276.4,1.2
2025-11-08,HCM_Center,1080,25,479.1,10169.1,41923.0,1.21
2025-11-08,DaNang,570,17,340.7,8292.5,62497.3,1.0
2025-11-08,HaiPhong,3357,14,403.7,8996.2,39888.7,1.79
2025-11-08,CanTho,1143,10,303.4,10674.0,35815.3,2.19
2025-11-08,Online,9864,60,1030.9,17083.6,93935.9,1.79
2025-11-09,HN_HeadOffice,1276,17,221.5,4013.3,46954.4,1.16
2025-11-09,HCM_Center,873,21,378.8,4358.8,47350.8,1.9
2025-11-09,DaNang,3140,21,414.5,9757.6,31523.3,1.13
2025-11-09,HaiPhong,2593,18,573.7,3977.4,46229.5,1.21
2025-11-09,CanTho,1982,21,217.1,4495.1,33721.7,0.84
2025-11-09,Online,10439,59,939.6,14259.6,108552.2,1.62
2025-11-10,HN_HeadOffice,2620,15,208.6,8898.7,47423.1,1.48
2025-11-10,HCM_Center,1163,23,480.9,10053.6,48017.4,1.13
2025-11-10,DaNang,1171,17,414.4,7802.7,38231.8,1.01
2025-11-10,HaiPhong,1276,9,357.9,7790.5,61506.3,1.95
2025-11-10,CanTho,2915,22,376.5,11123.6,29748.8,1.67
2025-11-10,Online,10317,42,862.5,17627.1,103831.7,1.11
2025-11-11,HN_HeadOffice,2427,17,286.0,10497.3,35478.1,1.79
2025-11-11,HCM_Center,1955,30,202.2,8502.1,52999.1,1.66
2025-11-11,DaNang,1642,25,469.0,9334.8,65088.4,1.5
2025-11-11,HaiPhong,2715,15,299.1,11297.2,35507.5,1.04
2025-11-11,CanTho,1016,24,277.8,8847.9,41902.3,1.64
2025-11-11,Online,7302,66,793.2,15728.7,82313.4,1.61
2025-11-12,HN_HeadOffice,1116,18,501.9,7116.1,55852.5,1.66
2025-11-12,HCM_Center,955,16,320.0,8856.0,67994.9,1.91
2025-11-12,DaNang,2702,21,273.8,10682.6,35455.9,1.36
2025-11-12,HaiPhong,1005,22,281.3,7405.0,52341.6,2.18
2025-11-12,CanTho,613,17,235.1,6843.0,59144.2,2.14
2025-11-12,Online,8153,54,739.7,18818.0,98548.7,0.93
2025-11-13,HN_HeadOffice,2804,27,293.9,5265.0,44427.1,1.9
2025-11-13,HCM_Center,937,17,207.6,7033.6,43333.3,1.93
2025-11-13,DaNang,1136,22,432.6,10602.4,32088.2,1.64
2025-11-13,HaiPhong,657,22,335.6,9024.3,53447.0,1.65
2025-11-13,CanTho,2687,23,208.5,8961.6,29603.2,1.73
2025-11-13,Online,10860,67,856.9,14696.4,130015.1,1.92
2025-11-14,HN_HeadOffice,3358,27,362.4,8366.2,47001.0,1.01
2025-11-14,HCM_Center,1989,11,307.2,10753.0,31724.5,1.51
2025-11-14,DaNang,800,22,311.9,3636.2,62037.1,1.54
2025-11-14,HaiPhong,532,12,282.2,8284.0,29519.6,0.91
2025-11-14,CanTho,2997,26,271.4,6268.9,53288.0,1.66
2025-11-14,Online,7076,61,826.1,17986.7,94201.4,1.91
2025-11-15,HN_HeadOffice,2257,22,248.8,8634.4,56347.7,0.89
2025-11-15,HCM_Center,2360,16,378.4,9784.9,29340.6,1.36
2025-11-15,DaNang,1255,22,256.9,7776.6,23350.2,1.35
2025-11-15,HaiPhong,568,16,294.7,7322.0,40800.2,1.52
2025-11-15,CanTho,1142,21,323.7,10565.7,39748.3,1.08
2025-11-15,Online,11006,74,906.9,19800.9,78443.7,1.77
2025-11-16,HN_HeadOffice,2262,17,274.4,10080.2,22469.5,0.84
2025-11-16,HCM_Center,2674,18,241.2,7099.3,46388.6,2.05
2025-11-16,DaNang,2631,20,463.6,3842.0,45081.9,1.4
2025-11-16,HaiPhong,2934,11,293.2,5581.4,44205.5,1.08
2025-11-16,CanTho,1672,24,406.0,9771.7,45063.2,1.39
2025-11-16,Online,8432,65,986.2,18858.9,97790.1,1.42
2025-11-17,HN_HeadOffice,3336,18,487.5,9411.3,63696.8,2.0
2025-11-17,HCM_Center,2387,19,318.9,5463.8,31195.4,1.0
2025-11-17,DaNang,2665,17,259.6,11772.2,43336.1,1.05
2025-11-17,HaiPhong,2431,18,214.8,5588.7,58465.2,1.7
2025-11-17,CanTho,2306,20,462.6,11147.1,49327.2,0.99
2025-11-17,Online,11936,73,934.9,12844.2,77633.7,2.2
2025-11-18,HN_HeadOffice,2186,21,318.4,10301.6,43153.8,1.79
2025-11-18,HCM_Center,649,20,329.5,9996.0,76846.1,1.62
2025-11-18,DaNang,1537,18,448.8,10090.6,47087.4,0.83
2025-11-18,HaiPhong,2745,15,415.9,5164.4,37390.6,2.15
2025-11-18,CanTho,3314,15,319.7,2586.5,47038.5,2.11
2025-11-18,Online,6135,78,758.7,15805.0,95843.0,1.66
2025-11-19,HN_HeadOffice,3309,15,170.7,7304.9,58396.1,1.01
2025-11-19,HCM_Center,894,17,333.8,11509.6,48292.6,1.91
2025-11-19,DaNang,2104,26,385.2,7881.0,38235.2,1.2
2025-11-19,HaiPhong,2595,23,372.2,7337.9,30483.0,1.91
2025-11-19,CanTho,1836,23,405.8,8329.4,57866.2,1.01
2025-11-19,Online,9574,73,827.1,16576.5,84042.9,1.79
2025-11-20,HN_HeadOffice,1300,30,348.1,11266.5,46046.2,0.84
2025-11-20,HCM_Center,1469,25,170.5,4284.1,37627.8,1.48
2025-11-20,DaNang,554,17,495.1,7468.7,38553.6,1.12
2025-11-20,HaiPhong,1659,18,380.0,12058.6,66872.0,1.41
2025-11-20,CanTho,874,15,416.7,9098.3,48889.9,2.12
2025-11-20,Online,6340,75,897.0,17664.2,86318.0,1.1
2025-11-21,HN_HeadOffice,708,21,491.8,7534.8,20128.4,1.31
2025-11-21,HCM_Center,1465,18,348.1,9927.0,74540.0,1.64
2025-11-21,DaNang,2215,15,361.4,7350.3,40411.2,2.01
2025-11-21,HaiPhong,1026,13,635.9,4247.6,63521.5,1.67
2025-11-21,CanTho,2040,23,391.9,8268.3,42483.9,1.84
2025-11-21,Online,8484,66,1048.7,15817.0,110522.4,1.46
2025-11-22,HN_HeadOffice,903,21,181.4,9139.0,49980.2,1.91
2025-11-22,HCM_Center,668,17,344.2,8534.4,35111.6,2.18
2025-11-22,DaNang,1362,26,393.3,7786.5,53667.1,2.03
2025-11-22,HaiPhong,3341,18,317.6,6473.2,65514.6,2.12
2025-11-22,CanTho,1806,21,291.8,8448.3,29007.5,2.01
2025-11-22,Online,10019,56,926.0,15520.8,81074.0,1.28
2025-11-23,HN_HeadOffice,658,30,395.9,5514.9,43325.7,1.69
2025-11-23,HCM_Center,2631,18,384.8,8916.4,49977.6,1.94
2025-11-23,DaNang,3451,21,375.8,7437.7,36549.1,1.04
2025-11-23,HaiPhong,2022,16,275.6,7903.8,45054.7,1.84
2025-11-23,CanTho,2260,17,348.2,7280.5,47882.3,2.07
2025-11-23,Online,7923,64,994.5,15090.8,74898.6,1.85
2025-11-24,HN_HeadOffice,918,20,290.7,6643.6,46941.4,2.12
2025-11-24,HCM_Center,1204,14,225.2,12007.7,46495.9,1.38
2025-11-24,DaNang,1213,24,278.9,4078.1,39124.0,1.86
2025-11-24,HaiPhong,2763,25,548.2,8624.2,48568.2,1.41
2025-11-24,CanTho,3027,26,439.2,10351.4,25332.5,1.83
2025-11-24,Online,9129,65,1047.8,15449.4,105278.0,1.04
2025-11-25,HN_HeadOffice,1238,25,122.8,6977.1,45250.1,2.01
2025-11-25,HCM_Center,1474,17,174.7,10516.9,43567.9,0.92
2025-11-25,DaNang,2656,11,288.4,9845.8,55224.4,1.88
2025-11-25,HaiPhong,3228,16,323.5,5578.5,46140.6,1.48
2025-11-25,CanTho,651,27,356.9,9825.3,25510.4,0.89
2025-11-25,Online,9581,58,882.1,12607.5,92135.2,2.04
2025-11-26,HN_HeadOffice,586,14,392.4,5845.2,29257.3,0.82
2025-11-26,HCM_Center,3360,22,409.5,11089.5,49270.1,1.97
2025-11-26,DaNang,3345,14,295.9,8270.2,53033.6,1.59
2025-11-26,HaiPhong,2069,28,476.9,9165.4,40533.4,0.99
2025-11-26,CanTho,1232,23,380.2,6427.8,33877.9,2.01
2025-11-26,Online,7920,61,1094.5,11645.3,74686.2,1.1
2025-11-27,HN_HeadOffice,2679,21,492.3,7339.2,45821.7,0.94
2025-11-27,HCM_Center,1313,22,434.6,6406.2,23903.0,1.07
2025-11-27,DaNang,523,14,329.1,8695.5,33159.2,2.08
2025-11-27,HaiPhong,3148,18,188.5,8870.7,10098.9,2.1
2025-11-27,CanTho,2472,23,50.0,11465.9,42003.8,2.0
2025-11-27,Online,12620,63,916.9,18387.7,74468.8,1.27
2025-11-28,HN_HeadOffice,1120,21,219.8,10632.6,49177.5,1.53
2025-11-28,HCM_Center,2653,23,217.5,6187.6,47053.0,2.09
2025-11-28,DaNang,963,26,175.4,10447.4,58511.2,0.83
2025-11-28,HaiPhong,3346,23,643.5,11208.6,53099.4,1.31
2025-11-28,CanTho,1545,14,348.0,11115.1,38657.9,1.21
2025-11-28,Online,9623,82,983.5,19493.6,89358.8,2.11
2025-11-29,HN_HeadOffice,3292,27,331.3,5582.9,46706.5,1.75
2025-11-29,HCM_Center,2046,22,178.5,5724.5,32970.3,1.15
2025-11-29,DaNang,3234,11,451.6,8435.4,34316.6,1.72
2025-11-29,HaiPhong,2981,20,437.8,8051.6,50974.8,1.19
2025-11-29,CanTho,3267,15,347.4,7866.7,39594.4,0.98
2025-11-29,Online,9620,60,953.9,16986.9,88160.9,1.32
2025-11-30,HN_HeadOffice,2901,19,395.8,12283.2,40845.3,1.46
2025-11-30,HCM_Center,3317,18,369.5,10045.0,35093.8,1.88
2025-11-30,DaNang,1781,18,189.5,9173.2,38772.3,1.68
2025-11-30,HaiPhong,975,15,295.3,9431.5,53313.1,2.19
2025-11-30,CanTho,745,15,471.8,10060.5,31233.6,1.84
2025-11-30,Online,11680,64,945.0,18515.4,124015.9,0.81
2025-12-01,HN_HeadOffice,2555,28,451.3,7400.5,48430.4,1.37
2025-12-01,HCM_Center,1209,16,453.6,9210.0,39479.3,2.05
2025-12-01,DaNang,1889,22,336.2,9607.3,35681.7,1.16
2025-12-01,HaiPhong,2050,14,291.7,10045.8,40994.3,1.87
2025-12-01,CanTho,552,13,429.7,8665.5,14436.0,1.05
2025-12-01,Online,12418,63,937.9,13324.2,90328.3,1.27
2025-12-02,HN_HeadOffice,1164,22,600.2,8737.5,37628.2,1.16
2025-12-02,HCM_Center,507,29,345.2,11595.3,50929.6,0.81
2025-12-02,DaNang,1092,17,364.9,4600.3,57829.2,1.01
2025-12-02,HaiPhong,1804,19,329.8,5466.9,33531.8,1.4
2025-12-02,CanTho,999,21,298.4,8978.6,48642.7,2.07
2025-12-02,Online,11858,63,848.5,12981.1,109316.6,1.33
2025-12-03,HN_HeadOffice,2459,17,435.0,7798.5,57113.7,1.17
2025-12-03,HCM_Center,1822,16,282.0,12314.9,64091.0,1.71
2025-12-03,DaNang,2865,15,356.0,5293.1,42418.1,1.28
2025-12-03,HaiPhong,3069,23,311.1,7976.6,37565.7,0.96
2025-12-03,CanTho,3483,22,380.9,7923.9,50660.0,0.94
2025-12-03,Online,8292,53,901.7,15578.3,92025.2,0.82
2025-12-04,HN_HeadOffice,2954,14,451.7,8278.6,37853.1,1.37
2025-12-04,HCM_Center,1786,28,332.8,7428.9,61925.2,2.07
2025-12-04,DaNang,1778,15,517.7,7668.0,50610.2,1.06
2025-12-04,HaiPhong,3302,19,420.1,2000.0,60190.4,1.09
2025-12-04,CanTho,2665,23,339.5,9554.3,43437.0,1.51
2025-12-04,Online,8361,69,1029.9,19520.8,111488.8,0.88
2025-12-05,HN_HeadOffice,2328,25,116.7,5571.5,55079.6,0.91
2025-12-05,HCM_Center,632,19,412.7,7550.0,47016.0,0.84
2025-12-05,DaNang,767,28,139.5,2000.0,45348.5,1.62
2025-12-05,HaiPhong,3223,34,208.7,6810.6,43259.1,0.94
2025-12-05,CanTho,2059,15,419.0,4612.3,60277.3,0.87
2025-12-05,Online,9351,59,1021.7,20350.5,120864.2,1.48
2025-12-06,HN_HeadOffice,699,27,487.3,6922.9,56314.5,1.72
2025-12-06,HCM_Center,3064,22,391.9,7244.2,45014.5,0.96
2025-12-06,DaNang,3279,14,285.8,7735.5,42450.8,1.32
2025-12-06,HaiPhong,2417,22,336.2,9254.5,46520.3,1.58
2025-12-06,CanTho,2795,15,372.1,8009.9,54183.2,0.85
2025-12-06,Online,11870,69,665.0,21360.4,77198.6,1.06
2025-12-07,HN_HeadOffice,1407,23,247.2,6092.9,22805.8,0.94
2025-12-07,HCM_Center,1298,18,221.5,7996.1,49908.4,1.19
2025-12-07,DaNang,1253,24,386.7,4815.6,31291.1,1.03
2025-12-07,HaiPhong,2289,15,329.4,6961.6,65307.3,1.77
2025-12-07,CanTho,2474,18,391.9,10157.7,30167.2,1.35
2025-12-07,Online,7617,69,978.8,15802.2,86434.1,1.62
2025-12-08,HN_HeadOffice,2107,17,288.7,6833.7,34636.0,1.94
2025-12-08,HCM_Center,3145,25,250.8,8240.4,56132.6,1.2
2025-12-08,DaNang,569,20,290.1,5987.0,57878.7,2.13
2025-12-08,HaiPhong,3076,23,362.7,9160.1,57592.9,1.59
2025-12-08,CanTho,1754,21,393.9,8083.9,44098.7,2.15
2025-12-08,Online,10732,67,893.1,17843.1,102832.6,2.15
2025-12-09,HN_HeadOffice,2299,17,267.6,10280.9,48564.5,1.49
2025-12-09,HCM_Center,2972,22,250.8,7842.4,43254.2,1.07
2025-12-09,DaNang,883,22,385.6,9312.7,50363.6,1.48
2025-12-09,HaiPhong,3234,21,364.0,8276.6,23605.2,1.45
2025-12-09,CanTho,3080,28,487.7,6533.9,46663.9,1.1
2025-12-09,Online,7660,67,942.0,17220.8,92857.8,1.26
2025-12-10,HN_HeadOffice,1729,20,388.7,4962.2,35921.4,1.52
2025-12-10,HCM_Center,3007,21,202.8,3384.8,37938.0,1.24
2025-12-10,DaNang,2328,22,352.2,10016.8,38099.2,2.06
2025-12-10,HaiPhong,3419,17,331.8,2310.2,59404.9,1.08
2025-12-10,CanTho,2254,20,324.9,10862.0,30949.1,2.14
2025-12-10,Online,6935,62,952.9,15730.8,90637.2,1.66
2025-12-11,HN_HeadOffice,2602,21,319.1,2524.7,57963.1,1.25
2025-12-11,HCM_Center,2386,24,431.7,9960.4,46473.5,1.29
2025-12-11,DaNang,2305,19,238.1,7724.1,56576.7,1.23
2025-12-11,HaiPhong,3473,24,508.2,6647.4,48498.4,1.91
2025-12-11,CanTho,2106,17,393.4,9573.0,51534.9,0.91
2025-12-11,Online,11978,72,867.2,12848.9,99980.8,1.32
2025-12-12,HN_HeadOffice,2344,19,411.1,8178.6,31896.0,1.56
2025-12-12,HCM_Center,2431,18,301.4,7383.0,54552.5,1.94
2025-12-12,DaNang,2429,14,489.7,9709.1,37529.2,1.56
2025-12-12,HaiPhong,2994,21,580.0,6498.4,22211.7,1.17
2025-12-12,CanTho,651,13,343.5,8248.6,67141.7,1.04
2025-12-12,Online,6784,67,921.8,12972.6,85977.0,1.18
2025-12-13,HN_HeadOffice,2032,18,556.9,10466.2,58441.0,0.93
2025-12-13,HCM_Center,2148,21,468.5,9087.2,55809.6,1.96
2025-12-13,DaNang,2817,23,288.7,9851.8,64545.9,1.69
2025-12-13,HaiPhong,743,19,319.9,8264.5,45300.3,1.81
2025-12-13,CanTho,2973,19,260.9,9141.7,38527.0,1.6
2025-12-13,Online,11334,52,863.1,17814.9,105036.4,1.71
2025-12-14,HN_HeadOffice,1791,20,518.5,11645.3,36979.3,1.49
2025-12-14,HCM_Center,1856,22,358.5,9943.4,23097.9,1.29
2025-12-14,DaNang,2841,28,385.7,10764.0,28494.0,1.08
2025-12-14,HaiPhong,2670,13,375.9,6025.6,38389.4,1.02
2025-12-14,CanTho,2892,18,376.4,8927.0,53253.9,0.84
2025-12-14,Online,9256,68,919.9,14036.2,93136.5,1.25
2025-12-15,HN_HeadOffice,1936,19,551.1,7615.0,40952.8,2.04
2025-12-15,HCM_Center,1455,23,321.8,7286.4,31305.2,0.84
2025-12-15,DaNang,3128,25,464.1,8996.6,57868.5,1.97
2025-12-15,HaiPhong,1706,23,545.8,5897.8,42599.3,1.61
2025-12-15,CanTho,1581,18,604.3,4789.2,30357.1,1.73
2025-12-15,Online,7483,72,920.1,14312.1,82803.4,0.96
2025-12-16,HN_HeadOffice,584,16,466.8,8920.6,44365.0,1.31
2025-12-16,HCM_Center,2702,21,307.1,8437.2,48986.3,1.54
2025-12-16,DaNang,874,14,441.3,7329.4,46229.8,1.21
2025-12-16,HaiPhong,3125,21,367.8,8356.1,55470.6,1.19
2025-12-16,CanTho,1774,21,375.4,4728.3,34941.2,1.26
2025-12-16,Online,10704,66,1007.8,13273.2,106370.0,0.8
2025-12-17,HN_HeadOffice,906,16,511.4,7133.2,16363.5,1.01
2025-12-17,HCM_Center,1923,24,340.3,8660.5,50924.4,1.52
2025-12-17,DaNang,3197,27,358.8,7127.4,43633.9,0.89
2025-12-17,HaiPhong,1294,20,419.4,5612.5,32960.4,1.24
2025-12-17,CanTho,2032,18,449.0,9353.2,38827.1,0.99
2025-12-17,Online,11540,69,1004.2,15892.9,85893.0,1.85
2025-12-18,HN_HeadOffice,3284,14,223.9,6017.1,43378.9,1.8
2025-12-18,HCM_Center,1635,24,598.1,10475.0,42438.4,1.74
2025-12-18,DaNang,2269,26,323.0,8289.5,43827.7,1.43
2025-12-18,HaiPhong,1221,31,375.1,8480.4,24463.7,1.75
2025-12-18,CanTho,1204,21,424.3,8249.7,29984.2,1.71
2025-12-18,Online,9832,77,754.2,16790.8,101792.9,0.99
2025-12-19,HN_HeadOffice,2553,19,453.6,5787.0,32881.5,1.14
2025-12-19,HCM_Center,2902,24,266.3,6451.5,22116.6,1.97
2025-12-19,DaNang,2224,20,284.0,6416.0,34509.0,1.88
2025-12-19,HaiPhong,829,17,578.7,8697.5,49548.5,1.18
2025-12-19,CanTho,558,17,360.2,7299.1,21624.1,1.98
2025-12-19,Online,9979,66,794.8,13834.7,68365.5,1.35
2025-12-20,HN_HeadOffice,2201,20,281.4,7043.6,79121.0,1.63
2025-12-20,HCM_Center,2208,19,525.7,6862.3,45448.2,1.49
2025-12-20,DaNang,2568,22,511.0,8524.5,56073.8,1.32
2025-12-20,HaiPhong,3154,16,391.5,7000.8,50691.2,2.06
2025-12-20,CanTho,2465,24,720.4,3940.5,61993.6,1.01
2025-12-20,Online,7062,63,888.6,17815.1,123193.3,1.7
2025-12-21,HN_HeadOffice,1672,20,532.4,7738.3,44647.6,1.79
2025-12-21,HCM_Center,1105,22,360.1,9139.0,42722.6,1.24
2025-12-21,DaNang,1467,14,300.5,9474.0,56777.2,1.48
2025-12-21,HaiPhong,835,27,534.7,8598.6,33038.5,0.98
2025-12-21,CanTho,1458,22,508.7,6881.0,25261.6,1.92
2025-12-21,Online,9849,57,1002.3,15443.2,68962.4,1.51
2025-12-22,HN_HeadOffice,1571,17,366.8,7386.9,43854.6,1.62
2025-12-22,HCM_Center,1920,19,323.9,7545.0,49049.9,2.2
2025-12-22,DaNang,3008,20,300.6,8277.4,26727.7,1.28
2025-12-22,HaiPhong,2220,18,369.1,9254.6,44103.9,1.58
2025-12-22,CanTho,762,17,450.1,7555.5,39938.7,1.11
2025-12-22,Online,10630,49,568.8,13508.8,94252.0,1.76
2025-12-23,HN_HeadOffice,2547,16,304.7,6407.6,26808.9,1.67
2025-12-23,HCM_Center,558,28,304.4,9528.3,33634.6,2.11
2025-12-23,DaNang,2948,17,278.1,8702.2,30518.9,1.53
2025-12-23,HaiPhong,2312,27,486.0,9112.3,41521.3,0.82
2025-12-23,CanTho,1300,20,279.4,7340.2,31365.6,0.94
2025-12-23,Online,10470,58,790.0,14081.6,98597.6,1.29
2025-12-24,HN_HeadOffice,1106,17,394.6,10127.1,52471.5,2.03
2025-12-24,HCM_Center,1058,19,447.5,7659.6,34333.0,2.2
2025-12-24,DaNang,1281,18,327.5,6232.5,40717.0,1.77
2025-12-24,HaiPhong,2124,13,314.3,7168.1,35490.4,2.15
2025-12-24,CanTho,1145,18,304.4,11615.7,43281.3,1.91
2025-12-24,Online,11262,69,888.3,18282.6,108324.0,1.67
2025-12-25,HN_HeadOffice,1119,21,554.7,2863.4,32459.8,2.09
2025-12-25,HCM_Center,2856,13,657.5,8322.1,46326.1,1.18
2025-12-25,DaNang,2305,22,392.5,13396.3,37590.9,1.28
2025-12-25,HaiPhong,1295,13,468.2,7399.5,32016.7,2.03
2025-12-25,CanTho,2567,25,250.1,8851.9,40068.3,2.13
2025-12-25,Online,9438,46,859.7,17051.3,82164.1,1.97
2025-12-26,HN_HeadOffice,3459,18,596.1,9322.9,29970.0,2.09
2025-12-26,HCM_Center,1689,17,439.5,10004.4,59597.5,1.08
2025-12-26,DaNang,1072,23,401.6,10555.2,41565.7,1.83
2025-12-26,HaiPhong,1841,15,479.5,6461.7,62929.1,1.32
2025-12-26,CanTho,2030,10,476.5,8605.7,12009.5,1.47
2025-12-26,Online,8966,62,906.1,18001.5,91732.5,1.82
2025-12-27,HN_HeadOffice,2596,13,418.1,9751.7,34471.9,0.9
2025-12-27,HCM_Center,928,18,385.2,8099.9,26412.9,1.67
2025-12-27,DaNang,1399,17,182.8,9922.5,48098.3,1.37
2025-12-27,HaiPhong,3426,17,363.2,7724.1,56426.1,1.45
2025-12-27,CanTho,2982,23,567.5,7447.0,53550.3,1.69
2025-12-27,Online,10891,72,839.5,14523.7,89813.7,1.34
2025-12-28,HN_HeadOffice,726,21,124.8,5401.1,21965.9,1.98
2025-12-28,HCM_Center,1120,27,384.7,8567.5,53723.4,1.42
2025-12-28,DaNang,1566,19,417.4,11065.0,56694.8,1.09
2025-12-28,HaiPhong,1723,14,406.5,4737.2,45122.6,2.06
2025-12-28,CanTho,3015,20,324.1,8683.3,47057.1,1.78
2025-12-28,Online,7036,58,1028.9,15943.6,119594.9,1.78
2025-12-29,HN_HeadOffice,1134,20,515.5,6451.0,31923.2,1.92
2025-12-29,HCM_Center,871,21,459.3,5063.4,55074.1,1.33
2025-12-29,DaNang,3144,35,422.8,7931.1,57692.8,1.9
2025-12-29,HaiPhong,2479,22,342.2,8843.2,50354.9,0.83
2025-12-29,CanTho,544,26,247.1,8284.3,37776.4,1.0
2025-12-29,Online,8429,78,1160.6,20006.9,68466.2,1.35
2025-12-30,HN_HeadOffice,1062,19,550.6,8055.4,32557.2,1.06
2025-12-30,HCM_Center,844,20,220.0,6279.9,50166.9,1.23
2025-12-30,DaNang,2593,21,215.2,7600.8,56064.0,1.18
2025-12-30,HaiPhong,1283,25,686.3,3020.2,56223.7,1.76
2025-12-30,CanTho,2667,15,554.8,5102.4,52251.9,2.11
2025-12-30,Online,12327,69,760.2,12434.5,111042.0,1.57
2025-12-31,HN_HeadOffice,3402,18,296.8,9612.4,37512.4,1.12
2025-12-31,HCM_Center,536,18,442.1,3456.8,49413.1,2.03
2025-12-31,DaNang,1344,17,492.8,6827.0,76093.8,1.07
2025-12-31,HaiPhong,879,28,241.7,5886.7,57715.1,2.12
2025-12-31,CanTho,2623,19,538.8,7030.4,40966.0,1.77
2025-12-31,Online,11632,60,915.4,11618.0,84464.0,2.0
2026-01-01,HN_HeadOffice,1098,17,198.3,8272.6,43547.7,1.08
2026-01-01,HCM_Center,1323,16,479.3,9681.5,45621.4,0.85
2026-01-01,DaNang,3495,20,403.6,9917.1,65773.4,2.1
2026-01-01,HaiPhong,1117,19,469.1,8889.7,58587.1,1.81
2026-01-01,CanTho,1969,27,371.5,9182.4,35079.4,1.99
2026-01-01,Online,11800,67,750.0,14969.4,93769.8,1.35
2026-01-02,HN_HeadOffice,750,18,230.5,12746.7,27224.0,1.65
2026-01-02,HCM_Center,2683,14,319.4,11931.4,55735.0,1.73
2026-01-02,DaNang,3226,19,308.0,9822.2,35927.9,1.02
2026-01-02,HaiPhong,2517,25,428.1,9546.7,40130.5,1.43
2026-01-02,CanTho,2654,18,382.0,9103.7,65373.1,2.2
2026-01-02,Online,8583,76,861.8,17416.5,100001.0,1.78
2026-01-03,HN_HeadOffice,2703,19,431.4,6932.7,54998.4,1.97
2026-01-03,HCM_Center,692,25,380.0,8672.4,51743.4,1.62
2026-01-03,DaNang,589,25,348.6,5995.4,42596.6,0.96
2026-01-03,HaiPhong,3363,15,183.9,6947.1,46605.2,2.05
2026-01-03,CanTho,1996,21,233.2,4122.0,72441.3,2.13
2026-01-03,Online,10311,72,926.9,18070.9,90600.2,0.87
2026-01-04,HN_HeadOffice,3207,16,399.4,8146.3,31112.5,1.04
2026-01-04,HCM_Center,893,21,337.6,8666.0,55709.5,2.11
2026-01-04,DaNang,1581,28,384.8,8869.8,60163.9,2.02
2026-01-04,HaiPhong,2794,19,311.2,8595.7,34431.6,1.47
2026-01-04,CanTho,2637,18,329.2,9221.9,31940.1,1.85
2026-01-04,Online,11612,64,930.2,18625.8,98125.9,1.01
2026-01-05,HN_HeadOffice,1585,14,419.1,7372.4,47763.6,1.13
2026-01-05,HCM_Center,2215,13,508.6,8246.5,44143.5,2.0
2026-01-05,DaNang,3259,18,456.6,4382.1,51818.7,2.18
2026-01-05,HaiPhong,1237,18,284.3,4210.2,55108.1,0.93
2026-01-05,CanTho,676,24,353.3,6134.7,45680.1,1.5
2026-01-05,Online,10636,53,888.3,16601.9,91397.8,1.21
2026-01-06,HN_HeadOffice,812,20,655.3,4878.2,51768.9,1.16
2026-01-06,HCM_Center,1346,22,492.9,7548.0,44352.5,1.38
2026-01-06,DaNang,2351,13,363.0,5474.6,56955.8,1.87
2026-01-06,HaiPhong,2072,28,326.6,9050.9,55295.3,0.98
2026-01-06,CanTho,1772,23,205.1,9040.3,37964.7,1.82
2026-01-06,Online,9338,71,930.7,14519.3,84553.7,0.82
2026-01-07,HN_HeadOffice,2415,24,328.8,9361.5,55739.3,2.07
2026-01-07,HCM_Center,1888,20,221.1,9181.7,37246.1,1.57
2026-01-07,DaNang,1694,21,390.6,4840.0,33374.9,1.25
2026-01-07,HaiPhong,3416,16,311.2,9017.1,57025.2,1.35
2026-01-07,CanTho,1402,17,327.0,4717.8,44692.9,0.84
2026-01-07,Online,8493,72,990.0,14257.7,115551.0,0.86
2026-01-08,HN_HeadOffice,1766,19,298.4,6160.2,40999.8,2.09
2026-01-08,HCM_Center,3220,27,272.1,11397.8,49737.6,1.69
2026-01-08,DaNang,643,18,312.5,9611.4,50954.2,1.6
2026-01-08,HaiPhong,3002,14,257.4,9671.9,31929.2,1.15
2026-01-08,CanTho,1819,20,451.2,8262.2,47847.8,1.8
2026-01-08,Online,9084,56,918.3,15963.1,104305.2,2.11
2026-01-09,HN_HeadOffice,1687,23,495.1,6991.5,40560.2,1.12
2026-01-09,HCM_Center,1378,23,256.2,5598.9,55697.0,1.09
2026-01-09,DaNang,1662,22,189.9,10673.8,34734.2,1.09
2026-01-09,HaiPhong,520,16,355.7,7000.3,52900.5,1.37
2026-01-09,CanTho,900,24,328.0,11532.1,42139.1,2.15
2026-01-09,Online,12648,68,871.0,15677.6,96037.5,0.88
2026-01-10,HN_HeadOffice,2382,21,364.0,2027.4,32786.6,1.07
2026-01-10,HCM_Center,1531,24,501.0,11781.6,65141.5,1.82
2026-01-10,DaNang,2939,14,187.6,11933.6,39922.3,1.15
2026-01-10,HaiPhong,2635,25,290.8,7657.0,26190.4,1.25
2026-01-10,CanTho,1619,19,294.8,8242.4,55286.4,1.67
2026-01-10,Online,12376,65,883.7,15231.9,109489.9,1.24
2026-01-11,HN_HeadOffice,2545,26,512.3,9557.7,64936.1,2.0
2026-01-11,HCM_Center,3302,21,135.5,7107.1,45266.4,0.85
2026-01-11,DaNang,2925,21,330.9,8198.9,40282.7,1.4
2026-01-11,HaiPhong,1740,21,308.4,12662.9,50646.1,1.66
2026-01-11,CanTho,2435,28,292.6,4195.2,52949.3,1.75
2026-01-11,Online,6953,74,971.5,18539.2,104829.9,1.94
2026-01-12,HN_HeadOffice,1332,24,395.3,7881.4,65281.6,1.95
2026-01-12,HCM_Center,1400,16,254.6,12201.5,57509.3,1.8
2026-01-12,DaNang,666,14,396.4,8178.9,26929.3,1.9
2026-01-12,HaiPhong,1501,27,396.3,10024.8,60658.6,1.13
2026-01-12,CanTho,2608,23,199.6,5819.6,39681.2,2.03
2026-01-12,Online,8179,68,819.6,16241.6,105979.4,0.94
2026-01-13,HN_HeadOffice,1747,18,146.4,8979.7,32489.0,1.5
2026-01-13,HCM_Center,2294,21,401.0,11640.4,27714.7,0.99
2026-01-13,DaNang,1089,15,433.7,6353.4,51816.1,0.87
2026-01-13,HaiPhong,1547,30,391.5,10702.2,27932.6,1.43
2026-01-13,CanTho,3353,21,490.4,7847.2,50278.9,1.07
2026-01-13,Online,7377,68,919.5,19058.0,86800.0,1.07
2026-01-14,HN_HeadOffice,1730,28,519.0,8697.6,39962.3,1.74
2026-01-14,HCM_Center,1076,18,360.9,9843.2,60346.3,1.07
2026-01-14,DaNang,1198,23,430.3,9560.6,29232.6,1.35
2026-01-14,HaiPhong,2593,23,539.4,11231.6,52697.9,2.17
2026-01-14,CanTho,1396,17,236.1,6600.3,43703.3,1.89
2026-01-14,Online,6522,65,864.5,16962.7,100210.1,1.42
2026-01-15,HN_HeadOffice,2777,15,385.5,6855.7,35069.4,1.85
2026-01-15,HCM_Center,1805,23,262.7,7689.5,46558.6,1.17
2026-01-15,DaNang,1763,23,347.0,10497.0,46821.8,1.83
2026-01-15,HaiPhong,2327,20,303.0,6514.1,28360.7,2.16
2026-01-15,CanTho,3425,27,143.3,8113.8,27702.5,1.68
2026-01-15,Online,7632,65,852.5,14197.8,113016.6,1.91
2026-01-16,HN_HeadOffice,1242,16,418.8,8341.3,83421.3,0.93
2026-01-16,HCM_Center,1537,22,270.1,8537.9,47910.7,1.38
2026-01-16,DaNang,1876,12,332.0,7480.1,50910.2,1.5
2026-01-16,HaiPhong,2186,15,211.6,9054.4,49935.7,2.18
2026-01-16,CanTho,2625,18,315.2,6002.8,45108.4,1.33
2026-01-16,Online,8178,63,798.0,19213.4,93451.1,1.32
2026-01-17,HN_HeadOffice,3037,15,478.2,7181.8,24165.3,1.93
2026-01-17,HCM_Center,1474,31,273.3,6233.9,29648.0,1.48
2026-01-17,DaNang,1563,20,399.3,4953.4,41476.5,0.91
2026-01-17,HaiPhong,1550,15,310.7,4328.3,23916.3,1.56
2026-01-17,CanTho,3445,22,490.4,7578.3,62108.9,1.13
2026-01-17,Online,8318,72,719.8,15861.5,97551.4,1.18
2026-01-18,HN_HeadOffice,872,24,528.9,5336.5,44610.1,2.06
2026-01-18,HCM_Center,973,22,550.2,10680.0,29369.3,2.19
2026-01-18,DaNang,1340,24,454.5,8254.4,31493.3,2.05
2026-01-18,HaiPhong,883,29,407.2,4375.7,54999.0,1.91
2026-01-18,CanTho,3136,21,290.3,10905.3,47597.1,2.08
2026-01-18,Online,12391,63,1008.9,17218.8,99474.6,0.85
2026-01-19,HN_HeadOffice,757,20,471.8,9665.7,56851.0,1.2
2026-01-19,HCM_Center,1807,18,249.2,10393.5,51765.8,1.16
2026-01-19,DaNang,3288,19,166.0,8321.5,53010.7,1.43
2026-01-19,HaiPhong,1019,19,415.7,9606.2,43513.6,1.04
2026-01-19,CanTho,2016,29,311.4,9592.1,39514.9,1.43
2026-01-19,Online,8375,56,836.5,15743.9,99696.4,1.64
2026-01-20,HN_HeadOffice,1226,17,417.7,6536.4,53292.6,1.8
2026-01-20,HCM_Center,3422,12,240.8,11780.3,45044.0,2.18
2026-01-20,DaNang,744,18,253.6,6030.3,31713.6,2.16
2026-01-20,HaiPhong,3028,20,326.8,8513.0,81276.8,1.04
2026-01-20,CanTho,1506,17,254.3,9432.9,49933.4,2.12
2026-01-20,Online,12971,59,966.2,18347.0,98445.1,1.01
2026-01-21,HN_HeadOffice,2872,21,303.1,5417.9,60273.6,1.12
2026-01-21,HCM_Center,1688,16,619.4,11379.6,35671.5,2.2
2026-01-21,DaNang,3049,18,234.9,8307.8,43685.4,1.51
2026-01-21,HaiPhong,3360,19,281.1,5565.9,68413.6,2.01
2026-01-21,CanTho,1464,19,382.1,5083.8,47002.2,1.58
2026-01-21,Online,9469,56,754.4,15389.7,79525.4,1.49
2026-01-22,HN_HeadOffice,1922,23,254.0,7496.6,57065.5,1.13
2026-01-22,HCM_Center,1771,15,485.7,6405.6,48267.9,1.3
2026-01-22,DaNang,3402,13,50.0,8633.9,44892.1,1.9
2026-01-22,HaiPhong,2918,19,245.5,12444.2,40395.4,1.44
2026-01-22,CanTho,3280,24,257.3,6700.5,49769.7,1.82
2026-01-22,Online,7339,60,921.5,17069.4,117029.5,0.89
2026-01-23,HN_HeadOffice,682,20,154.3,6177.8,47041.9,1.62
2026-01-23,HCM_Center,648,24,279.0,5946.5,52892.6,1.0
2026-01-23,DaNang,2035,20,415.4,8592.8,50620.2,2.01
2026-01-23,HaiPhong,1305,12,524.6,7737.3,49263.0,1.76
2026-01-23,CanTho,1819,23,471.5,8638.0,48069.5,1.52
2026-01-23,Online,6422,65,926.8,12621.3,88680.6,1.72
2026-01-24,HN_HeadOffice,1273,24,502.3,7965.3,30114.3,1.2
2026-01-24,HCM_Center,3241,16,377.1,9325.9,54032.2,1.71
2026-01-24,DaNang,2489,17,476.7,11248.4,51782.8,2.03
2026-01-24,HaiPhong,826,27,223.6,6519.1,40023.5,1.41
2026-01-24,CanTho,2263,17,360.3,3454.0,32325.2,1.91
2026-01-24,Online,10846,62,950.9,17754.1,101130.4,1.92
2026-01-25,HN_HeadOffice,2341,13,367.8,9344.4,10000.0,1.79
2026-01-25,HCM_Center,1336,17,543.5,6058.9,20032.8,1.02
2026-01-25,DaNang,1604,27,133.3,10166.1,54145.8,1.85
2026-01-25,HaiPhong,2666,22,515.4,4518.1,62827.4,1.94
2026-01-25,CanTho,2617,25,426.9,8455.9,63805.7,0.97
2026-01-25,Online,6600,64,934.6,14899.9,99740.9,1.2
2026-01-26,HN_HeadOffice,2962,19,246.7,6438.1,10000.0,2.11
2026-01-26,HCM_Center,2824,23,657.3,6702.0,51598.8,1.73
2026-01-26,DaNang,1735,10,491.2,10357.4,36712.3,1.31
2026-01-26,HaiPhong,1187,24,87.6,7756.6,46930.6,1.21
2026-01-26,CanTho,1176,15,364.9,5861.1,51432.4,1.12
2026-01-26,Online,7521,69,984.7,17321.2,104838.8,1.53
2026-01-27,HN_HeadOffice,2457,11,342.7,9315.5,48966.7,1.44
2026-01-27,HCM_Center,3356,17,483.8,10724.4,44295.0,2.13
2026-01-27,DaNang,1761,16,219.6,8395.3,41333.1,1.74
2026-01-27,HaiPhong,765,30,194.3,6339.7,50048.4,2.0
2026-01-27,CanTho,3116,18,520.6,6501.1,40054.7,1.4
2026-01-27,Online,11662,80,796.2,20362.1,118566.0,1.09
2026-01-28,HN_HeadOffice,1901,20,364.9,5764.7,50780.5,1.26
2026-01-28,HCM_Center,3181,20,407.3,10132.3,52079.2,1.03
2026-01-28,DaNang,3133,23,634.0,7986.3,48809.4,1.4
2026-01-28,HaiPhong,907,14,467.4,8531.7,46875.7,1.68
2026-01-28,CanTho,1786,19,283.9,8101.8,41734.2,1.68
2026-01-28,Online,7016,66,860.6,14140.1,92883.0,2.17
2026-01-29,HN_HeadOffice,3188,20,398.9,7063.1,61346.4,1.91
2026-01-29,HCM_Center,2345,15,373.1,8868.3,56071.0,1.77
2026-01-29,DaNang,958,23,235.3,8812.9,26283.2,1.49
2026-01-29,HaiPhong,1367,19,294.4,9709.5,42570.6,0.8
2026-01-29,CanTho,2076,17,184.9,8885.6,61499.6,1.33
2026-01-29,Online,11709,84,1078.3,15485.9,101580.8,0.91
2026-01-30,HN_HeadOffice,1062,13,343.2,8108.9,38538.2,1.84
2026-01-30,HCM_Center,2502,15,224.3,9654.7,49622.4,2.2
2026-01-30,DaNang,1640,17,281.6,8025.2,46823.6,1.34
2026-01-30,HaiPhong,1076,20,354.0,13558.6,34829.5,1.96
2026-01-30,CanTho,2073,19,327.8,8267.2,40444.0,1.71
2026-01-30,Online,12147,48,999.4,17393.3,84616.1,1.75
2026-01-31,HN_HeadOffice,1932,24,380.7,7333.4,49872.9,1.6
2026-01-31,HCM_Center,1510,19,389.0,11690.1,42047.8,1.31
2026-01-31,DaNang,2378,22,297.9,7420.6,35165.4,0.99
2026-01-31,HaiPhong,2766,20,284.4,6408.7,47856.5,0.94
2026-01-31,CanTho,1822,26,236.9,7715.9,53432.0,1.55
2026-01-31,Online,9602,58,809.4,17907.0,99236.5,1.4
2026-02-01,HN_HeadOffice,1022,25,298.9,5597.5,43349.2,2.1
2026-02-01,HCM_Center,847,23,90.4,6978.4,73156.4,1.29
2026-02-01,DaNang,3290,19,291.1,11191.8,57224.1,1.04
2026-02-01,HaiPhong,3068,27,316.6,9693.3,41969.2,1.15
2026-02-01,CanTho,1278,18,333.9,4967.5,17699.0,1.3
2026-02-01,Online,6181,69,825.9,16097.2,68991.6,1.34
2026-02-02,HN_HeadOffice,2838,20,285.9,5836.0,51901.7,1.15
2026-02-02,HCM_Center,2452,23,109.3,7140.4,43666.1,0.82
2026-02-02,DaNang,577,17,359.5,7624.2,45352.9,0.97
2026-02-02,HaiPhong,2884,29,310.3,6380.2,28376.8,1.34
2026-02-02,CanTho,599,14,594.1,7028.6,36980.4,0.85
2026-02-02,Online,12373,78,901.0,20241.2,80858.0,1.57
2026-02-03,HN_HeadOffice,1212,21,424.1,5716.2,50542.0,2.01
2026-02-03,HCM_Center,1031,18,261.3,6437.6,24218.6,1.32
2026-02-03,DaNang,2359,16,270.6,7390.6,39496.9,2.04
2026-02-03,HaiPhong,2956,19,302.5,10065.9,41889.4,1.6
2026-02-03,CanTho,3381,16,282.9,9936.0,62769.5,0.93
2026-02-03,Online,9399,51,1019.3,14367.0,100758.3,1.46
2026-02-04,HN_HeadOffice,2168,22,357.6,8570.9,51441.1,0.96
2026-02-04,HCM_Center,1804,16,406.9,6020.1,44770.2,1.42
2026-02-04,DaNang,1460,24,372.5,9196.6,28573.6,0.92
2026-02-04,HaiPhong,1177,22,164.6,6658.0,26534.3,1.38
2026-02-04,CanTho,1813,19,316.0,6482.8,38411.5,1.31
2026-02-04,Online,10386,68,880.0,15867.0,105098.9,1.35
2026-02-05,HN_HeadOffice,1817,26,428.4,10119.6,61357.0,2.02
2026-02-05,HCM_Center,2472,21,340.2,4165.1,43270.7,1.33
2026-02-05,DaNang,2816,18,380.1,7555.0,45624.0,1.53
2026-02-05,HaiPhong,521,16,312.5,6765.5,34283.8,1.77
2026-02-05,CanTho,2501,14,264.3,8793.6,43886.1,1.97
2026-02-05,Online,8859,69,739.1,18573.8,115445.8,1.31
2026-02-06,HN_HeadOffice,2729,27,452.8,8864.1,30641.3,1.04
2026-02-06,HCM_Center,2094,17,304.6,8135.2,27123.7,0.94
2026-02-06,DaNang,979,13,316.3,7349.1,35068.0,0.9
2026-02-06,HaiPhong,588,20,392.1,8307.2,65704.7,2.05
2026-02-06,CanTho,1875,28,224.5,9540.3,29515.5,1.28
2026-02-06,Online,7795,55,922.7,13761.6,94311.6,1.64
2026-02-07,HN_HeadOffice,3124,20,411.8,9082.1,45847.2,1.29
2026-02-07,HCM_Center,1781,22,210.9,7590.0,40138.9,1.66
2026-02-07,DaNang,2189,16,268.9,9456.4,49421.5,2.01
2026-02-07,HaiPhong,934,17,250.8,6316.1,43385.5,1.0
2026-02-07,CanTho,987,19,312.8,11256.0,43584.3,1.9
2026-02-07,Online,9688,73,861.9,9943.0,91969.8,1.09
2026-02-08,HN_HeadOffice,3225,21,446.0,7322.0,39237.8,1.8
2026-02-08,HCM_Center,2382,19,401.2,9409.5,60934.2,1.05
2026-02-08,DaNang,3344,21,395.7,7132.5,46043.6,1.2
2026-02-08,HaiPhong,575,26,363.8,10603.6,36704.1,1.85
2026-02-08,CanTho,873,11,220.5,7085.7,49544.9,2.15
2026-02-08,Online,10866,45,936.2,15663.2,114458.4,1.07
2026-02-09,HN_HeadOffice,936,16,417.2,5661.8,44651.3,1.95
2026-02-09,HCM_Center,3285,18,304.5,7418.5,31999.1,0.92
2026-02-09,DaNang,2047,28,424.7,8448.2,49021.6,0.82
2026-02-09,HaiPhong,1103,17,370.8,8770.6,31438.1,0.88
2026-02-09,CanTho,2537,21,545.4,6005.3,52476.0,2.17
2026-02-09,Online,11177,61,853.9,15195.6,90202.6,1.93
2026-02-10,HN_HeadOffice,1730,15,500.1,8800.0,35056.1,1.18
2026-02-10,HCM_Center,1103,21,360.6,8382.7,41581.7,1.53
2026-02-10,DaNang,2115,21,376.5,9123.3,31668.0,0.91
2026-02-10,HaiPhong,1467,9,290.4,10673.6,36555.8,1.89
2026-02-10,CanTho,2200,20,273.8,7024.8,61301.5,1.15
2026-02-10,Online,11141,70,776.9,17161.1,92185.3,0.96
2026-02-11,HN_HeadOffice,875,18,228.3,8309.9,25514.1,1.06
2026-02-11,HCM_Center,2292,14,514.7,9654.4,46779.6,1.71
2026-02-11,DaNang,1030,24,483.8,8443.5,64075.8,1.53
2026-02-11,HaiPhong,3228,25,481.4,10167.2,67896.2,0.91
2026-02-11,CanTho,678,16,408.1,9436.4,42136.0,1.76
2026-02-11,Online,11663,58,1039.4,16250.9,114167.7,1.99
2026-02-12,HN_HeadOffice,1650,20,251.8,5998.2,39256.5,1.72
2026-02-12,HCM_Center,2589,14,412.8,7568.9,45788.5,1.44
2026-02-12,DaNang,1834,24,357.4,6351.7,61782.4,2.08
2026-02-12,HaiPhong,2203,14,294.6,4426.7,60869.9,1.51
2026-02-12,CanTho,2642,25,366.6,6659.6,55555.6,2.2
2026-02-12,Online,10466,63,738.9,19727.0,97390.4,1.37
2026-02-13,HN_HeadOffice,2600,24,232.5,9946.6,47052.3,1.5
2026-02-13,HCM_Center,2761,20,450.1,4509.2,43245.1,1.39
2026-02-13,DaNang,2991,20,312.0,9036.4,48734.1,1.13
2026-02-13,HaiPhong,2550,21,406.7,8142.3,45313.7,0.96
2026-02-13,CanTho,3333,28,275.6,6157.8,56515.8,2.0
2026-02-13,Online,11098,64,1049.5,16286.9,115588.4,1.25
2026-02-14,HN_HeadOffice,815,21,320.0,6840.2,48103.1,1.89
2026-02-14,HCM_Center,1093,20,238.8,4922.3,54224.3,1.79
2026-02-14,DaNang,1517,20,259.8,9480.6,39653.5,1.9
2026-02-14,HaiPhong,1453,22,464.9,7816.1,40614.0,0.9
2026-02-14,CanTho,1825,22,216.5,5685.8,55668.4,1.65
2026-02-14,Online,7959,64,790.9,16899.1,90556.9,2.15
2026-02-15,HN_HeadOffice,1729,14,433.3,9744.9,40707.8,1.85
2026-02-15,HCM_Center,2882,24,283.6,8550.9,48420.2,2.12
2026-02-15,DaNang,1650,23,342.1,11054.8,50118.4,0.85
2026-02-15,HaiPhong,2457,20,542.7,7383.7,39152.7,1.1
2026-02-15,CanTho,542,14,397.2,9224.9,33483.4,1.25
2026-02-15,Online,6127,69,940.8,19727.2,110422.0,1.37
2026-02-16,HN_HeadOffice,1153,17,158.3,9129.6,37635.5,0.82
2026-02-16,HCM_Center,3130,20,378.3,4092.1,37091.1,1.07
2026-02-16,DaNang,1364,28,306.9,4307.8,55359.8,1.84
2026-02-16,HaiPhong,3073,15,536.5,8452.0,39175.0,1.68
2026-02-16,CanTho,1427,18,420.5,4988.1,60366.5,1.32
2026-02-16,Online,11262,67,867.9,15368.2,116845.0,1.96
2026-02-17,HN_HeadOffice,3040,22,444.7,6339.2,45269.1,1.49
2026-02-17,HCM_Center,971,21,523.6,6870.3,42251.7,1.71
2026-02-17,DaNang,1129,21,400.8,7489.4,44575.3,1.42
2026-02-17,HaiPhong,2858,22,390.6,12681.0,34263.1,1.42
2026-02-17,CanTho,789,22,66.8,6147.2,32485.4,1.7
2026-02-17,Online,6733,54,1027.6,12156.9,115359.2,2.1
2026-02-18,HN_HeadOffice,1047,29,307.3,6285.7,50510.5,2.05
2026-02-18,HCM_Center,1148,19,466.8,7838.5,39813.8,1.93
2026-02-18,DaNang,2205,19,405.0,8955.6,27329.0,1.54
2026-02-18,HaiPhong,1099,28,349.6,9676.6,33527.7,1.59
2026-02-18,CanTho,1115,26,357.9,10110.5,47820.7,2.07
2026-02-18,Online,12963,55,930.1,18467.7,75595.2,1.54
2026-02-19,HN_HeadOffice,832,20,396.7,6261.0,24503.5,0.9
2026-02-19,HCM_Center,1474,26,217.1,5838.2,42283.8,0.94
2026-02-19,DaNang,1541,21,617.2,2720.4,53605.5,1.34
2026-02-19,HaiPhong,2058,17,349.4,5608.9,45551.0,1.57
2026-02-19,CanTho,3356,17,448.2,9901.9,25035.2,2.08
2026-02-19,Online,9882,69,1035.3,13563.0,82780.3,2.07
2026-02-20,HN_HeadOffice,2833,25,332.2,7069.2,46074.1,1.05
2026-02-20,HCM_Center,3423,16,267.6,2000.0,21635.0,1.57
2026-02-20,DaNang,1210,15,307.8,9030.0,54008.8,1.72
2026-02-20,HaiPhong,2510,25,530.5,6238.9,32469.3,1.02
2026-02-20,CanTho,2140,18,397.0,14407.7,49539.0,1.25
2026-02-20,Online,12321,61,904.6,12425.1,100143.6,1.55
2026-02-21,HN_HeadOffice,1566,18,331.4,8025.7,44624.2,1.69
2026-02-21,HCM_Center,1000,13,245.6,6806.2,34541.7,0.86
2026-02-21,DaNang,1403,16,598.4,10099.2,57484.3,1.26
2026-02-21,HaiPhong,2395,20,110.2,8458.6,37815.4,1.09
2026-02-21,CanTho,2009,19,384.9,10494.8,67035.2,2.11
2026-02-21,Online,9581,57,795.5,15014.3,95508.5,1.38
2026-02-22,HN_HeadOffice,2615,13,549.3,10458.4,41299.5,1.67
2026-02-22,HCM_Center,854,22,140.8,7418.4,53516.4,1.18
2026-02-22,DaNang,2291,24,301.5,6361.4,40478.7,2.18
2026-02-22,HaiPhong,3485,24,383.7,7099.6,62311.1,0.91
2026-02-22,CanTho,1010,17,162.7,8044.1,39527.7,1.7
2026-02-22,Online,6658,58,824.5,16534.9,101210.1,1.52
2026-02-23,HN_HeadOffice,1739,16,375.8,5797.3,42449.8,1.27
2026-02-23,HCM_Center,1006,25,305.3,8835.8,38404.2,2.09
2026-02-23,DaNang,3219,28,431.3,2000.0,52221.4,1.2
2026-02-23,HaiPhong,1670,27,333.3,9871.3,42544.9,1.57
2026-02-23,CanTho,2682,18,279.5,9509.5,49261.2,1.1
2026-02-23,Online,9511,57,980.5,14053.0,99931.5,1.51
2026-02-24,HN_HeadOffice,1633,29,347.5,10402.1,54274.1,1.22
2026-02-24,HCM_Center,2059,15,221.0,6852.4,47098.4,1.29
2026-02-24,DaNang,1937,20,458.2,4599.6,27083.9,0.94
2026-02-24,HaiPhong,2174,20,313.6,7194.8,49372.7,1.36
2026-02-24,CanTho,3231,19,354.3,11416.3,39538.7,2.1
2026-02-24,Online,9959,68,604.6,19346.4,82292.9,0.93
2026-02-25,HN_HeadOffice,1349,27,358.4,7754.5,42149.9,1.84
2026-02-25,HCM_Center,2520,15,327.5,5052.6,48292.8,1.91
2026-02-25,DaNang,651,20,399.9,4330.7,42309.4,1.26
2026-02-25,HaiPhong,1702,20,310.2,6941.0,74743.0,2.07
2026-02-25,CanTho,596,20,309.7,8464.2,38628.9,1.02
2026-02-25,Online,11425,62,750.4,14412.8,89568.3,1.28
2026-02-26,HN_HeadOffice,2409,14,345.0,15296.8,54059.9,1.87
2026-02-26,HCM_Center,3031,16,319.8,8498.2,30489.4,1.44
2026-02-26,DaNang,845,16,247.7,7961.4,37924.2,1.66
2026-02-26,HaiPhong,1936,18,115.8,11263.9,29208.4,1.43
2026-02-26,CanTho,1439,23,411.5,10301.4,44569.3,1.93
2026-02-26,Online,7609,63,1135.8,14486.6,99008.3,0.98
2026-02-27,HN_HeadOffice,1752,19,491.2,8863.0,24064.8,1.73
2026-02-27,HCM_Center,772,14,425.6,6361.6,40038.2,1.01
2026-02-27,DaNang,2176,15,387.5,8655.9,29865.8,1.75
2026-02-27,HaiPhong,1881,24,207.5,8105.3,47377.3,1.22
2026-02-27,CanTho,587,16,487.6,6740.4,46432.5,1.49
2026-02-27,Online,9053,65,843.3,13717.3,75842.2,1.65
2026-02-28,HN_HeadOffice,2003,20,326.8,8412.8,53270.7,2.03
2026-02-28,HCM_Center,3110,23,506.4,10288.5,20904.9,1.44
2026-02-28,DaNang,2846,23,282.2,8805.2,42189.2,1.66
2026-02-28,HaiPhong,548,20,153.6,8149.0,84286.5,1.91
2026-02-28,CanTho,2413,26,473.6,10303.7,51734.9,1.47
2026-02-28,Online,7446,75,1027.6,17426.2,86183.1,1.35
2026-03-01,HN_HeadOffice,2030,17,126.7,8159.8,45838.8,0.9
2026-03-01,HCM_Center,547,13,354.7,4188.7,48637.3,1.51
2026-03-01,DaNang,3413,22,291.9,10427.4,30083.8,1.03
2026-03-01,HaiPhong,539,26,383.0,9895.1,36265.8,2.14
2026-03-01,CanTho,759,16,389.4,9111.1,35732.8,1.21
2026-03-01,Online,12352,63,881.5,16563.7,110607.5,1.87
2026-03-02,HN_HeadOffice,2257,9,362.4,9034.4,48688.9,1.46
2026-03-02,HCM_Center,1918,22,261.1,5009.3,48258.1,2.05
2026-03-02,DaNang,2189,27,145.8,10197.7,29699.8,1.2
2026-03-02,HaiPhong,739,22,415.4,13157.5,45508.6,1.51
2026-03-02,CanTho,662,23,465.1,10230.7,34434.6,1.62
2026-03-02,Online,10940,62,833.5,15446.9,121502.6,1.87
2026-03-03,HN_HeadOffice,2803,13,544.7,4362.4,30059.8,1.7
2026-03-03,HCM_Center,2326,14,302.9,7788.1,63072.6,0.93
2026-03-03,DaNang,3390,22,251.5,5944.7,51788.2,1.81
2026-03-03,HaiPhong,715,20,533.1,8988.2,51893.1,0.89
2026-03-03,CanTho,2449,19,269.7,5977.2,51311.1,1.65
2026-03-03,Online,10404,57,1012.0,12057.5,82266.3,1.76
2026-03-04,HN_HeadOffice,1886,22,250.5,8221.7,40088.2,1.39
2026-03-04,HCM_Center,2075,18,261.3,2419.8,57212.8,1.91
2026-03-04,DaNang,2777,15,333.1,9478.2,43190.3,1.03
2026-03-04,HaiPhong,2170,26,375.6,6021.7,43979.4,1.51
2026-03-04,CanTho,527,28,172.8,8670.7,49509.6,0.96
2026-03-04,Online,12823,48,919.2,18421.7,65084.3,1.8
2026-03-05,HN_HeadOffice,2696,25,406.2,9735.4,67124.1,1.95
2026-03-05,HCM_Center,1091,16,370.4,9768.6,57689.8,0.99
2026-03-05,DaNang,2109,13,413.8,10116.9,59394.0,1.82
2026-03-05,HaiPhong,3420,16,352.0,6672.0,64494.5,1.25
2026-03-05,CanTho,3219,24,337.9,6728.7,30578.6,1.59
2026-03-05,Online,9344,54,1072.2,19683.1,84815.8,1.28
2026-03-06,HN_HeadOffice,3449,24,320.2,6746.5,31569.2,0.99
2026-03-06,HCM_Center,2295,19,345.2,12293.7,35364.1,1.61
2026-03-06,DaNang,2991,16,255.1,7326.4,47210.9,1.7
2026-03-06,HaiPhong,2587,14,309.3,8210.2,61749.5,1.21
2026-03-06,CanTho,1872,22,441.0,10667.0,58643.3,1.66
2026-03-06,Online,7433,72,801.4,14232.5,95516.3,1.08
2026-03-07,HN_HeadOffice,1538,20,265.1,7817.4,42431.2,1.47
2026-03-07,HCM_Center,1755,24,525.8,7484.2,46473.2,1.13
2026-03-07,DaNang,2700,16,207.2,9920.0,59708.4,1.54
2026-03-07,HaiPhong,1394,34,570.5,10247.7,43385.7,2.07
2026-03-07,CanTho,3152,21,269.0,13534.1,33943.4,2.02
2026-03-07,Online,6325,73,887.8,17602.6,106187.2,1.47
2026-03-08,HN_HeadOffice,2212,23,365.5,9296.2,46350.2,1.89
2026-03-08,HCM_Center,637,8,355.3,8573.8,35090.8,1.79
2026-03-08,DaNang,761,21,290.8,2000.0,63568.1,1.74
2026-03-08,HaiPhong,2295,20,217.8,5320.2,44210.7,1.67
2026-03-08,CanTho,2723,19,565.9,8518.5,34656.3,2.04
2026-03-08,Online,7237,66,1007.6,15189.1,125901.8,1.3
2026-03-09,HN_HeadOffice,1150,13,475.5,8961.4,43473.2,0.87
2026-03-09,HCM_Center,1297,24,314.4,5968.5,39507.3,1.93
2026-03-09,DaNang,2279,21,393.9,9536.6,52697.8,1.26
2026-03-09,HaiPhong,3357,24,358.5,9535.2,56110.0,0.99
2026-03-09,CanTho,3242,23,391.1,9035.0,37815.1,2.16
2026-03-09,Online,7774,54,924.8,16992.5,98369.9,0.93
2026-03-10,HN_HeadOffice,3346,23,478.2,5845.1,63102.8,1.29
2026-03-10,HCM_Center,2540,23,266.5,5484.0,43803.2,2.07
2026-03-10,DaNang,532,21,288.1,7783.7,35264.0,0.99
2026-03-10,HaiPhong,1159,12,228.6,11965.1,46235.5,1.79
2026-03-10,CanTho,1694,22,424.8,5282.0,53875.1,2.08
2026-03-10,Online,7100,68,844.8,16956.7,79055.0,1.42
2026-03-11,HN_HeadOffice,2317,16,207.4,9053.1,33994.0,1.91
2026-03-11,HCM_Center,2892,19,495.3,6093.0,38768.1,0.98
2026-03-11,DaNang,2468,20,183.3,7656.7,40761.5,0.88
2026-03-11,HaiPhong,3489,20,296.6,8521.5,51635.1,1.99
2026-03-11,CanTho,3444,25,475.2,9238.3,54851.4,1.75
2026-03-11,Online,12793,73,1016.6,16211.8,88430.2,1.45
2026-03-12,HN_HeadOffice,3374,23,376.7,9088.9,52884.2,1.17
2026-03-12,HCM_Center,1078,15,566.6,9197.8,44527.8,1.31
2026-03-12,DaNang,1282,19,292.8,8573.6,33653.7,0.84
2026-03-12,HaiPhong,554,22,319.7,8625.6,35648.5,1.39
2026-03-12,CanTho,746,20,423.3,10274.9,37284.4,2.1
2026-03-12,Online,12948,50,1142.1,16742.6,81780.9,1.43
2026-03-13,HN_HeadOffice,1103,18,363.8,7781.6,50996.0,1.44
2026-03-13,HCM_Center,2170,17,422.5,5691.4,43879.6,1.52
2026-03-13,DaNang,682,14,193.6,9775.5,42034.5,1.9
2026-03-13,HaiPhong,2227,17,512.0,6452.9,25769.0,0.87
2026-03-13,CanTho,3105,20,277.9,8069.0,57208.0,2.02
2026-03-13,Online,10529,78,1058.8,15148.2,98259.7,0.86
2026-03-14,HN_HeadOffice,1831,22,247.5,4960.4,61044.6,1.81
2026-03-14,HCM_Center,2793,21,271.7,13304.4,55551.1,1.81
2026-03-14,DaNang,3044,23,195.3,8044.0,22984.1,1.81
2026-03-14,HaiPhong,2685,18,464.6,7500.4,53802.7,1.95
2026-03-14,CanTho,1444,22,321.2,6345.6,41009.7,2.04
2026-03-14,Online,10990,55,987.3,12845.9,94545.8,1.94
2026-03-15,HN_HeadOffice,1013,24,688.6,7407.6,50638.2,1.17
2026-03-15,HCM_Center,2437,25,380.4,7510.3,48132.5,2.04
2026-03-15,DaNang,1726,20,264.1,7262.4,67151.7,1.35
2026-03-15,HaiPhong,3089,25,412.2,9636.8,27441.8,0.95
2026-03-15,CanTho,2561,14,372.0,13780.3,53270.1,1.5
2026-03-15,Online,6051,72,784.6,19247.6,115624.1,1.25
2026-03-16,HN_HeadOffice,2073,16,460.4,7025.8,36311.4,1.48
2026-03-16,HCM_Center,1700,17,356.8,8085.3,33463.8,2.07
2026-03-16,DaNang,1970,24,415.3,8378.9,46949.2,1.08
2026-03-16,HaiPhong,1975,19,407.4,9739.5,48895.4,1.5
2026-03-16,CanTho,2134,15,319.3,9337.1,31734.2,0.99
2026-03-16,Online,8224,68,734.0,13154.8,86721.2,1.94
2026-03-17,HN_HeadOffice,2506,21,348.5,7290.0,53962.2,1.92
2026-03-17,HCM_Center,3120,19,239.7,4598.2,49593.3,2.02
2026-03-17,DaNang,608,12,413.1,8018.6,35392.9,1.16
2026-03-17,HaiPhong,1270,24,184.6,11203.8,30288.1,2.08
2026-03-17,CanTho,1187,27,251.0,9329.8,41287.6,1.67
2026-03-17,Online,7867,58,912.2,14707.2,81536.1,1.35
2026-03-18,HN_HeadOffice,3235,27,313.7,6747.9,52827.2,0.97
2026-03-18,HCM_Center,2391,26,309.3,12680.6,50705.7,1.65
2026-03-18,DaNang,998,28,407.6,7147.4,27875.8,1.16
2026-03-18,HaiPhong,2602,19,345.4,8851.2,69460.4,1.77
2026-03-18,CanTho,2719,22,217.1,4623.2,48860.5,1.2
2026-03-18,Online,7074,57,1050.7,16620.2,111221.0,0.97
2026-03-19,HN_HeadOffice,2506,10,499.2,9543.4,32726.0,1.93
2026-03-19,HCM_Center,2994,10,470.7,7706.3,52717.0,1.9
2026-03-19,DaNang,2618,22,319.0,6920.1,52815.3,2.08
2026-03-19,HaiPhong,2251,13,400.9,8707.6,57565.3,1.64
2026-03-19,CanTho,2046,28,560.5,3924.0,49650.2,0.91
2026-03-19,Online,10062,65,621.9,16586.4,95634.2,1.52
2026-03-20,HN_HeadOffice,1538,22,221.2,7424.3,54862.0,1.72
2026-03-20,HCM_Center,1316,14,197.5,7759.5,45221.9,2.13
2026-03-20,DaNang,2053,23,430.3,6761.7,65322.3,1.99
2026-03-20,HaiPhong,2025,20,364.9,6984.3,36957.7,1.07
2026-03-20,CanTho,3419,19,169.0,10372.9,59792.6,1.23
2026-03-20,Online,8110,76,973.7,15306.7,106384.3,1.46
2026-03-21,HN_HeadOffice,1551,16,537.9,11822.0,30800.6,2.09
2026-03-21,HCM_Center,3319,24,438.3,7087.5,54503.3,1.88
2026-03-21,DaNang,2488,12,256.7,6727.2,35312.8,1.72
2026-03-21,HaiPhong,2987,18,507.2,8870.0,44267.8,1.35
2026-03-21,CanTho,2734,16,410.0,5872.8,32229.8,2.16
2026-03-21,Online,12708,71,981.1,14315.4,88844.2,0.88
2026-03-22,HN_HeadOffice,2462,21,280.7,6071.7,59206.5,1.62
2026-03-22,HCM_Center,1644,15,122.4,7675.9,51753.8,1.99
2026-03-22,DaNang,1283,17,334.5,7680.3,30203.9,1.92
2026-03-22,HaiPhong,1173,16,375.0,5486.1,42977.1,0.93
2026-03-22,CanTho,2654,18,382.7,6784.4,56800.2,1.26
2026-03-22,Online,7450,66,1008.9,17876.0,94130.6,1.12
2026-03-23,HN_HeadOffice,1130,17,512.8,8724.3,35686.5,1.97
2026-03-23,HCM_Center,2347,24,171.3,7334.5,64316.4,1.85
2026-03-23,DaNang,892,18,275.4,4114.7,54673.6,1.03
2026-03-23,HaiPhong,3310,23,261.0,9294.2,57215.4,1.17
2026-03-23,CanTho,725,22,313.3,6726.1,47852.9,0.8
2026-03-23,Online,10524,72,916.0,14709.9,92591.7,1.56
2026-03-24,HN_HeadOffice,1560,24,269.8,7704.3,56726.7,1.17
2026-03-24,HCM_Center,1190,24,385.3,5933.3,56991.2,1.02
2026-03-24,DaNang,898,21,191.9,7226.1,37190.8,1.02
2026-03-24,HaiPhong,3272,12,603.1,8256.0,45707.0,1.08
2026-03-24,CanTho,678,21,530.4,5340.3,48791.7,1.77
2026-03-24,Online,8289,66,1126.3,17480.0,104522.7,1.96
2026-03-25,HN_HeadOffice,3075,17,51.1,8094.4,37371.9,1.89
2026-03-25,HCM_Center,3384,21,502.3,7618.2,73047.5,1.89
2026-03-25,DaNang,2512,22,280.8,8516.2,20174.8,1.7
2026-03-25,HaiPhong,2670,19,510.3,6998.1,60147.8,1.36
2026-03-25,CanTho,709,23,590.9,12736.5,38836.7,0.84
2026-03-25,Online,10538,63,881.6,18114.4,88928.7,1.48
2026-03-26,HN_HeadOffice,1705,16,458.4,2681.7,48655.4,1.21
2026-03-26,HCM_Center,1376,21,476.5,7464.3,31587.4,1.6
2026-03-26,DaNang,2831,32,373.4,10111.6,43240.6,1.22
2026-03-26,HaiPhong,900,15,348.1,13755.8,52685.2,1.34
2026-03-26,CanTho,2656,24,543.4,5675.2,37286.9,2.17
2026-03-26,Online,10183,50,887.7,13348.2,98006.8,1.59
2026-03-27,HN_HeadOffice,2032,21,424.3,4991.7,43793.6,0.95
2026-03-27,HCM_Center,2777,19,567.1,8466.5,70432.2,1.19
2026-03-27,DaNang,3173,15,203.1,6871.9,45888.3,1.02
2026-03-27,HaiPhong,3445,15,376.0,7460.3,50065.1,1.27
2026-03-27,CanTho,1716,23,50.0,7115.6,58749.5,1.06
2026-03-27,Online,7660,54,874.1,18975.0,97145.9,2.04
2026-03-28,HN_HeadOffice,746,22,418.6,5265.2,42252.4,0.81
2026-03-28,HCM_Center,2930,12,357.7,5767.5,38760.9,1.03
2026-03-28,DaNang,1974,18,432.0,7780.9,53624.9,2.19
2026-03-28,HaiPhong,1026,17,178.9,10927.7,43967.0,2.19
2026-03-28,CanTho,1610,19,341.6,11154.0,47248.1,1.55
2026-03-28,Online,10764,48,888.3,16138.5,89277.9,1.36
2026-03-29,HN_HeadOffice,3481,18,360.1,9833.2,52224.5,1.86
2026-03-29,HCM_Center,581,21,338.0,7228.5,44404.8,0.93
2026-03-29,DaNang,2856,22,413.3,7425.4,49178.8,1.96
2026-03-29,HaiPhong,2249,24,394.8,8520.8,47529.1,2.19
2026-03-29,CanTho,2625,14,230.5,7556.9,47970.7,1.31
2026-03-29,Online,10987,84,863.1,15312.7,98693.4,1.36
2026-03-30,HN_HeadOffice,1019,12,493.6,8232.2,57169.9,1.12
2026-03-30,HCM_Center,711,16,196.4,9581.6,54972.1,0.98
2026-03-30,DaNang,1226,16,281.7,7691.7,69144.6,1.07
2026-03-30,HaiPhong,895,20,561.7,8872.7,20126.1,1.74
2026-03-30,CanTho,2294,21,475.1,4096.6,65017.4,1.97
2026-03-30,Online,10840,84,912.7,13336.3,96891.4,1.43
2026-03-31,HN_HeadOffice,1038,24,190.7,6540.4,55698.2,1.72
2026-03-31,HCM_Center,1912,14,217.2,8607.1,43070.7,1.4
2026-03-31,DaNang,2764,20,457.8,11838.3,54774.0,1.77
2026-03-31,HaiPhong,1373,19,262.5,11750.0,26930.7,2.09
2026-03-31,CanTho,2213,17,412.1,5712.9,39758.7,2.16
2026-03-31,Online,7609,59,977.5,18298.4,93601.9,0.84
2026-04-01,HN_HeadOffice,1844,16,382.1,8424.1,43911.3,2.06
2026-04-01,HCM_Center,2649,13,295.8,9172.4,47770.6,1.16
2026-04-01,DaNang,1817,24,474.4,6652.9,37068.1,1.52
2026-04-01,HaiPhong,1823,30,344.5,7781.4,62838.6,0.95
2026-04-01,CanTho,517,23,370.9,8900.8,41866.3,1.95
2026-04-01,Online,11681,71,901.2,14848.8,93036.5,1.04
2026-04-02,HN_HeadOffice,2891,21,452.4,5821.3,28632.2,1.77
2026-04-02,HCM_Center,3063,18,414.9,7949.3,73899.9,1.13
2026-04-02,DaNang,1330,14,302.8,13828.3,35131.4,0.89
2026-04-02,HaiPhong,1338,19,409.6,6041.7,57505.2,2.06
2026-04-02,CanTho,3068,21,463.2,8421.2,30230.0,1.22
2026-04-02,Online,12704,56,872.5,13857.3,93832.4,0.94
2026-04-03,HN_HeadOffice,1907,23,433.9,4970.0,40385.9,1.88
2026-04-03,HCM_Center,2601,24,489.7,6543.8,42043.7,1.05
2026-04-03,DaNang,3079,25,519.7,5931.2,33331.4,1.69
2026-04-03,HaiPhong,2938,20,257.3,6351.4,71684.2,1.78
2026-04-03,CanTho,2697,18,228.7,6789.6,33798.1,1.07
2026-04-03,Online,6803,52,1015.0,13085.2,85754.4,0.95
2026-04-04,HN_HeadOffice,3398,23,406.1,8969.2,48457.3,0.95
2026-04-04,HCM_Center,3158,13,153.7,4120.8,39833.3,1.0
2026-04-04,DaNang,1105,25,418.6,8297.9,38340.5,1.39
2026-04-04,HaiPhong,2215,19,436.1,6647.0,73719.7,2.08
2026-04-04,CanTho,900,17,122.3,5807.3,34915.3,1.36
2026-04-04,Online,7972,65,931.9,11913.7,109309.8,1.42
2026-04-05,HN_HeadOffice,3077,20,391.1,5052.6,67968.6,1.95
2026-04-05,HCM_Center,2149,24,352.6,9895.3,50752.1,2.04
2026-04-05,DaNang,1728,22,348.9,5838.1,42506.6,1.83
2026-04-05,HaiPhong,1689,18,329.3,8545.7,30436.5,1.14
2026-04-05,CanTho,2159,26,306.5,5727.4,29127.2,1.28
2026-04-05,Online,11823,65,783.5,13346.3,100697.9,1.31
2026-04-06,HN_HeadOffice,1517,24,368.2,12717.5,55314.9,2.13
2026-04-06,HCM_Center,1362,25,386.9,2829.7,35838.9,1.56
2026-04-06,DaNang,986,20,502.8,6449.7,59773.1,1.34
2026-04-06,HaiPhong,1816,21,213.1,9020.6,55096.1,1.72
2026-04-06,CanTho,1309,15,275.9,7401.2,52504.6,1.11
2026-04-06,Online,6653,71,999.1,20595.9,92050.9,1.22
2026-04-07,HN_HeadOffice,3012,25,285.5,8529.2,50286.9,2.1
2026-04-07,HCM_Center,3180,14,351.9,11546.1,30727.6,1.97
2026-04-07,DaNang,1773,19,289.0,7340.4,35592.1,1.89
2026-04-07,HaiPhong,584,23,479.9,6933.2,60634.9,1.34
2026-04-07,CanTho,2221,18,166.7,11254.1,48972.8,2.1
2026-04-07,Online,7603,63,976.9,12872.9,85196.5,1.32
2026-04-08,HN_HeadOffice,1750,23,591.5,6911.8,28829.4,0.8
2026-04-08,HCM_Center,1888,25,382.1,2968.8,52639.1,1.76
2026-04-08,DaNang,3201,29,401.0,6455.9,30045.8,1.16
2026-04-08,HaiPhong,838,18,450.9,5669.9,30677.8,1.38
2026-04-08,CanTho,2944,21,254.4,11339.0,54459.1,1.1
2026-04-08,Online,11664,52,950.4,12242.7,99094.8,1.09
2026-04-09,HN_HeadOffice,2816,15,464.5,6816.7,39179.0,2.12
2026-04-09,HCM_Center,2191,19,423.3,7589.7,51999.0,1.14
2026-04-09,DaNang,1333,22,303.2,7532.4,53773.3,1.7
2026-04-09,HaiPhong,1904,20,425.1,6628.2,46285.3,1.74
2026-04-09,CanTho,1267,14,561.2,8421.1,70243.9,1.03
2026-04-09,Online,7872,56,903.0,15992.2,100437.4,1.81
2026-04-10,HN_HeadOffice,2194,15,312.1,7401.9,59001.6,1.01
2026-04-10,HCM_Center,3362,16,314.5,11458.8,43382.3,1.2
2026-04-10,DaNang,2387,18,107.6,8564.5,53730.9,1.32
2026-04-10,HaiPhong,572,21,340.9,5236.8,27611.4,1.98
2026-04-10,CanTho,3063,18,161.7,7654.8,35333.9,1.06
2026-04-10,Online,11618,57,1067.0,19092.8,99266.0,0.92
2026-04-11,HN_HeadOffice,1899,14,50.0,12617.8,47423.1,1.38
2026-04-11,HCM_Center,2769,19,454.2,10029.4,51238.8,1.97
2026-04-11,DaNang,3287,22,288.3,5788.1,37034.1,2.02
2026-04-11,HaiPhong,778,22,510.8,7963.7,34724.8,1.16
2026-04-11,CanTho,2846,23,423.0,5604.5,49770.9,1.62
2026-04-11,Online,7919,75,822.5,14772.2,79405.6,1.58
2026-04-12,HN_HeadOffice,2101,11,434.8,8152.4,58773.9,2.14
2026-04-12,HCM_Center,934,18,417.2,10759.0,18710.2,1.07
2026-04-12,DaNang,1548,27,286.7,5220.8,61791.0,1.15
2026-04-12,HaiPhong,2860,15,418.1,7410.2,35183.0,1.0
2026-04-12,CanTho,1655,24,240.7,3684.1,43709.7,1.55
2026-04-12,Online,7449,70,750.3,19155.9,94331.2,0.86
2026-04-13,HN_HeadOffice,725,18,197.9,11175.4,31138.6,1.92
2026-04-13,HCM_Center,539,21,392.2,6517.1,33226.7,2.17
2026-04-13,DaNang,1017,26,460.6,11985.0,31279.4,1.25
2026-04-13,HaiPhong,1276,23,261.6,9821.0,57522.9,1.91
2026-04-13,CanTho,1414,13,448.6,7095.5,52025.2,1.68
2026-04-13,Online,9091,72,998.3,16265.9,111488.4,0.81
2026-04-14,HN_HeadOffice,2607,17,409.1,10745.2,37676.0,1.68
2026-04-14,HCM_Center,2591,20,50.0,7326.2,49173.5,0.81
2026-04-14,DaNang,3383,16,432.4,7899.5,54152.6,1.55
2026-04-14,HaiPhong,1568,13,226.7,10272.9,36966.4,1.99
2026-04-14,CanTho,2216,16,509.8,5876.6,47464.1,2.06
2026-04-14,Online,7924,72,929.9,18525.3,98379.6,0.96
2026-04-15,HN_HeadOffice,3473,23,320.5,9485.1,26480.4,1.53
2026-04-15,HCM_Center,2277,17,342.3,9275.0,47015.8,2.17
2026-04-15,DaNang,599,21,648.1,8844.7,46739.7,1.52
2026-04-15,HaiPhong,956,19,261.1,11064.3,60366.3,1.15
2026-04-15,CanTho,1358,29,384.5,10392.2,49504.2,1.41
2026-04-15,Online,10239,66,820.8,17082.1,117799.7,1.21
2026-04-16,HN_HeadOffice,1521,23,242.7,7746.1,46259.7,1.13
2026-04-16,HCM_Center,1381,19,263.8,7373.1,14447.2,1.21
2026-04-16,DaNang,2736,20,504.5,9229.8,30832.5,1.52
2026-04-16,HaiPhong,2577,17,298.6,8459.7,56475.4,0.93
2026-04-16,CanTho,3305,21,336.3,9598.3,44948.5,1.04
2026-04-16,Online,10967,71,1035.1,14185.9,95035.9,1.25
2026-04-17,HN_HeadOffice,2256,18,111.1,6850.1,56436.6,2.17
2026-04-17,HCM_Center,647,26,493.2,8755.2,34060.3,2.07
2026-04-17,DaNang,2474,22,302.0,6063.5,62012.1,1.54
2026-04-17,HaiPhong,1471,13,458.1,6530.1,37337.0,1.76
2026-04-17,CanTho,1257,17,106.2,2873.1,37886.1,1.45
2026-04-17,Online,11264,75,976.2,16054.6,97216.5,1.44
2026-04-18,HN_HeadOffice,2235,12,235.4,8333.3,34144.9,2.04
2026-04-18,HCM_Center,603,13,495.7,4551.3,31337.9,2.01
2026-04-18,DaNang,1685,21,325.2,6865.9,40143.0,1.06
2026-04-18,HaiPhong,1370,24,440.2,7727.1,44698.1,1.88
2026-04-18,CanTho,689,23,476.2,8092.2,47678.1,2.19
2026-04-18,Online,12808,64,903.2,19878.0,106500.4,1.59
2026-04-19,HN_HeadOffice,1326,18,315.3,10299.0,50477.0,1.99
2026-04-19,HCM_Center,2425,13,371.0,4340.4,53958.9,1.75
2026-04-19,DaNang,3402,22,260.5,10179.1,41123.4,1.83
2026-04-19,HaiPhong,703,32,387.4,6912.1,41680.0,1.18
2026-04-19,CanTho,1079,19,222.4,9891.5,43988.5,2.19
2026-04-19,Online,7802,51,902.2,17929.4,90343.3,1.93
2026-04-20,HN_HeadOffice,3144,20,579.9,9779.3,47205.7,2.1
2026-04-20,HCM_Center,2967,29,206.8,8546.7,40704.2,1.84
2026-04-20,DaNang,1520,15,321.3,7229.7,35865.2,1.06
2026-04-20,HaiPhong,811,17,118.9,6133.4,24723.9,1.19
2026-04-20,CanTho,973,31,333.4,6234.8,43992.1,1.38
2026-04-20,Online,8155,57,897.6,18384.3,78165.2,1.45
2026-04-21,HN_HeadOffice,2968,20,252.6,4016.4,35751.5,1.83
2026-04-21,HCM_Center,867,20,415.3,4173.6,33608.6,1.09
2026-04-21,DaNang,1845,20,431.1,6528.3,48101.7,1.1
2026-04-21,HaiPhong,2624,21,468.3,9945.7,53435.6,0.89
2026-04-21,CanTho,2698,27,105.9,7518.9,52536.0,0.86
2026-04-21,Online,8331,65,931.2,13108.7,123824.0,1.22
2026-04-22,HN_HeadOffice,2268,18,305.6,9496.0,48352.8,1.37
2026-04-22,HCM_Center,2489,27,473.5,9384.6,53383.8,1.89
2026-04-22,DaNang,1036,19,326.4,5201.4,35453.0,1.42
2026-04-22,HaiPhong,2272,18,356.3,5578.6,50207.8,1.23
2026-04-22,CanTho,1100,20,430.4,13346.0,53136.7,1.19
2026-04-22,Online,11454,58,874.9,19185.5,93498.2,0.91
2026-04-23,HN_HeadOffice,2904,18,449.2,14283.4,61526.9,1.52
2026-04-23,HCM_Center,679,15,252.6,9545.4,66894.2,1.32
2026-04-23,DaNang,2866,15,233.2,7829.7,57086.5,1.28
2026-04-23,HaiPhong,2750,15,390.4,7350.2,36736.2,2.06
2026-04-23,CanTho,2788,20,431.3,6774.0,38943.8,2.16
2026-04-23,Online,11536,63,890.6,13483.2,61472.3,1.67
2026-04-24,HN_HeadOffice,2621,17,346.7,6860.5,43584.9,1.08
2026-04-24,HCM_Center,2691,19,270.0,7210.4,47214.9,0.94
2026-04-24,DaNang,2544,23,371.6,6725.5,53082.5,1.2
2026-04-24,HaiPhong,3373,15,270.8,7937.7,32849.6,2.01
2026-04-24,CanTho,1934,14,403.3,7839.5,60225.1,0.89
2026-04-24,Online,6849,77,935.5,14049.2,103507.3,1.13
2026-04-25,HN_HeadOffice,2294,16,395.1,6481.0,40458.3,1.04
2026-04-25,HCM_Center,2001,28,459.9,5937.8,37080.8,2.05
2026-04-25,DaNang,2554,17,466.8,5740.1,41229.0,1.5
2026-04-25,HaiPhong,996,22,415.1,8540.3,48859.9,1.98
2026-04-25,CanTho,1738,13,213.6,10320.4,13387.3,1.92
2026-04-25,Online,7935,73,883.8,15734.5,83406.0,1.23
2026-04-26,HN_HeadOffice,3225,16,351.6,4012.8,38764.1,1.61
2026-04-26,HCM_Center,3405,20,333.3,5561.6,41991.0,2.15
2026-04-26,DaNang,542,30,325.6,10099.4,46900.1,1.11
2026-04-26,HaiPhong,3363,17,300.1,8312.3,25533.4,1.65
2026-04-26,CanTho,2691,14,336.6,7514.6,51246.3,1.71
2026-04-26,Online,6549,71,1027.6,12498.0,92123.4,1.23
2026-04-27,HN_HeadOffice,549,21,293.7,10645.9,63537.2,1.87
2026-04-27,HCM_Center,2708,18,299.9,10393.1,71906.5,1.63
2026-04-27,DaNang,693,20,433.6,7893.9,34908.6,0.86
2026-04-27,HaiPhong,1668,16,195.3,12072.0,49849.5,1.79
2026-04-27,CanTho,976,17,484.7,11451.7,54850.9,1.67
2026-04-27,Online,10518,68,904.9,14381.6,90621.4,1.37
2026-04-28,HN_HeadOffice,2930,16,404.5,10788.2,62781.2,2.12
2026-04-28,HCM_Center,2244,21,348.8,9602.4,52009.8,1.78
2026-04-28,DaNang,3358,21,395.8,9195.9,35983.7,2.14
2026-04-28,HaiPhong,1660,18,306.3,6133.2,51735.4,0.98
2026-04-28,CanTho,569,29,532.1,8000.1,47769.6,1.31
2026-04-28,Online,7043,71,846.3,14193.6,95550.7,1.26
2026-04-29,HN_HeadOffice,2186,25,451.1,9071.7,39608.3,1.13
2026-04-29,HCM_Center,2045,13,273.1,10137.2,33726.6,1.8
2026-04-29,DaNang,2988,14,495.1,5494.1,45489.2,1.97
2026-04-29,HaiPhong,2187,28,363.7,8302.4,46992.4,1.63
2026-04-29,CanTho,3458,27,243.0,6383.2,53835.0,0.97
2026-04-29,Online,10306,59,1142.9,21370.4,90195.5,1.21
