date,rm,branch,new_accounts,revenue_mil_vnd,margin_balance_bil_vnd,aum_bil_vnd,conversion_rate_pct
2025-01-01,RM_01,HaiPhong,104,207.3,4981.5,17200.6,12.5
2025-01-01,RM_02,DaNang,193,256.9,2374.5,35959.5,3.8
2025-01-01,RM_03,CanTho,120,599.0,1304.3,40333.0,15.5
2025-01-01,RM_04,Online,154,792.3,2575.6,34400.0,15.1
2025-01-01,RM_05,HCM_Center,52,570.1,5087.2,30427.9,7.4
2025-01-01,RM_06,HaiPhong,181,600.3,5181.7,32003.9,16.1
2025-01-01,RM_07,HN_HeadOffice,149,733.0,2670.5,33666.5,7.0
2025-01-01,RM_08,DaNang,182,719.7,1290.8,7377.6,17.0
2025-01-01,RM_09,HCM_Center,105,277.0,2330.1,8415.9,12.2
2025-01-01,RM_10,CanTho,172,428.2,2612.2,45199.0,7.2
2025-01-01,RM_11,CanTho,217,220.0,4976.4,45924.2,6.7
2025-01-01,RM_12,Online,179,186.3,4902.9,27562.4,17.4
2025-01-01,RM_13,HN_HeadOffice,127,195.6,5247.9,22881.6,13.2
2025-01-01,RM_14,HaiPhong,175,275.1,3685.7,5425.5,10.5
2025-01-01,RM_15,CanTho,30,165.1,6464.9,11854.9,13.1
2025-01-01,RM_16,HCM_Center,83,124.2,2856.3,41866.2,17.0
2025-01-01,RM_17,DaNang,76,447.5,4435.7,43947.2,11.7
2025-01-01,RM_18,CanTho,188,505.6,3609.6,45814.1,6.1
2025-01-01,RM_19,HCM_Center,156,172.0,5431.1,33652.6,6.8
2025-01-01,RM_20,HaiPhong,95,96.5,8327.0,8410.1,16.8
2025-01-01,RM_21,HaiPhong,118,552.0,7154.4,12203.7,3.2
2025-01-01,RM_22,HCM_Center,105,781.9,2785.4,24294.6,4.2
2025-01-01,RM_23,CanTho,31,199.7,4476.9,37963.3,12.7
2025-01-01,RM_24,DaNang,48,693.7,5840.3,38923.9,6.1
2025-01-01,RM_25,HaiPhong,40,361.4,5875.4,21200.5,8.0
2025-01-01,RM_26,HCM_Center,31,616.0,8483.8,11237.8,16.2
2025-01-01,RM_27,Online,183,735.7,942.8,33689.8,13.4
2025-01-01,RM_28,CanTho,176,805.6,1845.8,11372.9,17.5
2025-01-01,RM_29,HCM_Center,144,148.4,1277.2,17809.4,13.2
2025-01-01,RM_30,HN_HeadOffice,52,801.1,4707.2,4142.6,15.8
2025-01-08,RM_01,HaiPhong,59,436.1,3897.4,8315.5,6.7
2025-01-08,RM_02,HN_HeadOffice,146,294.2,4012.7,21399.4,17.2
2025-01-08,RM_03,CanTho,174,310.4,7883.3,49315.8,7.8
2025-01-08,RM_04,DaNang,93,790.5,8156.0,39566.5,4.3
2025-01-08,RM_05,HCM_Center,30,515.3,8468.6,44753.2,16.7
2025-01-08,RM_06,HCM_Center,140,764.9,746.7,38918.4,17.2
2025-01-08,RM_07,Online,59,745.0,7605.9,4352.0,4.5
2025-01-08,RM_08,Online,109,612.2,8496.1,6604.9,11.6
2025-01-08,RM_09,Online,219,691.5,6579.7,36177.8,10.5
2025-01-08,RM_10,HN_HeadOffice,102,157.0,8167.8,44690.0,9.3
2025-01-08,RM_11,DaNang,213,397.8,6604.3,30622.2,15.3
2025-01-08,RM_12,Online,42,388.7,5918.6,6862.3,9.3
2025-01-08,RM_13,HaiPhong,153,462.8,5463.7,26011.2,9.0
2025-01-08,RM_14,Online,136,514.0,5273.6,48531.8,6.5
2025-01-08,RM_15,HN_HeadOffice,197,156.7,4026.9,24382.0,14.5
2025-01-08,RM_16,Online,168,577.9,5348.7,18305.4,16.1
2025-01-08,RM_17,Online,96,606.4,4953.5,37166.9,5.1
2025-01-08,RM_18,DaNang,159,292.6,2826.6,7777.8,4.5
2025-01-08,RM_19,CanTho,36,422.8,6841.3,10696.4,12.5
2025-01-08,RM_20,HaiPhong,218,435.4,5270.0,13872.3,8.1
2025-01-08,RM_21,HaiPhong,113,121.9,1112.9,17168.9,4.5
2025-01-08,RM_22,DaNang,167,105.1,3975.4,40549.9,14.9
2025-01-08,RM_23,Online,40,565.6,5480.7,20475.5,15.2
2025-01-08,RM_24,CanTho,104,423.5,7572.6,34138.2,17.4
2025-01-08,RM_25,HCM_Center,34,355.7,7009.3,10282.1,9.0
2025-01-08,RM_26,HaiPhong,50,89.7,6915.7,24979.7,13.0
2025-01-08,RM_27,DaNang,57,479.4,3114.0,30689.9,6.9
2025-01-08,RM_28,DaNang,208,140.4,1892.7,5449.5,9.4
2025-01-08,RM_29,Online,150,110.4,8089.2,42019.2,16.2
2025-01-08,RM_30,Online,202,445.2,1344.5,19931.5,10.5
2025-01-15,RM_01,HN_HeadOffice,99,848.7,4830.1,46302.4,13.1
2025-01-15,RM_02,Online,36,614.1,1506.9,15991.1,10.6
2025-01-15,RM_03,DaNang,178,793.3,1370.6,44418.1,7.8
2025-01-15,RM_04,CanTho,32,258.2,6867.0,35060.1,12.4
2025-01-15,RM_05,Online,121,564.0,6770.4,32934.4,10.4
2025-01-15,RM_06,HN_HeadOffice,217,137.7,3665.3,21220.8,13.1
2025-01-15,RM_07,Online,41,753.8,4099.5,19803.6,12.2
2025-01-15,RM_08,HCM_Center,140,201.2,952.9,27477.3,10.1
2025-01-15,RM_09,HCM_Center,216,581.6,695.8,37849.9,5.2
2025-01-15,RM_10,Online,41,660.4,6102.1,13958.1,10.7
2025-01-15,RM_11,HN_HeadOffice,63,511.0,2522.3,3026.3,4.2
2025-01-15,RM_12,CanTho,176,279.6,3117.5,4831.4,13.1
2025-01-15,RM_13,HCM_Center,47,612.1,4036.0,19607.6,12.6
2025-01-15,RM_14,HaiPhong,30,727.8,8754.1,19882.1,6.3
2025-01-15,RM_15,CanTho,164,895.0,8036.6,35216.0,11.9
2025-01-15,RM_16,HN_HeadOffice,44,570.0,2024.6,14348.7,11.1
2025-01-15,RM_17,CanTho,116,821.4,7239.5,26124.9,9.3
2025-01-15,RM_18,DaNang,167,711.5,4641.3,47683.3,16.2
2025-01-15,RM_19,HaiPhong,195,754.5,6067.7,22455.0,10.2
2025-01-15,RM_20,Online,140,80.1,3268.1,40078.0,16.2
2025-01-15,RM_21,Online,167,244.7,6013.7,25114.7,10.9
2025-01-15,RM_22,HCM_Center,123,649.1,7877.0,34563.1,14.2
2025-01-15,RM_23,HaiPhong,198,510.1,4150.5,23879.6,17.9
2025-01-15,RM_24,CanTho,160,798.0,7115.9,45845.2,9.6
2025-01-15,RM_25,DaNang,45,728.3,5891.8,11883.2,17.3
2025-01-15,RM_26,CanTho,92,586.0,6975.8,48116.4,8.3
2025-01-15,RM_27,HaiPhong,30,631.8,3145.6,28615.0,4.8
2025-01-15,RM_28,HCM_Center,146,896.3,3171.7,30017.0,6.5
2025-01-15,RM_29,HaiPhong,35,604.5,7173.0,43174.0,16.0
2025-01-15,RM_30,CanTho,125,642.6,2400.0,47431.3,9.1
2025-01-22,RM_01,HaiPhong,67,353.4,1102.3,49428.3,12.3
2025-01-22,RM_02,HCM_Center,31,713.8,2582.2,6606.1,15.6
2025-01-22,RM_03,HaiPhong,48,217.9,4897.3,13774.3,12.5
2025-01-22,RM_04,HaiPhong,192,874.1,5899.6,3719.5,14.8
2025-01-22,RM_05,HN_HeadOffice,31,483.5,4992.2,45330.4,11.3
2025-01-22,RM_06,Online,188,363.4,3924.1,33741.8,6.1
2025-01-22,RM_07,CanTho,188,548.7,7785.9,19069.7,16.2
2025-01-22,RM_08,HaiPhong,119,803.7,903.0,29973.9,8.1
2025-01-22,RM_09,HN_HeadOffice,122,184.1,6814.6,28371.7,5.6
2025-01-22,RM_10,HN_HeadOffice,33,219.7,6096.7,20695.9,11.6
2025-01-22,RM_11,Online,110,491.7,4066.3,45864.7,11.0
2025-01-22,RM_12,Online,86,510.7,7471.2,9529.2,3.8
2025-01-22,RM_13,HN_HeadOffice,50,278.7,2473.6,18380.5,12.8
2025-01-22,RM_14,HaiPhong,162,289.5,4982.5,28430.9,11.8
2025-01-22,RM_15,Online,164,473.9,660.7,27701.0,6.9
2025-01-22,RM_16,HN_HeadOffice,127,709.6,5465.4,8004.2,3.1
2025-01-22,RM_17,DaNang,30,390.3,6618.3,19611.6,15.9
2025-01-22,RM_18,CanTho,143,339.3,2251.0,24467.8,6.8
2025-01-22,RM_19,Online,184,474.5,1817.5,39960.1,9.1
2025-01-22,RM_20,HaiPhong,53,485.4,2598.1,45469.0,12.5
2025-01-22,RM_21,HCM_Center,66,329.4,583.8,20247.9,17.8
2025-01-22,RM_22,DaNang,174,444.9,8244.7,33585.2,11.0
2025-01-22,RM_23,HN_HeadOffice,122,461.6,4804.7,29760.2,9.8
2025-01-22,RM_24,Online,138,197.1,6742.7,26363.3,16.2
2025-01-22,RM_25,DaNang,118,581.7,1397.8,12139.5,8.5
2025-01-22,RM_26,HN_HeadOffice,142,86.3,5227.2,42974.9,13.9
2025-01-22,RM_27,HCM_Center,122,333.6,6235.9,13609.0,10.0
2025-01-22,RM_28,CanTho,180,359.1,5123.6,45637.6,14.4
2025-01-22,RM_29,DaNang,103,165.1,1757.5,8154.5,10.2
2025-01-22,RM_30,HCM_Center,177,341.0,1341.7,31793.1,14.2
2025-01-29,RM_01,HaiPhong,64,572.2,1149.0,24553.5,6.1
2025-01-29,RM_02,DaNang,185,763.9,4220.7,32742.6,8.6
2025-01-29,RM_03,CanTho,71,506.6,2890.7,24688.9,6.3
2025-01-29,RM_04,CanTho,179,653.5,1504.6,35669.8,10.7
2025-01-29,RM_05,Online,84,275.4,8520.7,29586.1,15.4
2025-01-29,RM_06,DaNang,71,601.9,1595.6,3988.7,6.8
2025-01-29,RM_07,DaNang,210,293.6,1708.1,36921.7,17.2
2025-01-29,RM_08,HCM_Center,46,569.6,8113.8,34282.8,12.6
2025-01-29,RM_09,HCM_Center,92,319.6,7403.5,10280.4,12.8
2025-01-29,RM_10,CanTho,38,447.3,4633.0,46237.6,5.6
2025-01-29,RM_11,CanTho,121,491.8,5838.6,8997.0,3.8
2025-01-29,RM_12,Online,67,721.4,3075.8,28402.7,6.1
2025-01-29,RM_13,CanTho,155,551.1,2558.4,6225.2,12.9
2025-01-29,RM_14,CanTho,81,179.9,5487.7,14215.5,14.7
2025-01-29,RM_15,DaNang,181,740.7,8354.2,40355.8,5.8
2025-01-29,RM_16,HN_HeadOffice,133,144.8,7459.5,8984.6,11.9
2025-01-29,RM_17,HaiPhong,141,170.3,3017.5,20757.8,3.0
2025-01-29,RM_18,DaNang,46,507.8,688.9,6524.2,16.4
2025-01-29,RM_19,HaiPhong,205,522.1,5457.5,14562.8,7.9
2025-01-29,RM_20,Online,70,665.7,3606.1,46173.2,10.4
2025-01-29,RM_21,HN_HeadOffice,81,711.2,5398.2,39586.1,5.4
2025-01-29,RM_22,CanTho,205,615.4,3149.4,13322.6,7.9
2025-01-29,RM_23,CanTho,185,618.1,7370.3,15364.7,13.2
2025-01-29,RM_24,DaNang,63,785.2,8710.5,47263.4,10.7
2025-01-29,RM_25,Online,188,778.7,5554.3,21793.9,16.9
2025-01-29,RM_26,DaNang,63,565.7,8582.2,5247.9,6.3
2025-01-29,RM_27,HN_HeadOffice,132,457.3,5108.5,17268.3,9.2
2025-01-29,RM_28,DaNang,181,389.9,835.6,15837.3,11.6
2025-01-29,RM_29,HN_HeadOffice,40,439.6,4399.5,25287.5,4.6
2025-01-29,RM_30,HCM_Center,97,410.9,7639.5,11773.6,7.6
2025-02-05,RM_01,CanTho,81,672.7,1082.7,14241.1,7.7
2025-02-05,RM_02,Online,186,586.9,6783.3,18398.0,7.3
2025-02-05,RM_03,HaiPhong,100,830.2,4585.0,43600.3,14.1
2025-02-05,RM_04,DaNang,187,337.8,3561.8,33172.1,16.2
2025-02-05,RM_05,HaiPhong,179,124.5,1642.7,45028.9,3.5
2025-02-05,RM_06,CanTho,47,102.2,3999.6,36193.6,8.0
2025-02-05,RM_07,HCM_Center,112,299.5,1184.4,21989.1,7.3
2025-02-05,RM_08,HaiPhong,167,488.0,7240.7,18445.4,14.7
2025-02-05,RM_09,HaiPhong,141,798.2,1387.9,41484.6,5.2
2025-02-05,RM_10,HN_HeadOffice,136,656.0,3745.2,38309.2,14.6
2025-02-05,RM_11,DaNang,117,268.2,5032.5,19222.6,16.7
2025-02-05,RM_12,HCM_Center,144,737.0,2671.3,13717.7,10.4
2025-02-05,RM_13,Online,172,476.5,5538.6,24181.3,16.5
2025-02-05,RM_14,HCM_Center,185,630.2,7017.6,33558.4,6.6
2025-02-05,RM_15,HaiPhong,39,218.4,2464.3,14105.2,14.3
2025-02-05,RM_16,Online,208,879.6,558.5,11406.7,15.2
2025-02-05,RM_17,HN_HeadOffice,133,567.9,3875.2,5418.7,10.6
2025-02-05,RM_18,HN_HeadOffice,76,526.9,8909.2,42642.2,14.4
2025-02-05,RM_19,HaiPhong,169,339.4,7732.9,49483.3,4.2
2025-02-05,RM_20,HCM_Center,105,492.8,824.2,44998.0,15.8
2025-02-05,RM_21,Online,209,119.3,5574.2,28094.0,12.1
2025-02-05,RM_22,HN_HeadOffice,96,300.2,6573.1,27211.0,15.7
2025-02-05,RM_23,DaNang,32,383.3,1821.8,47823.2,17.3
2025-02-05,RM_24,DaNang,30,215.0,8280.8,39812.0,8.9
2025-02-05,RM_25,HCM_Center,52,461.8,5727.0,24076.7,3.7
2025-02-05,RM_26,HCM_Center,53,199.2,6297.2,8443.0,9.4
2025-02-05,RM_27,HN_HeadOffice,86,557.3,8346.8,10127.0,16.1
2025-02-05,RM_28,Online,190,173.6,8670.6,41227.1,3.3
2025-02-05,RM_29,DaNang,216,503.6,8296.1,47945.2,16.1
2025-02-05,RM_30,CanTho,144,476.1,1385.5,9946.2,16.8
2025-02-12,RM_01,CanTho,159,797.4,7691.9,49551.5,9.7
2025-02-12,RM_02,DaNang,209,362.0,7199.0,48474.3,18.0
2025-02-12,RM_03,DaNang,54,479.4,8093.7,20423.2,12.5
2025-02-12,RM_04,DaNang,197,461.1,4990.3,7026.8,9.9
2025-02-12,RM_05,CanTho,145,460.7,3554.9,28553.0,10.6
2025-02-12,RM_06,HN_HeadOffice,142,378.0,7874.2,22763.3,12.2
2025-02-12,RM_07,CanTho,110,726.4,8250.7,38571.3,10.9
2025-02-12,RM_08,HN_HeadOffice,86,503.0,4276.6,33556.2,10.4
2025-02-12,RM_09,DaNang,46,684.2,2731.9,14545.4,16.1
2025-02-12,RM_10,HaiPhong,189,580.1,8502.4,43365.2,3.9
2025-02-12,RM_11,DaNang,116,276.1,8348.5,25833.2,7.8
2025-02-12,RM_12,Online,87,628.8,7059.8,4145.6,11.6
2025-02-12,RM_13,CanTho,135,591.6,4771.9,42642.9,15.6
2025-02-12,RM_14,HN_HeadOffice,199,538.7,6128.0,10683.8,3.4
2025-02-12,RM_15,HaiPhong,49,702.4,6813.0,18206.0,16.5
2025-02-12,RM_16,Online,181,297.3,1881.2,41909.1,11.4
2025-02-12,RM_17,HCM_Center,92,509.4,5321.8,18118.5,16.8
2025-02-12,RM_18,CanTho,34,472.5,4247.6,44379.9,12.1
2025-02-12,RM_19,Online,159,399.3,8249.9,48911.9,14.9
2025-02-12,RM_20,CanTho,75,91.5,5161.0,25191.1,10.6
2025-02-12,RM_21,DaNang,119,617.0,4894.9,31477.4,6.1
2025-02-12,RM_22,CanTho,216,207.6,8520.0,37030.3,6.3
2025-02-12,RM_23,CanTho,179,748.3,728.6,47451.1,16.2
2025-02-12,RM_24,HCM_Center,176,278.2,6284.0,5929.1,8.3
2025-02-12,RM_25,DaNang,110,505.9,2873.0,46270.1,14.8
2025-02-12,RM_26,HN_HeadOffice,54,228.4,4955.5,46793.5,17.7
2025-02-12,RM_27,HaiPhong,44,812.8,6678.9,39335.0,13.5
2025-02-12,RM_28,HN_HeadOffice,52,449.9,1575.1,15128.7,3.3
2025-02-12,RM_29,HaiPhong,149,190.3,8861.8,16712.6,5.4
2025-02-12,RM_30,DaNang,76,783.9,4444.4,27310.1,13.5
2025-02-19,RM_01,HaiPhong,200,389.1,3847.0,17962.6,3.0
2025-02-19,RM_02,HCM_Center,180,90.9,7396.4,45037.8,6.7
2025-02-19,RM_03,Online,174,418.8,4225.2,20307.3,15.3
2025-02-19,RM_04,Online,55,752.8,1957.6,28044.7,12.6
2025-02-19,RM_05,Online,136,220.8,1611.1,4723.5,8.3
2025-02-19,RM_06,HCM_Center,157,242.4,4203.0,40638.0,6.6
2025-02-19,RM_07,HCM_Center,84,803.3,7286.8,19485.8,15.8
2025-02-19,RM_08,CanTho,54,503.3,4419.5,45947.1,10.7
2025-02-19,RM_09,Online,114,103.5,4264.5,39628.2,10.1
2025-02-19,RM_10,Online,60,92.2,8273.9,40773.2,7.0
2025-02-19,RM_11,HN_HeadOffice,139,681.3,8695.5,18432.2,10.6
2025-02-19,RM_12,HCM_Center,201,793.2,7749.1,33584.6,3.6
2025-02-19,RM_13,HN_HeadOffice,81,538.7,3918.1,17104.6,6.3
2025-02-19,RM_14,HCM_Center,145,803.0,4391.4,45861.4,16.3
2025-02-19,RM_15,HCM_Center,54,593.3,1318.3,21265.0,7.9
2025-02-19,RM_16,HN_HeadOffice,82,868.1,7882.3,11856.8,14.0
2025-02-19,RM_17,HN_HeadOffice,193,886.3,1158.1,22837.0,9.1
2025-02-19,RM_18,CanTho,68,171.1,6999.3,45357.7,4.4
2025-02-19,RM_19,Online,192,703.7,3186.7,15907.3,14.8
2025-02-19,RM_20,Online,52,200.6,2300.5,41814.2,14.3
2025-02-19,RM_21,DaNang,55,305.9,7365.1,28815.7,14.1
2025-02-19,RM_22,HN_HeadOffice,188,760.8,5181.6,19155.8,16.4
2025-02-19,RM_23,HCM_Center,104,136.5,2377.8,10298.5,15.6
2025-02-19,RM_24,HaiPhong,150,162.9,3846.5,26729.1,17.5
2025-02-19,RM_25,DaNang,32,371.8,7530.3,21711.3,5.6
2025-02-19,RM_26,HaiPhong,159,257.3,5602.1,35211.9,15.1
2025-02-19,RM_27,CanTho,59,734.3,1264.9,12956.9,9.4
2025-02-19,RM_28,Online,31,341.9,6169.6,22351.8,4.2
2025-02-19,RM_29,Online,150,152.1,8684.5,41379.8,10.2
2025-02-19,RM_30,HN_HeadOffice,79,617.6,5274.7,43179.6,11.0
2025-02-26,RM_01,CanTho,131,434.2,6747.0,32602.6,16.1
2025-02-26,RM_02,HCM_Center,201,647.0,3850.9,15508.7,17.6
2025-02-26,RM_03,DaNang,144,752.7,4424.4,23187.3,7.4
2025-02-26,RM_04,HCM_Center,142,201.4,7332.9,47762.5,18.0
2025-02-26,RM_05,HN_HeadOffice,147,557.9,7457.3,38125.3,16.1
2025-02-26,RM_06,Online,122,641.8,5530.2,24355.2,6.8
2025-02-26,RM_07,HaiPhong,64,876.7,6187.7,45377.7,13.3
2025-02-26,RM_08,HCM_Center,32,113.3,3126.8,18524.6,4.6
2025-02-26,RM_09,HaiPhong,154,516.4,2505.5,36769.6,8.4
2025-02-26,RM_10,DaNang,157,684.2,2675.9,37498.3,5.8
2025-02-26,RM_11,DaNang,91,864.4,7688.8,11068.5,4.2
2025-02-26,RM_12,CanTho,116,607.8,1050.9,24999.3,12.6
2025-02-26,RM_13,HCM_Center,209,592.0,5165.5,13068.2,9.2
2025-02-26,RM_14,CanTho,112,252.9,2163.8,41845.5,13.7
2025-02-26,RM_15,Online,168,320.4,3931.9,33638.1,5.9
2025-02-26,RM_16,Online,162,143.2,7499.5,7955.1,10.6
2025-02-26,RM_17,HCM_Center,95,572.8,5659.3,8226.4,10.8
2025-02-26,RM_18,HCM_Center,39,541.9,6670.6,10436.5,3.1
2025-02-26,RM_19,HCM_Center,97,736.3,6799.9,27378.2,6.2
2025-02-26,RM_20,CanTho,208,392.0,4596.9,32775.7,4.6
2025-02-26,RM_21,HaiPhong,181,176.4,6511.0,26907.5,4.8
2025-02-26,RM_22,DaNang,64,324.5,2143.5,5212.7,13.4
2025-02-26,RM_23,CanTho,210,159.7,8546.8,49030.8,16.0
2025-02-26,RM_24,HCM_Center,217,241.0,8808.7,25521.3,11.8
2025-02-26,RM_25,HN_HeadOffice,193,371.1,4904.6,37502.6,11.5
2025-02-26,RM_26,HN_HeadOffice,94,516.8,6356.1,4956.5,13.4
2025-02-26,RM_27,HaiPhong,172,277.9,580.9,16926.6,4.5
2025-02-26,RM_28,HN_HeadOffice,179,694.9,810.6,48964.5,9.3
2025-02-26,RM_29,HaiPhong,204,799.0,3877.5,11895.0,5.4
2025-02-26,RM_30,CanTho,174,188.7,8656.0,7698.0,7.7
2025-03-05,RM_01,HN_HeadOffice,49,657.9,2794.7,39659.0,16.4
2025-03-05,RM_02,HN_HeadOffice,143,760.2,4012.6,47191.4,8.6
2025-03-05,RM_03,DaNang,203,579.3,8487.9,3651.1,6.6
2025-03-05,RM_04,HaiPhong,62,353.0,3727.3,11087.6,5.4
2025-03-05,RM_05,HCM_Center,123,184.1,7627.7,38281.0,13.0
2025-03-05,RM_06,DaNang,159,126.0,4131.1,16815.4,4.5
2025-03-05,RM_07,DaNang,74,229.3,5646.0,16716.5,14.2
2025-03-05,RM_08,Online,119,631.2,7192.8,26867.7,11.3
2025-03-05,RM_09,HaiPhong,47,267.8,6593.8,11011.4,6.4
2025-03-05,RM_10,CanTho,216,475.7,8412.4,5877.3,5.1
2025-03-05,RM_11,HN_HeadOffice,197,594.5,1804.7,34232.9,12.9
2025-03-05,RM_12,DaNang,50,823.6,6372.1,40572.6,8.3
2025-03-05,RM_13,DaNang,165,138.2,4249.6,12653.9,5.8
2025-03-05,RM_14,CanTho,128,296.9,7297.3,11706.8,15.5
2025-03-05,RM_15,Online,63,295.2,7153.0,5112.9,12.4
2025-03-05,RM_16,HN_HeadOffice,209,594.6,8983.4,38157.8,5.7
2025-03-05,RM_17,DaNang,142,808.0,5675.8,30479.1,14.5
2025-03-05,RM_18,CanTho,160,177.9,5649.9,22494.1,10.6
2025-03-05,RM_19,Online,179,466.8,4706.4,5757.7,5.7
2025-03-05,RM_20,HN_HeadOffice,104,316.5,3393.9,27861.4,6.6
2025-03-05,RM_21,HCM_Center,48,378.6,663.5,29214.7,6.5
2025-03-05,RM_22,HN_HeadOffice,118,224.2,3267.3,4903.3,16.9
2025-03-05,RM_23,HN_HeadOffice,36,205.5,7864.0,25709.4,14.4
2025-03-05,RM_24,HaiPhong,60,338.1,1620.0,40316.4,10.8
2025-03-05,RM_25,HaiPhong,150,547.0,2874.9,21033.9,7.3
2025-03-05,RM_26,HaiPhong,112,477.6,7811.9,22625.8,6.8
2025-03-05,RM_27,HN_HeadOffice,35,148.8,8344.1,18287.4,12.9
2025-03-05,RM_28,HCM_Center,82,169.4,8355.7,9033.0,11.3
2025-03-05,RM_29,Online,122,842.6,6748.8,16890.8,7.4
2025-03-05,RM_30,HaiPhong,57,139.4,8363.5,10216.1,17.7
2025-03-12,RM_01,CanTho,197,792.7,7504.3,22325.4,12.7
2025-03-12,RM_02,CanTho,209,753.4,554.3,29178.2,5.4
2025-03-12,RM_03,HCM_Center,113,623.4,3329.7,46337.6,13.1
2025-03-12,RM_04,Online,89,787.3,8485.5,26139.6,3.8
2025-03-12,RM_05,DaNang,135,208.4,5455.9,29142.9,4.6
2025-03-12,RM_06,HN_HeadOffice,191,479.3,3067.8,27760.5,14.8
2025-03-12,RM_07,Online,117,88.4,6788.8,3368.6,14.1
2025-03-12,RM_08,DaNang,114,767.4,1967.8,25356.2,5.2
2025-03-12,RM_09,HCM_Center,167,782.3,654.3,33088.7,5.2
2025-03-12,RM_10,Online,49,84.3,1608.8,41442.9,16.3
2025-03-12,RM_11,Online,100,881.7,6552.1,16016.8,5.8
2025-03-12,RM_12,HCM_Center,145,302.4,892.4,44775.4,7.9
2025-03-12,RM_13,DaNang,51,272.4,4360.2,32226.0,5.3
2025-03-12,RM_14,HaiPhong,153,282.9,2163.6,45888.5,3.4
2025-03-12,RM_15,CanTho,147,592.0,8612.6,29421.0,17.8
2025-03-12,RM_16,HaiPhong,74,329.2,2745.5,8582.6,6.1
2025-03-12,RM_17,Online,41,136.0,8645.1,28366.1,13.3
2025-03-12,RM_18,HaiPhong,54,554.5,3023.7,14782.4,11.5
2025-03-12,RM_19,HCM_Center,156,437.2,8856.0,34396.8,6.7
2025-03-12,RM_20,HCM_Center,181,552.9,3049.9,40853.3,11.8
2025-03-12,RM_21,Online,123,856.4,8885.2,10549.9,6.6
2025-03-12,RM_22,HaiPhong,103,171.9,2321.3,34785.5,14.3
2025-03-12,RM_23,HaiPhong,190,485.0,4119.0,6836.7,13.0
2025-03-12,RM_24,CanTho,150,387.2,6618.9,11649.5,17.8
2025-03-12,RM_25,HCM_Center,65,747.9,5483.4,4619.7,9.4
2025-03-12,RM_26,Online,162,785.7,5625.0,32865.3,11.0
2025-03-12,RM_27,HaiPhong,219,104.7,3415.6,39397.7,4.6
2025-03-12,RM_28,Online,127,493.5,8680.3,9667.1,13.4
2025-03-12,RM_29,HCM_Center,84,651.3,1660.9,38900.0,14.8
2025-03-12,RM_30,HaiPhong,74,446.5,2840.6,46359.7,6.8
2025-03-19,RM_01,HaiPhong,65,525.8,4968.1,28200.2,3.1
2025-03-19,RM_02,DaNang,48,804.3,4792.9,34656.6,16.6
2025-03-19,RM_03,DaNang,190,524.0,8534.2,40705.3,13.6
2025-03-19,RM_04,HaiPhong,95,651.8,8118.9,41023.3,10.7
2025-03-19,RM_05,HN_HeadOffice,83,91.9,5920.3,22144.4,15.1
2025-03-19,RM_06,CanTho,101,538.6,747.3,35388.5,14.6
2025-03-19,RM_07,DaNang,188,821.2,6167.1,32659.7,11.1
2025-03-19,RM_08,HCM_Center,114,236.4,4022.3,27169.1,16.5
2025-03-19,RM_09,HN_HeadOffice,203,258.5,3602.8,43840.6,5.6
2025-03-19,RM_10,DaNang,145,809.6,4910.6,36480.3,8.7
2025-03-19,RM_11,Online,66,600.2,8240.1,23361.3,12.0
2025-03-19,RM_12,HN_HeadOffice,105,632.3,7256.0,49474.1,4.1
2025-03-19,RM_13,DaNang,45,173.9,2777.4,24238.8,13.2
2025-03-19,RM_14,HCM_Center,87,555.1,7055.8,9719.3,7.1
2025-03-19,RM_15,HN_HeadOffice,94,381.6,3487.5,31276.9,4.9
2025-03-19,RM_16,HaiPhong,169,889.4,3332.9,41280.1,8.9
2025-03-19,RM_17,CanTho,156,390.5,6186.3,22629.5,16.9
2025-03-19,RM_18,CanTho,180,226.2,2131.1,45066.6,14.9
2025-03-19,RM_19,HCM_Center,66,320.7,2279.7,34741.2,17.4
2025-03-19,RM_20,DaNang,56,687.9,3628.9,27839.2,9.3
2025-03-19,RM_21,HaiPhong,69,151.0,804.0,28884.2,12.5
2025-03-19,RM_22,DaNang,105,569.7,6052.7,21264.5,16.2
2025-03-19,RM_23,HCM_Center,169,856.3,5429.7,8767.8,9.3
2025-03-19,RM_24,HN_HeadOffice,40,294.8,6412.0,13007.7,16.3
2025-03-19,RM_25,HCM_Center,203,186.4,8126.5,30049.7,3.6
2025-03-19,RM_26,HN_HeadOffice,50,261.7,2297.6,30213.8,15.4
2025-03-19,RM_27,HaiPhong,50,851.7,3564.2,36949.4,10.7
2025-03-19,RM_28,HN_HeadOffice,160,387.6,1303.8,38679.5,8.5
2025-03-19,RM_29,HaiPhong,57,223.1,8588.5,42365.1,7.0
2025-03-19,RM_30,HCM_Center,72,730.7,2405.0,35464.0,12.9
2025-03-26,RM_01,HN_HeadOffice,158,752.4,5160.8,18250.4,5.3
2025-03-26,RM_02,Online,37,414.8,6241.7,37077.7,10.5
2025-03-26,RM_03,Online,117,814.4,8288.6,13120.1,9.8
2025-03-26,RM_04,DaNang,198,482.8,3018.9,10064.3,13.9
2025-03-26,RM_05,HaiPhong,148,542.1,8480.6,39588.5,11.3
2025-03-26,RM_06,DaNang,218,497.6,1185.4,19631.3,13.1
2025-03-26,RM_07,DaNang,72,514.6,3453.5,15385.4,7.5
2025-03-26,RM_08,HaiPhong,172,440.3,3549.5,26678.3,10.3
2025-03-26,RM_09,Online,190,293.8,600.9,21244.2,11.9
2025-03-26,RM_10,HCM_Center,99,729.8,3038.5,41426.5,17.2
2025-03-26,RM_11,HCM_Center,205,500.8,5633.4,22849.0,4.8
2025-03-26,RM_12,DaNang,142,666.1,3154.4,19360.0,15.6
2025-03-26,RM_13,CanTho,162,513.9,915.7,18683.3,9.5
2025-03-26,RM_14,HN_HeadOffice,167,440.2,1252.6,48116.8,8.4
2025-03-26,RM_15,Online,41,894.9,8876.2,36793.6,17.9
2025-03-26,RM_16,HN_HeadOffice,197,129.7,1809.5,11046.8,15.9
2025-03-26,RM_17,Online,179,129.5,1475.8,16592.5,6.7
2025-03-26,RM_18,HN_HeadOffice,32,667.5,4278.4,39931.9,6.8
2025-03-26,RM_19,HN_HeadOffice,72,847.8,6560.1,38808.1,8.0
2025-03-26,RM_20,CanTho,32,165.4,2852.6,19368.6,8.3
2025-03-26,RM_21,HCM_Center,58,391.1,4129.1,7501.0,17.6
2025-03-26,RM_22,Online,93,811.5,8494.0,18223.5,15.2
2025-03-26,RM_23,HN_HeadOffice,134,574.4,1393.1,41324.3,16.7
2025-03-26,RM_24,CanTho,112,352.1,6728.1,5701.1,15.8
2025-03-26,RM_25,CanTho,168,460.6,6063.8,48293.3,3.3
2025-03-26,RM_26,CanTho,199,274.5,8562.5,21419.1,5.4
2025-03-26,RM_27,Online,59,635.1,8250.1,39679.9,7.9
2025-03-26,RM_28,CanTho,90,642.2,8736.7,25831.2,17.4
2025-03-26,RM_29,HCM_Center,138,804.2,2502.4,10079.0,7.2
2025-03-26,RM_30,CanTho,64,574.1,4412.4,7157.7,10.2
2025-04-02,RM_01,HCM_Center,53,172.0,8536.3,9688.9,8.3
2025-04-02,RM_02,HCM_Center,113,227.6,3922.0,9139.4,3.4
2025-04-02,RM_03,HN_HeadOffice,54,381.7,5346.5,42560.6,15.6
2025-04-02,RM_04,HN_HeadOffice,88,454.9,3079.5,17710.1,17.9
2025-04-02,RM_05,HaiPhong,34,193.1,5732.8,26814.3,5.7
2025-04-02,RM_06,DaNang,143,426.6,1567.1,44700.5,15.5
2025-04-02,RM_07,HCM_Center,100,629.1,4505.2,41931.8,13.9
2025-04-02,RM_08,Online,101,731.3,637.2,49541.8,4.4
2025-04-02,RM_09,HCM_Center,216,852.8,770.7,28525.4,17.6
2025-04-02,RM_10,HCM_Center,132,244.5,6009.1,39015.7,15.7
2025-04-02,RM_11,HN_HeadOffice,131,297.1,3425.3,3075.1,17.6
2025-04-02,RM_12,HCM_Center,123,277.0,2325.6,40924.7,4.3
2025-04-02,RM_13,DaNang,127,446.4,2071.8,16939.5,8.8
2025-04-02,RM_14,DaNang,169,170.9,1393.0,13618.7,16.5
2025-04-02,RM_15,CanTho,195,686.6,1218.6,41186.2,11.1
2025-04-02,RM_16,DaNang,61,553.8,7037.2,42897.0,6.9
2025-04-02,RM_17,Online,149,676.2,5499.1,10180.5,14.8
2025-04-02,RM_18,HCM_Center,44,321.8,7900.0,28087.7,7.9
2025-04-02,RM_19,Online,187,588.1,8949.9,21869.1,17.1
2025-04-02,RM_20,DaNang,189,208.3,3408.9,23239.7,4.6
2025-04-02,RM_21,CanTho,141,649.5,8190.9,26983.6,11.8
2025-04-02,RM_22,CanTho,117,540.9,2756.6,48286.3,3.2
2025-04-02,RM_23,Online,32,734.5,8908.7,8980.8,17.7
2025-04-02,RM_24,HCM_Center,44,610.9,4223.0,12506.4,3.8
2025-04-02,RM_25,HaiPhong,185,694.7,2205.2,6625.2,18.0
2025-04-02,RM_26,HN_HeadOffice,68,86.7,5039.5,13546.1,9.7
2025-04-02,RM_27,HaiPhong,138,414.2,4324.3,46748.2,8.3
2025-04-02,RM_28,DaNang,30,835.4,3649.7,16145.8,6.4
2025-04-02,RM_29,Online,167,270.5,8343.4,39488.7,13.5
2025-04-02,RM_30,HN_HeadOffice,67,283.3,611.8,33609.0,7.6
2025-04-09,RM_01,DaNang,31,470.1,2619.2,46976.1,14.1
2025-04-09,RM_02,CanTho,190,327.1,8142.0,25341.9,9.3
2025-04-09,RM_03,DaNang,101,691.6,5607.2,44447.7,16.8
2025-04-09,RM_04,DaNang,127,353.5,2052.2,7720.5,5.8
2025-04-09,RM_05,HCM_Center,35,371.0,6423.5,19995.1,15.0
2025-04-09,RM_06,HaiPhong,193,776.5,5607.5,18347.1,5.5
2025-04-09,RM_07,HaiPhong,61,762.1,3363.4,9664.4,3.2
2025-04-09,RM_08,HaiPhong,30,255.7,2314.4,8559.4,5.0
2025-04-09,RM_09,HCM_Center,185,822.1,727.3,6838.0,5.0
2025-04-09,RM_10,Online,52,474.5,6132.6,28893.4,14.7
2025-04-09,RM_11,HaiPhong,190,546.4,1770.4,22525.3,14.5
2025-04-09,RM_12,DaNang,140,151.2,2697.0,46893.8,8.2
2025-04-09,RM_13,HN_HeadOffice,50,322.8,4972.4,13563.9,3.4
2025-04-09,RM_14,HCM_Center,52,897.2,6695.1,3904.5,17.2
2025-04-09,RM_15,Online,32,125.0,2134.1,40512.1,10.7
2025-04-09,RM_16,HN_HeadOffice,180,141.2,8674.1,39964.8,15.9
2025-04-09,RM_17,Online,191,445.6,6201.4,28326.8,3.8
2025-04-09,RM_18,Online,151,505.7,7016.3,38913.2,12.2
2025-04-09,RM_19,Online,155,632.0,8547.9,43695.8,17.2
2025-04-09,RM_20,Online,136,772.3,8320.3,21370.3,17.0
2025-04-09,RM_21,Online,163,282.4,795.9,47405.4,17.8
2025-04-09,RM_22,HCM_Center,65,400.7,3982.8,18761.2,5.8
2025-04-09,RM_23,Online,210,141.9,8351.6,38526.1,14.7
2025-04-09,RM_24,DaNang,132,90.3,2290.6,46351.5,3.1
2025-04-09,RM_25,DaNang,83,203.7,6107.4,21776.5,10.2
2025-04-09,RM_26,Online,96,283.6,852.7,42419.2,6.8
2025-04-09,RM_27,Online,104,797.5,7104.6,42113.2,12.2
2025-04-09,RM_28,CanTho,127,82.9,824.8,37989.5,7.3
2025-04-09,RM_29,DaNang,188,875.0,6555.8,14638.3,3.8
2025-04-09,RM_30,DaNang,146,806.3,5536.6,8997.7,14.9
2025-04-16,RM_01,Online,148,376.0,1010.0,5873.3,9.3
2025-04-16,RM_02,CanTho,85,210.0,7690.5,27286.0,16.3
2025-04-16,RM_03,DaNang,191,501.4,2267.1,3576.1,7.5
2025-04-16,RM_04,CanTho,145,186.7,3394.6,34173.7,13.2
2025-04-16,RM_05,HCM_Center,70,838.1,1514.0,10122.8,3.4
2025-04-16,RM_06,HCM_Center,133,410.5,3114.1,39713.9,6.6
2025-04-16,RM_07,Online,93,634.1,7375.5,16979.6,4.4
2025-04-16,RM_08,Online,208,169.3,4011.7,24726.6,9.2
2025-04-16,RM_09,Online,192,826.3,7068.7,18128.9,4.5
2025-04-16,RM_10,DaNang,30,895.0,2567.7,8060.6,16.0
2025-04-16,RM_11,HaiPhong,189,304.4,4291.0,46940.0,6.2
2025-04-16,RM_12,Online,151,140.3,5316.6,22693.6,11.7
2025-04-16,RM_13,Online,110,323.0,6900.7,6056.8,12.9
2025-04-16,RM_14,HCM_Center,71,491.5,2066.7,6911.6,11.1
2025-04-16,RM_15,HN_HeadOffice,44,588.1,1799.2,38758.1,5.3
2025-04-16,RM_16,HaiPhong,166,551.1,8974.3,34301.2,7.3
2025-04-16,RM_17,HaiPhong,88,880.1,7157.4,22621.9,10.3
2025-04-16,RM_18,HCM_Center,202,623.8,672.6,10000.8,13.1
2025-04-16,RM_19,CanTho,171,175.0,2083.2,19599.1,4.8
2025-04-16,RM_20,HaiPhong,217,259.3,6833.8,29364.8,7.3
2025-04-16,RM_21,HaiPhong,63,452.8,6150.7,12853.7,4.0
2025-04-16,RM_22,HN_HeadOffice,179,780.8,6754.3,4926.6,4.8
2025-04-16,RM_23,HCM_Center,105,227.1,3029.1,42481.8,4.2
2025-04-16,RM_24,CanTho,174,409.6,6411.7,37981.7,6.2
2025-04-16,RM_25,HCM_Center,201,768.4,2011.5,11655.7,15.3
2025-04-16,RM_26,CanTho,44,387.4,1360.2,25383.9,8.0
2025-04-16,RM_27,CanTho,214,735.9,4667.9,15389.1,17.9
2025-04-16,RM_28,Online,101,736.4,4104.9,40245.1,10.0
2025-04-16,RM_29,HN_HeadOffice,89,332.8,5957.3,8807.1,10.3
2025-04-16,RM_30,HCM_Center,96,96.3,7138.9,38652.3,13.6
2025-04-23,RM_01,HaiPhong,104,539.8,1400.8,39547.5,13.2
2025-04-23,RM_02,CanTho,67,364.6,5969.1,11183.4,12.7
2025-04-23,RM_03,DaNang,58,522.6,2518.8,10128.7,11.6
2025-04-23,RM_04,Online,96,357.4,4230.3,5136.9,15.4
2025-04-23,RM_05,DaNang,31,856.6,7678.9,14387.6,5.5
2025-04-23,RM_06,HCM_Center,218,95.3,5012.7,19051.3,15.2
2025-04-23,RM_07,HN_HeadOffice,176,328.3,4695.4,11681.1,12.2
2025-04-23,RM_08,DaNang,141,310.9,2184.7,44064.8,12.4
2025-04-23,RM_09,HCM_Center,116,556.4,8326.3,12915.1,4.1
2025-04-23,RM_10,Online,54,679.0,5453.1,39032.1,12.9
2025-04-23,RM_11,HaiPhong,85,273.1,2069.7,44071.3,10.0
2025-04-23,RM_12,DaNang,86,347.9,5722.1,11486.2,6.8
2025-04-23,RM_13,DaNang,39,612.9,1985.2,8879.3,13.7
2025-04-23,RM_14,Online,196,365.8,2956.5,31935.5,4.0
2025-04-23,RM_15,HCM_Center,136,307.2,2605.9,22416.1,13.9
2025-04-23,RM_16,HaiPhong,97,576.4,5986.6,13981.8,9.6
2025-04-23,RM_17,Online,187,534.0,7961.3,25056.6,10.4
2025-04-23,RM_18,Online,193,675.3,5942.9,40527.1,11.0
2025-04-23,RM_19,Online,152,474.7,5262.5,28828.8,4.8
2025-04-23,RM_20,HCM_Center,197,434.9,1878.3,49484.4,7.2
2025-04-23,RM_21,HN_HeadOffice,117,488.2,5803.6,38121.7,17.6
2025-04-23,RM_22,HN_HeadOffice,107,760.1,5801.6,12714.2,12.4
2025-04-23,RM_23,HN_HeadOffice,39,214.6,2252.3,16835.5,9.4
2025-04-23,RM_24,CanTho,85,700.6,2667.8,49654.1,3.8
2025-04-23,RM_25,Online,141,206.8,3682.2,8825.1,14.0
2025-04-23,RM_26,Online,127,650.5,7306.0,11468.9,16.6
2025-04-23,RM_27,HN_HeadOffice,215,144.1,859.3,27330.0,12.6
2025-04-23,RM_28,DaNang,126,479.4,5884.4,12403.7,9.9
2025-04-23,RM_29,DaNang,143,204.5,1835.2,35085.1,9.1
2025-04-23,RM_30,CanTho,141,218.2,3161.8,21518.3,8.9
2025-04-30,RM_01,CanTho,172,681.6,1938.9,26067.4,14.4
2025-04-30,RM_02,HN_HeadOffice,94,204.5,7008.4,41190.1,8.0
2025-04-30,RM_03,DaNang,81,302.0,2134.6,49454.2,10.3
2025-04-30,RM_04,HaiPhong,47,259.4,6123.3,31129.7,10.7
2025-04-30,RM_05,HN_HeadOffice,209,200.6,7986.0,21621.5,16.3
2025-04-30,RM_06,HaiPhong,30,241.7,8869.5,8597.4,3.1
2025-04-30,RM_07,HN_HeadOffice,43,518.3,7136.6,29311.7,7.6
2025-04-30,RM_08,DaNang,179,126.2,7422.7,20383.2,4.8
2025-04-30,RM_09,HCM_Center,153,798.6,8376.6,36284.1,10.6
2025-04-30,RM_10,HN_HeadOffice,121,687.9,5077.2,31912.8,5.1
2025-04-30,RM_11,HaiPhong,154,390.8,707.7,12200.2,8.7
2025-04-30,RM_12,CanTho,179,279.7,7966.2,11229.0,7.7
2025-04-30,RM_13,CanTho,108,477.7,5951.5,15521.8,16.5
2025-04-30,RM_14,HCM_Center,130,617.9,7323.0,17083.4,11.9
2025-04-30,RM_15,CanTho,137,816.5,1335.5,24726.0,8.8
2025-04-30,RM_16,CanTho,115,570.6,8228.4,11710.6,11.5
2025-04-30,RM_17,HN_HeadOffice,183,788.0,594.8,48709.5,15.3
2025-04-30,RM_18,CanTho,217,540.9,637.6,3715.5,6.3
2025-04-30,RM_19,HN_HeadOffice,77,724.6,1432.4,8223.3,9.0
2025-04-30,RM_20,HaiPhong,85,754.0,2786.4,3968.4,14.7
2025-04-30,RM_21,HN_HeadOffice,86,442.5,8452.0,27530.4,6.2
2025-04-30,RM_22,HCM_Center,150,386.6,4659.2,46908.0,17.3
2025-04-30,RM_23,HN_HeadOffice,126,855.8,2430.4,42069.2,16.3
2025-04-30,RM_24,HN_HeadOffice,210,843.2,6757.1,11870.7,10.3
2025-04-30,RM_25,DaNang,72,497.1,3366.8,13538.1,12.6
2025-04-30,RM_26,Online,132,611.1,7312.5,5695.4,12.7
2025-04-30,RM_27,HN_HeadOffice,186,835.9,3987.6,24307.9,16.6
2025-04-30,RM_28,DaNang,197,754.8,3243.2,6099.8,16.2
2025-04-30,RM_29,DaNang,117,742.8,4783.5,46332.5,5.0
2025-04-30,RM_30,Online,81,699.3,7032.1,8566.0,7.1
2025-05-07,RM_01,CanTho,96,427.4,7963.8,34033.0,13.9
2025-05-07,RM_02,HCM_Center,203,294.6,1529.3,48202.0,11.0
2025-05-07,RM_03,CanTho,39,771.2,689.4,41861.4,13.0
2025-05-07,RM_04,HN_HeadOffice,139,372.2,7027.8,39602.2,9.2
2025-05-07,RM_05,CanTho,81,471.9,7086.9,27578.6,17.5
2025-05-07,RM_06,HN_HeadOffice,149,856.0,4918.0,39070.6,11.1
2025-05-07,RM_07,HaiPhong,170,596.5,2621.5,3852.9,9.6
2025-05-07,RM_08,HN_HeadOffice,112,229.2,8260.9,30852.3,5.0
2025-05-07,RM_09,Online,111,508.0,3004.5,3814.7,12.0
2025-05-07,RM_10,Online,186,325.0,7013.2,43861.9,13.7
2025-05-07,RM_11,CanTho,152,277.8,6168.0,25947.5,11.4
2025-05-07,RM_12,HCM_Center,143,132.6,7486.5,22996.3,15.7
2025-05-07,RM_13,Online,79,868.6,2620.1,48070.4,13.3
2025-05-07,RM_14,HaiPhong,123,568.1,7174.0,5501.8,7.9
2025-05-07,RM_15,Online,159,498.2,5199.5,46865.9,12.9
2025-05-07,RM_16,HN_HeadOffice,35,706.0,8128.0,41513.6,14.7
2025-05-07,RM_17,HaiPhong,214,449.8,7970.3,3819.4,11.6
2025-05-07,RM_18,Online,109,269.1,4733.8,39151.5,5.8
2025-05-07,RM_19,HaiPhong,49,833.1,2133.8,19132.8,11.6
2025-05-07,RM_20,HN_HeadOffice,54,252.2,7996.0,11156.9,8.4
2025-05-07,RM_21,CanTho,204,696.5,6387.6,38526.4,17.1
2025-05-07,RM_22,HN_HeadOffice,47,126.7,886.1,12321.3,13.8
2025-05-07,RM_23,DaNang,122,136.3,3126.2,41991.6,16.5
2025-05-07,RM_24,HN_HeadOffice,179,676.7,7734.5,12884.7,14.9
2025-05-07,RM_25,DaNang,212,565.1,1988.6,37683.5,15.8
2025-05-07,RM_26,CanTho,72,652.0,7370.8,39427.4,5.3
2025-05-07,RM_27,HaiPhong,159,147.6,5859.0,33987.1,9.1
2025-05-07,RM_28,HCM_Center,93,403.8,4671.7,40512.1,16.1
2025-05-07,RM_29,Online,133,564.1,8507.8,25049.8,3.2
2025-05-07,RM_30,CanTho,99,708.3,2020.0,31818.5,16.1
2025-05-14,RM_01,HCM_Center,111,380.3,6334.0,12761.5,11.0
2025-05-14,RM_02,HCM_Center,181,876.9,547.5,23694.6,15.9
2025-05-14,RM_03,DaNang,163,91.2,4960.1,13599.4,15.7
2025-05-14,RM_04,CanTho,205,294.6,1127.4,40205.8,12.3
2025-05-14,RM_05,HCM_Center,182,613.3,5376.0,35708.1,7.1
2025-05-14,RM_06,DaNang,215,698.0,7390.3,24192.8,13.4
2025-05-14,RM_07,HaiPhong,97,464.0,3681.7,47178.6,13.1
2025-05-14,RM_08,HCM_Center,203,705.8,2778.1,41090.9,7.8
2025-05-14,RM_09,HCM_Center,214,499.5,1364.3,32100.7,3.4
2025-05-14,RM_10,Online,175,602.9,6512.7,20632.6,15.9
2025-05-14,RM_11,DaNang,197,239.5,2314.5,32533.7,13.0
2025-05-14,RM_12,Online,212,688.1,4809.9,25094.1,5.3
2025-05-14,RM_13,CanTho,115,867.2,935.2,17036.0,7.2
2025-05-14,RM_14,CanTho,214,454.2,1390.4,17159.3,13.5
2025-05-14,RM_15,HCM_Center,217,718.2,1715.8,17443.7,5.6
2025-05-14,RM_16,Online,167,800.4,3147.2,12480.7,13.2
2025-05-14,RM_17,DaNang,194,181.9,2508.8,24347.4,3.8
2025-05-14,RM_18,HaiPhong,178,373.6,4572.5,14956.7,11.3
2025-05-14,RM_19,HaiPhong,109,892.6,5851.2,19559.3,7.2
2025-05-14,RM_20,HN_HeadOffice,97,209.7,1729.1,6031.7,8.3
2025-05-14,RM_21,HaiPhong,217,340.2,7483.5,21040.0,5.9
2025-05-14,RM_22,CanTho,56,294.8,3521.6,28236.7,10.0
2025-05-14,RM_23,Online,183,462.3,1437.8,28265.7,15.0
2025-05-14,RM_24,HN_HeadOffice,200,536.4,2889.6,46416.4,8.4
2025-05-14,RM_25,CanTho,190,162.4,1772.2,17560.3,3.2
2025-05-14,RM_26,Online,58,281.1,4226.1,48653.1,15.2
2025-05-14,RM_27,HaiPhong,58,436.9,5788.3,28161.8,14.1
2025-05-14,RM_28,HCM_Center,47,468.4,5184.5,6923.1,15.5
2025-05-14,RM_29,Online,134,133.4,2477.0,44619.6,11.9
2025-05-14,RM_30,Online,151,683.4,4434.3,23062.8,9.1
2025-05-21,RM_01,HN_HeadOffice,153,612.2,7367.4,43388.9,4.8
2025-05-21,RM_02,CanTho,154,737.9,2481.5,44266.3,5.7
2025-05-21,RM_03,HCM_Center,57,188.7,1574.3,44980.4,12.4
2025-05-21,RM_04,HaiPhong,53,366.8,3255.0,43623.8,6.8
2025-05-21,RM_05,DaNang,112,545.0,659.9,31307.6,9.9
2025-05-21,RM_06,Online,98,891.4,8996.5,10307.7,8.3
2025-05-21,RM_07,DaNang,132,260.7,8307.7,12826.7,16.0
2025-05-21,RM_08,HCM_Center,54,886.6,2624.6,34120.0,11.1
2025-05-21,RM_09,HaiPhong,55,303.9,1231.9,19325.5,9.4
2025-05-21,RM_10,DaNang,191,371.4,4531.4,15449.7,4.2
2025-05-21,RM_11,DaNang,166,676.7,2777.0,39941.3,13.2
2025-05-21,RM_12,HCM_Center,89,522.6,5587.4,30640.7,4.3
2025-05-21,RM_13,HaiPhong,202,482.4,6432.9,17296.6,6.3
2025-05-21,RM_14,HN_HeadOffice,58,526.6,3090.6,38331.8,6.8
2025-05-21,RM_15,CanTho,95,702.5,805.5,30233.4,15.0
2025-05-21,RM_16,Online,104,779.1,8544.8,26783.8,13.3
2025-05-21,RM_17,CanTho,111,523.3,8582.7,16538.4,13.5
2025-05-21,RM_18,DaNang,210,411.8,1823.3,43679.0,17.1
2025-05-21,RM_19,DaNang,38,558.6,7336.0,39013.2,7.6
2025-05-21,RM_20,HCM_Center,125,322.4,3486.9,15475.7,7.9
2025-05-21,RM_21,HN_HeadOffice,186,544.8,7450.4,24948.6,13.7
2025-05-21,RM_22,CanTho,85,184.5,2282.5,3116.4,7.6
2025-05-21,RM_23,Online,189,476.1,6446.2,46074.0,13.3
2025-05-21,RM_24,CanTho,146,632.8,925.9,10807.2,14.6
2025-05-21,RM_25,HCM_Center,129,596.5,1452.7,6900.2,11.9
2025-05-21,RM_26,DaNang,172,349.6,3747.3,25669.7,16.8
2025-05-21,RM_27,HN_HeadOffice,205,80.5,791.7,39084.4,15.1
2025-05-21,RM_28,DaNang,187,229.5,1373.8,14596.7,17.1
2025-05-21,RM_29,HCM_Center,64,220.1,4009.6,30868.2,14.3
2025-05-21,RM_30,Online,120,394.2,7115.1,19023.9,8.9
2025-05-28,RM_01,DaNang,91,655.5,7397.1,44109.8,11.8
2025-05-28,RM_02,HaiPhong,73,317.0,1651.0,48352.1,15.8
2025-05-28,RM_03,HaiPhong,44,106.5,6821.4,37150.4,6.0
2025-05-28,RM_04,HCM_Center,71,424.5,3826.8,41280.3,5.7
2025-05-28,RM_05,HN_HeadOffice,104,557.1,5839.8,49845.4,16.8
2025-05-28,RM_06,DaNang,123,679.3,8683.4,39684.4,3.3
2025-05-28,RM_07,CanTho,168,399.4,3506.9,16446.7,7.1
2025-05-28,RM_08,HaiPhong,170,761.1,7307.0,28150.1,8.0
2025-05-28,RM_09,HaiPhong,194,291.8,4555.7,18202.9,16.9
2025-05-28,RM_10,HaiPhong,48,766.9,6148.8,44998.5,7.9
2025-05-28,RM_11,HN_HeadOffice,33,600.1,8902.3,31115.7,5.9
2025-05-28,RM_12,HN_HeadOffice,78,577.3,5924.7,26069.5,15.3
2025-05-28,RM_13,DaNang,104,504.9,2480.6,7027.4,5.5
2025-05-28,RM_14,HCM_Center,122,295.2,1543.2,17980.6,6.6
2025-05-28,RM_15,HN_HeadOffice,78,316.2,706.9,33363.4,8.0
2025-05-28,RM_16,HCM_Center,117,293.6,5347.9,30770.4,14.2
2025-05-28,RM_17,HN_HeadOffice,159,559.6,6498.2,22883.1,16.2
2025-05-28,RM_18,DaNang,194,726.4,8149.7,11572.5,4.7
2025-05-28,RM_19,HCM_Center,45,133.0,3325.5,14672.3,8.4
2025-05-28,RM_20,CanTho,188,847.5,1256.1,11365.0,12.0
2025-05-28,RM_21,HN_HeadOffice,179,587.2,1299.3,27049.7,7.9
2025-05-28,RM_22,HN_HeadOffice,94,121.8,6456.9,38075.3,11.3
2025-05-28,RM_23,Online,59,703.5,6622.6,4354.9,9.0
2025-05-28,RM_24,Online,130,563.9,7000.6,39029.8,14.9
2025-05-28,RM_25,Online,115,683.4,2397.7,45763.2,16.5
2025-05-28,RM_26,HN_HeadOffice,208,678.8,4706.6,34974.9,16.8
2025-05-28,RM_27,DaNang,147,401.4,7422.8,47715.2,15.1
2025-05-28,RM_28,HaiPhong,31,313.9,8736.4,37858.3,5.4
2025-05-28,RM_29,Online,92,128.4,1896.9,17191.8,13.7
2025-05-28,RM_30,Online,77,504.6,5175.2,19287.9,3.0
2025-06-04,RM_01,CanTho,95,279.9,537.5,25016.0,4.6
2025-06-04,RM_02,DaNang,126,657.2,7026.4,31932.6,15.3
2025-06-04,RM_03,HaiPhong,86,672.2,5437.2,8010.2,16.4
2025-06-04,RM_04,HaiPhong,73,304.4,970.9,20183.8,11.5
2025-06-04,RM_05,Online,202,823.2,7734.6,6992.9,3.7
2025-06-04,RM_06,HCM_Center,206,359.1,3417.7,20425.8,6.7
2025-06-04,RM_07,DaNang,203,369.6,1378.4,17006.1,13.3
2025-06-04,RM_08,HCM_Center,154,632.3,1522.4,43742.8,11.0
2025-06-04,RM_09,DaNang,89,697.3,1271.5,45931.6,14.1
2025-06-04,RM_10,HaiPhong,108,445.6,6656.2,21152.1,14.7
2025-06-04,RM_11,Online,57,288.1,5476.5,47016.5,6.4
2025-06-04,RM_12,HN_HeadOffice,108,870.8,1637.2,38411.1,13.5
2025-06-04,RM_13,HN_HeadOffice,90,215.5,2472.9,32108.6,9.7
2025-06-04,RM_14,HCM_Center,103,896.8,8611.6,11561.6,6.2
2025-06-04,RM_15,CanTho,139,644.8,3303.3,34694.5,9.7
2025-06-04,RM_16,HCM_Center,116,245.5,543.1,34461.1,17.6
2025-06-04,RM_17,CanTho,154,589.2,2899.5,40161.2,7.0
2025-06-04,RM_18,HaiPhong,99,140.4,3184.7,27126.9,3.9
2025-06-04,RM_19,CanTho,128,711.4,1354.3,47554.1,17.5
2025-06-04,RM_20,HN_HeadOffice,149,426.2,6662.6,26333.6,9.0
2025-06-04,RM_21,CanTho,125,178.2,1863.5,5227.6,12.5
2025-06-04,RM_22,CanTho,54,775.6,4462.4,47115.2,3.7
2025-06-04,RM_23,Online,160,892.0,3570.1,35819.3,5.8
2025-06-04,RM_24,HaiPhong,196,520.2,4327.5,7026.8,9.5
2025-06-04,RM_25,Online,103,847.3,5837.8,34570.1,15.9
2025-06-04,RM_26,Online,165,378.8,3732.3,4329.9,4.7
2025-06-04,RM_27,HCM_Center,79,362.2,6217.4,34944.9,4.9
2025-06-04,RM_28,CanTho,46,740.2,6799.7,47221.4,11.5
2025-06-04,RM_29,CanTho,133,692.2,3408.8,37294.8,5.7
2025-06-04,RM_30,CanTho,174,578.4,7509.3,8946.4,11.9
2025-06-11,RM_01,Online,168,716.9,6616.5,46391.8,11.8
2025-06-11,RM_02,HN_HeadOffice,80,318.7,8895.7,46058.7,14.3
2025-06-11,RM_03,HCM_Center,46,546.5,2557.6,30448.8,15.9
2025-06-11,RM_04,DaNang,38,561.1,755.5,19368.9,14.5
2025-06-11,RM_05,HN_HeadOffice,38,168.2,6399.3,33134.7,7.3
2025-06-11,RM_06,HaiPhong,139,599.2,2165.0,11863.4,4.9
2025-06-11,RM_07,HN_HeadOffice,204,498.2,4539.5,23829.5,3.4
2025-06-11,RM_08,CanTho,184,162.9,1923.6,6379.5,7.8
2025-06-11,RM_09,HCM_Center,159,592.3,5585.5,20409.9,13.7
2025-06-11,RM_10,HCM_Center,65,155.1,4280.6,6022.4,12.0
2025-06-11,RM_11,HCM_Center,137,242.9,1462.9,6289.7,10.0
2025-06-11,RM_12,HN_HeadOffice,47,179.9,3739.8,36674.3,17.0
2025-06-11,RM_13,CanTho,109,160.9,6384.4,24381.8,10.5
2025-06-11,RM_14,HCM_Center,186,765.6,1533.1,36987.9,15.2
2025-06-11,RM_15,HN_HeadOffice,142,108.4,2061.5,40635.3,10.5
2025-06-11,RM_16,HN_HeadOffice,147,868.9,997.2,13299.3,7.1
2025-06-11,RM_17,HaiPhong,96,304.5,3021.7,19146.6,15.4
2025-06-11,RM_18,DaNang,211,312.2,6710.7,14964.0,8.2
2025-06-11,RM_19,HN_HeadOffice,94,550.3,7232.1,35745.9,17.1
2025-06-11,RM_20,HN_HeadOffice,144,349.3,2480.5,3505.4,17.4
2025-06-11,RM_21,DaNang,212,747.6,7661.5,8753.2,9.5
2025-06-11,RM_22,HN_HeadOffice,196,532.7,8674.6,8866.1,8.3
2025-06-11,RM_23,HN_HeadOffice,172,475.8,8286.3,20517.1,4.9
2025-06-11,RM_24,HaiPhong,159,877.6,2754.0,16164.4,13.6
2025-06-11,RM_25,CanTho,125,838.6,1650.0,13966.7,5.2
2025-06-11,RM_26,HN_HeadOffice,60,475.1,7749.9,7456.1,6.8
2025-06-11,RM_27,Online,54,714.6,8208.0,40623.9,13.9
2025-06-11,RM_28,HaiPhong,108,446.1,2446.6,29107.1,15.1
2025-06-11,RM_29,HCM_Center,211,449.9,5650.3,20076.1,8.0
2025-06-11,RM_30,HaiPhong,186,867.6,4754.8,23949.7,10.4
2025-06-18,RM_01,HN_HeadOffice,159,707.3,8618.2,44026.0,15.4
2025-06-18,RM_02,DaNang,142,249.0,8946.2,28908.6,14.2
2025-06-18,RM_03,HaiPhong,68,129.6,8620.1,44975.7,4.8
2025-06-18,RM_04,Online,112,517.4,5713.7,38721.1,3.7
2025-06-18,RM_05,HN_HeadOffice,122,256.7,7434.1,18460.8,8.7
2025-06-18,RM_06,CanTho,119,368.7,2660.7,26567.7,7.0
2025-06-18,RM_07,HCM_Center,30,431.7,3066.8,14734.5,13.2
2025-06-18,RM_08,HN_HeadOffice,120,489.0,8860.2,33375.7,16.8
2025-06-18,RM_09,HCM_Center,167,597.8,4709.7,27613.6,11.9
2025-06-18,RM_10,DaNang,212,855.7,4579.5,13090.0,5.8
2025-06-18,RM_11,HN_HeadOffice,92,637.4,2183.4,49976.8,6.2
2025-06-18,RM_12,DaNang,195,834.7,3390.8,19074.9,10.2
2025-06-18,RM_13,Online,51,725.4,5142.0,42003.6,17.9
2025-06-18,RM_14,HCM_Center,216,754.4,7805.0,40165.4,5.6
2025-06-18,RM_15,HN_HeadOffice,205,672.7,2200.9,27932.9,16.1
2025-06-18,RM_16,CanTho,72,259.3,6260.0,40311.7,7.1
2025-06-18,RM_17,HaiPhong,96,633.2,910.4,9916.1,8.0
2025-06-18,RM_18,Online,121,587.8,8610.6,47974.4,17.2
2025-06-18,RM_19,HN_HeadOffice,108,656.7,1984.2,42503.8,11.7
2025-06-18,RM_20,HaiPhong,48,684.4,8749.0,15570.7,6.5
2025-06-18,RM_21,HCM_Center,174,425.3,3854.1,20109.7,16.3
2025-06-18,RM_22,DaNang,126,861.4,6085.7,38798.1,8.3
2025-06-18,RM_23,HCM_Center,95,632.3,2532.2,24844.2,7.0
2025-06-18,RM_24,HCM_Center,41,493.6,5688.3,9744.2,15.2
2025-06-18,RM_25,CanTho,106,829.8,3420.0,6883.6,16.3
2025-06-18,RM_26,HN_HeadOffice,89,529.4,1698.8,8362.5,3.4
2025-06-18,RM_27,HN_HeadOffice,30,204.7,4644.2,8548.1,8.4
2025-06-18,RM_28,CanTho,189,804.2,5545.1,4422.2,6.1
2025-06-18,RM_29,HN_HeadOffice,63,424.4,4919.7,24495.1,11.9
2025-06-18,RM_30,HN_HeadOffice,133,868.6,7163.2,23493.1,13.8
2025-06-25,RM_01,HN_HeadOffice,60,213.1,733.0,30109.7,13.9
2025-06-25,RM_02,DaNang,174,714.2,4499.7,28587.8,11.8
2025-06-25,RM_03,DaNang,37,807.6,5925.7,6428.1,3.2
2025-06-25,RM_04,HaiPhong,190,420.9,2084.4,3621.2,16.5
2025-06-25,RM_05,Online,139,338.3,975.9,7644.4,12.5
2025-06-25,RM_06,CanTho,205,361.1,1192.0,6367.0,15.9
2025-06-25,RM_07,CanTho,167,134.9,7068.7,33110.9,15.6
2025-06-25,RM_08,HCM_Center,211,858.6,6220.0,16651.7,13.0
2025-06-25,RM_09,HaiPhong,61,665.1,6388.2,4975.4,16.0
2025-06-25,RM_10,HaiPhong,135,185.8,6741.7,18225.6,9.3
2025-06-25,RM_11,CanTho,30,874.3,1416.2,31484.2,4.9
2025-06-25,RM_12,DaNang,96,576.8,542.3,19046.6,7.2
2025-06-25,RM_13,Online,56,669.9,6877.4,8193.0,5.3
2025-06-25,RM_14,HaiPhong,178,583.6,4345.6,32813.9,17.3
2025-06-25,RM_15,CanTho,118,96.4,2917.6,21645.1,8.9
2025-06-25,RM_16,HCM_Center,92,898.0,1182.4,26686.5,3.2
2025-06-25,RM_17,HCM_Center,106,676.2,4793.5,36524.0,12.0
2025-06-25,RM_18,HaiPhong,74,398.8,6678.0,28536.1,10.8
2025-06-25,RM_19,HN_HeadOffice,172,881.3,3683.7,26640.3,4.6
2025-06-25,RM_20,DaNang,113,827.3,7886.7,6733.2,10.8
2025-06-25,RM_21,HCM_Center,116,836.1,7286.7,30444.1,14.5
2025-06-25,RM_22,HCM_Center,198,342.0,3829.4,9404.5,7.3
2025-06-25,RM_23,Online,140,791.2,7888.3,7249.3,11.6
2025-06-25,RM_24,Online,170,334.7,1589.9,35891.8,9.6
2025-06-25,RM_25,DaNang,142,883.2,6190.3,42063.2,5.1
2025-06-25,RM_26,HN_HeadOffice,115,622.4,4029.3,30169.3,14.9
2025-06-25,RM_27,HCM_Center,82,667.7,2875.5,34990.7,17.5
2025-06-25,RM_28,Online,124,577.2,7402.7,10348.5,9.2
2025-06-25,RM_29,Online,84,459.3,3325.1,6836.4,4.0
2025-06-25,RM_30,HCM_Center,67,127.1,8682.4,9446.5,4.2
2025-07-02,RM_01,HaiPhong,129,761.4,7295.7,17877.5,8.7
2025-07-02,RM_02,DaNang,145,504.7,8795.1,6763.7,7.2
2025-07-02,RM_03,DaNang,66,627.4,8215.5,31049.2,5.3
2025-07-02,RM_04,DaNang,217,804.8,2647.6,39367.8,13.5
2025-07-02,RM_05,HCM_Center,189,860.3,4500.7,22964.6,3.9
2025-07-02,RM_06,HaiPhong,167,404.0,6312.8,4692.4,9.1
2025-07-02,RM_07,CanTho,119,154.1,2817.0,40610.4,14.5
2025-07-02,RM_08,HaiPhong,133,296.1,1115.7,3148.0,17.3
2025-07-02,RM_09,Online,68,106.4,8759.6,15199.8,6.6
2025-07-02,RM_10,HaiPhong,106,562.6,6570.5,16050.4,13.8
2025-07-02,RM_11,HN_HeadOffice,161,339.4,531.0,41832.8,13.7
2025-07-02,RM_12,HCM_Center,189,733.4,1760.1,23640.5,11.2
2025-07-02,RM_13,HCM_Center,183,127.7,1830.5,11143.3,14.7
2025-07-02,RM_14,CanTho,33,548.4,7560.6,29819.9,4.4
2025-07-02,RM_15,HCM_Center,46,776.7,3750.7,25455.8,11.8
2025-07-02,RM_16,HCM_Center,88,681.6,5008.3,46930.6,8.6
2025-07-02,RM_17,HCM_Center,73,471.6,8278.4,19092.4,4.3
2025-07-02,RM_18,HaiPhong,107,531.9,2907.9,47136.4,11.7
2025-07-02,RM_19,HCM_Center,203,421.8,7125.3,28203.2,15.3
2025-07-02,RM_20,Online,157,508.7,7142.5,14653.8,5.5
2025-07-02,RM_21,HN_HeadOffice,98,679.2,630.2,4665.0,16.3
2025-07-02,RM_22,HCM_Center,211,757.3,2525.3,26942.8,10.0
2025-07-02,RM_23,HCM_Center,78,472.0,1957.2,23801.2,14.6
2025-07-02,RM_24,HCM_Center,36,402.7,7601.0,49985.0,3.7
2025-07-02,RM_25,HaiPhong,66,598.2,3397.5,32059.9,10.3
2025-07-02,RM_26,Online,156,867.6,1247.0,27058.1,9.7
2025-07-02,RM_27,CanTho,93,769.4,3264.3,36462.6,12.5
2025-07-02,RM_28,Online,167,545.6,7875.3,8800.6,17.1
2025-07-02,RM_29,HaiPhong,118,458.5,8190.0,42400.6,12.2
2025-07-02,RM_30,DaNang,91,665.0,4995.5,7417.0,14.7
2025-07-09,RM_01,HN_HeadOffice,87,108.5,7517.4,29415.2,3.1
2025-07-09,RM_02,DaNang,106,493.4,3367.4,43474.1,15.8
2025-07-09,RM_03,Online,128,641.2,4704.2,32914.2,7.2
2025-07-09,RM_04,HaiPhong,174,425.2,982.2,21832.9,14.7
2025-07-09,RM_05,Online,79,848.6,1216.5,22130.5,6.1
2025-07-09,RM_06,CanTho,168,129.1,6933.3,4735.2,8.3
2025-07-09,RM_07,CanTho,201,437.1,957.6,6754.2,6.5
2025-07-09,RM_08,HaiPhong,208,802.2,7045.9,36056.8,12.0
2025-07-09,RM_09,HCM_Center,176,185.5,1395.1,14477.0,8.9
2025-07-09,RM_10,CanTho,111,617.0,8458.1,21144.4,5.7
2025-07-09,RM_11,HN_HeadOffice,78,891.3,6947.8,29057.8,17.0
2025-07-09,RM_12,Online,190,311.4,3035.0,28658.9,4.4
2025-07-09,RM_13,HN_HeadOffice,132,522.1,2578.2,3008.3,4.5
2025-07-09,RM_14,HaiPhong,196,808.5,7558.1,31098.1,8.0
2025-07-09,RM_15,CanTho,102,644.9,7087.2,47916.8,13.7
2025-07-09,RM_16,DaNang,124,106.6,7960.1,32274.4,6.2
2025-07-09,RM_17,HCM_Center,141,884.5,7462.8,20618.7,10.5
2025-07-09,RM_18,CanTho,150,144.2,3464.4,16030.3,3.2
2025-07-09,RM_19,HaiPhong,167,215.1,5542.3,4577.3,10.2
2025-07-09,RM_20,Online,193,626.0,4644.4,25372.3,16.3
2025-07-09,RM_21,HN_HeadOffice,47,545.2,4808.1,18599.3,15.5
2025-07-09,RM_22,Online,195,590.6,2026.3,4876.2,5.3
2025-07-09,RM_23,DaNang,187,764.8,7243.9,23662.3,16.2
2025-07-09,RM_24,Online,161,498.3,5791.8,44711.5,5.6
2025-07-09,RM_25,HCM_Center,77,328.7,4209.2,14284.1,16.4
2025-07-09,RM_26,HCM_Center,216,123.1,4243.4,33726.6,17.7
2025-07-09,RM_27,Online,212,465.9,686.5,15283.5,4.1
2025-07-09,RM_28,DaNang,130,883.3,5689.3,30005.9,10.6
2025-07-09,RM_29,CanTho,160,151.9,8693.9,48927.6,13.2
2025-07-09,RM_30,Online,37,465.5,3052.2,25593.0,7.8
2025-07-16,RM_01,HCM_Center,167,409.3,1920.7,24194.7,15.6
2025-07-16,RM_02,HCM_Center,44,277.0,5642.0,30164.3,7.5
2025-07-16,RM_03,HN_HeadOffice,124,341.6,3991.7,44143.3,10.5
2025-07-16,RM_04,HN_HeadOffice,172,532.2,3257.8,47916.9,15.0
2025-07-16,RM_05,CanTho,159,141.1,3476.6,43541.3,4.6
2025-07-16,RM_06,HCM_Center,33,411.4,8429.9,25283.6,4.6
2025-07-16,RM_07,HaiPhong,156,513.7,5312.9,46445.7,13.9
2025-07-16,RM_08,CanTho,95,564.7,4593.9,21543.9,9.6
2025-07-16,RM_09,Online,203,536.2,3332.1,41837.6,9.6
2025-07-16,RM_10,HaiPhong,95,682.8,1409.7,33123.3,9.8
2025-07-16,RM_11,CanTho,173,778.2,2980.6,42985.4,17.0
2025-07-16,RM_12,Online,126,604.4,7232.3,35197.8,11.4
2025-07-16,RM_13,HCM_Center,76,118.0,6661.4,5300.6,5.4
2025-07-16,RM_14,HCM_Center,129,243.5,972.6,43170.2,7.6
2025-07-16,RM_15,HN_HeadOffice,51,234.8,5928.8,13360.6,6.1
2025-07-16,RM_16,HCM_Center,202,511.5,2312.6,38057.7,5.4
2025-07-16,RM_17,HN_HeadOffice,40,770.6,8258.1,26631.0,4.9
2025-07-16,RM_18,HaiPhong,205,152.1,792.8,37576.5,3.7
2025-07-16,RM_19,CanTho,44,166.4,4512.2,26245.1,6.2
2025-07-16,RM_20,HN_HeadOffice,144,132.7,3241.7,8281.6,16.7
2025-07-16,RM_21,HCM_Center,154,220.3,3814.8,15299.5,11.3
2025-07-16,RM_22,HaiPhong,40,119.2,7611.7,36004.9,15.6
2025-07-16,RM_23,HCM_Center,144,297.2,2682.2,35940.3,7.5
2025-07-16,RM_24,Online,219,890.0,5326.1,38949.7,10.5
2025-07-16,RM_25,DaNang,93,191.8,7910.2,3439.2,12.2
2025-07-16,RM_26,DaNang,106,96.3,4325.6,38776.1,5.0
2025-07-16,RM_27,DaNang,92,139.1,8484.1,9211.2,16.2
2025-07-16,RM_28,HCM_Center,99,778.3,1312.6,35553.9,9.0
2025-07-16,RM_29,Online,82,478.5,4517.6,49352.1,7.7
2025-07-16,RM_30,HN_HeadOffice,36,305.6,1648.0,24556.0,6.7
2025-07-23,RM_01,DaNang,30,279.6,3592.8,18715.1,8.5
2025-07-23,RM_02,HN_HeadOffice,58,654.5,7384.0,44140.6,9.6
2025-07-23,RM_03,DaNang,74,329.6,3388.0,5864.0,10.3
2025-07-23,RM_04,HaiPhong,138,454.5,2976.9,25176.5,16.7
2025-07-23,RM_05,DaNang,89,859.6,8523.0,49639.1,3.1
2025-07-23,RM_06,HaiPhong,157,240.1,3828.3,7256.6,14.4
2025-07-23,RM_07,Online,40,772.9,6117.6,24768.2,8.2
2025-07-23,RM_08,CanTho,156,816.3,1738.0,18031.6,14.2
2025-07-23,RM_09,DaNang,50,460.2,8054.4,18947.1,10.0
2025-07-23,RM_10,HCM_Center,147,848.2,6193.0,36208.4,4.8
2025-07-23,RM_11,Online,61,160.9,4261.0,18191.8,11.8
2025-07-23,RM_12,Online,194,480.8,6001.9,25939.1,8.6
2025-07-23,RM_13,Online,59,300.2,5823.1,44352.9,4.3
2025-07-23,RM_14,HN_HeadOffice,154,160.7,6655.4,48490.4,16.2
2025-07-23,RM_15,DaNang,155,200.2,2605.1,25331.8,14.4
2025-07-23,RM_16,Online,131,154.2,5051.3,21479.7,15.6
2025-07-23,RM_17,DaNang,82,136.7,2399.9,28973.9,17.9
2025-07-23,RM_18,HaiPhong,58,449.7,7095.1,11584.9,14.6
2025-07-23,RM_19,HaiPhong,58,207.8,1838.8,21306.3,10.7
2025-07-23,RM_20,Online,60,304.3,2037.0,29727.3,3.6
2025-07-23,RM_21,DaNang,119,446.1,2081.2,37029.5,10.6
2025-07-23,RM_22,CanTho,37,610.8,4731.0,23006.6,14.0
2025-07-23,RM_23,CanTho,207,372.7,1287.7,23037.9,8.4
2025-07-23,RM_24,Online,179,827.4,3829.4,49257.6,6.3
2025-07-23,RM_25,HCM_Center,60,723.4,8755.6,19819.1,4.1
2025-07-23,RM_26,HaiPhong,141,811.5,4118.7,7687.7,17.3
2025-07-23,RM_27,Online,91,672.7,3705.3,31547.0,3.4
2025-07-23,RM_28,HN_HeadOffice,177,229.4,2829.3,3181.1,4.5
2025-07-23,RM_29,HN_HeadOffice,163,327.9,1843.6,19104.8,15.6
2025-07-23,RM_30,DaNang,76,278.1,8552.1,16515.7,16.4
2025-07-30,RM_01,DaNang,171,769.0,3273.3,46428.8,12.1
2025-07-30,RM_02,CanTho,41,248.7,5119.8,42576.7,17.2
2025-07-30,RM_03,HCM_Center,214,174.5,1358.8,17917.2,9.9
2025-07-30,RM_04,HN_HeadOffice,35,86.0,8674.3,16612.8,4.2
2025-07-30,RM_05,Online,81,656.6,2179.4,34730.6,16.4
2025-07-30,RM_06,HaiPhong,215,708.0,2895.4,29073.1,8.7
2025-07-30,RM_07,Online,211,509.3,2520.5,13400.9,5.6
2025-07-30,RM_08,CanTho,201,534.8,2450.7,20915.8,13.1
2025-07-30,RM_09,CanTho,77,516.7,4490.0,5893.2,14.3
2025-07-30,RM_10,DaNang,86,396.0,6121.6,24651.8,8.2
2025-07-30,RM_11,HCM_Center,211,334.0,4151.4,35738.6,3.4
2025-07-30,RM_12,Online,54,833.2,1813.7,10465.4,9.3
2025-07-30,RM_13,Online,62,663.3,4243.6,17824.0,6.8
2025-07-30,RM_14,HCM_Center,158,588.5,3538.1,5710.1,15.8
2025-07-30,RM_15,HaiPhong,198,693.5,3671.0,35908.5,3.4
2025-07-30,RM_16,CanTho,207,420.9,3872.3,40196.7,10.8
2025-07-30,RM_17,Online,68,561.8,1306.2,9309.2,14.2
2025-07-30,RM_18,HN_HeadOffice,32,611.1,6025.1,16112.6,15.4
2025-07-30,RM_19,DaNang,60,271.9,4113.5,19127.4,16.3
2025-07-30,RM_20,HCM_Center,62,856.5,2331.8,6320.1,4.0
2025-07-30,RM_21,HCM_Center,124,87.8,5108.0,46244.3,11.6
2025-07-30,RM_22,HN_HeadOffice,37,315.6,7660.1,22931.7,8.6
2025-07-30,RM_23,HN_HeadOffice,165,370.6,2201.7,44124.8,17.9
2025-07-30,RM_24,DaNang,138,696.7,7897.2,33456.0,11.5
2025-07-30,RM_25,CanTho,66,383.9,1836.4,36539.7,11.2
2025-07-30,RM_26,DaNang,162,356.7,2981.1,9021.0,15.8
2025-07-30,RM_27,HCM_Center,147,452.7,7925.1,12235.3,13.5
2025-07-30,RM_28,HaiPhong,59,200.9,8181.2,16830.9,13.6
2025-07-30,RM_29,DaNang,204,183.4,2221.7,18643.1,16.2
2025-07-30,RM_30,HN_HeadOffice,109,375.8,839.7,29783.3,4.5
2025-08-06,RM_01,HCM_Center,200,415.3,3704.0,15934.7,9.8
2025-08-06,RM_02,HaiPhong,182,755.8,3987.2,41579.6,17.0
2025-08-06,RM_03,HaiPhong,110,510.8,6055.1,45810.6,5.0
2025-08-06,RM_04,HCM_Center,108,240.1,7657.9,24609.0,6.6
2025-08-06,RM_05,HCM_Center,142,892.5,4661.2,34689.3,5.7
2025-08-06,RM_06,HaiPhong,103,582.3,7303.7,38010.5,9.5
2025-08-06,RM_07,CanTho,61,450.6,606.6,34697.3,10.2
2025-08-06,RM_08,HaiPhong,145,338.2,2907.4,30532.4,3.6
2025-08-06,RM_09,DaNang,207,644.3,4880.3,35196.1,7.6
2025-08-06,RM_10,CanTho,92,237.0,5871.1,29576.8,14.5
2025-08-06,RM_11,HaiPhong,138,99.9,3464.6,23660.2,7.7
2025-08-06,RM_12,HN_HeadOffice,132,563.9,6707.5,44698.4,13.6
2025-08-06,RM_13,CanTho,109,637.6,8828.2,32331.8,7.0
2025-08-06,RM_14,CanTho,170,135.9,1115.0,12544.5,9.5
2025-08-06,RM_15,CanTho,40,668.7,4620.0,44128.3,17.4
2025-08-06,RM_16,DaNang,218,410.9,6280.7,27033.3,4.6
2025-08-06,RM_17,HaiPhong,128,466.3,1762.6,20710.3,5.8
2025-08-06,RM_18,HCM_Center,128,324.0,2381.7,42760.8,10.6
2025-08-06,RM_19,DaNang,63,605.3,5050.8,9064.9,7.4
2025-08-06,RM_20,HaiPhong,87,417.1,7818.9,46770.1,5.1
2025-08-06,RM_21,CanTho,81,364.0,1950.9,30620.5,11.2
2025-08-06,RM_22,CanTho,154,564.4,8303.2,21521.1,14.8
2025-08-06,RM_23,HCM_Center,116,215.1,1165.9,43501.2,13.7
2025-08-06,RM_24,CanTho,191,802.8,8786.2,25710.7,7.4
2025-08-06,RM_25,HCM_Center,120,252.0,7417.0,28379.5,16.3
2025-08-06,RM_26,Online,88,603.5,7415.7,46373.1,6.1
2025-08-06,RM_27,DaNang,130,890.6,7146.3,9836.8,8.7
2025-08-06,RM_28,HaiPhong,154,485.4,6469.9,36248.6,6.5
2025-08-06,RM_29,HaiPhong,43,337.4,2671.0,9027.6,4.9
2025-08-06,RM_30,HN_HeadOffice,41,232.8,4904.8,23743.2,17.7
2025-08-13,RM_01,HN_HeadOffice,138,350.7,3444.3,9625.7,11.2
2025-08-13,RM_02,CanTho,218,602.9,3627.9,14079.8,13.0
2025-08-13,RM_03,HaiPhong,109,584.8,1589.7,36081.7,4.6
2025-08-13,RM_04,HCM_Center,181,764.3,7385.2,27425.3,6.7
2025-08-13,RM_05,Online,183,747.7,7672.4,33594.1,4.9
2025-08-13,RM_06,HN_HeadOffice,122,446.8,7374.8,20495.3,14.7
2025-08-13,RM_07,HCM_Center,142,277.1,2771.7,26141.7,4.7
2025-08-13,RM_08,HCM_Center,181,451.6,2555.1,10512.5,17.7
2025-08-13,RM_09,CanTho,191,265.3,7198.2,36927.4,16.9
2025-08-13,RM_10,HN_HeadOffice,149,447.1,1693.0,17703.6,11.5
2025-08-13,RM_11,Online,154,399.7,8958.8,11805.6,10.7
2025-08-13,RM_12,HN_HeadOffice,148,858.0,8822.8,42254.2,12.1
2025-08-13,RM_13,HN_HeadOffice,104,187.3,7398.6,29291.4,8.4
2025-08-13,RM_14,CanTho,168,328.9,6205.4,20768.5,11.9
2025-08-13,RM_15,HCM_Center,54,738.7,784.1,22275.7,9.3
2025-08-13,RM_16,CanTho,128,415.5,6435.1,37126.4,15.7
2025-08-13,RM_17,CanTho,55,610.9,1733.4,48987.6,12.3
2025-08-13,RM_18,HaiPhong,200,900.0,3892.2,33641.6,14.5
2025-08-13,RM_19,DaNang,156,186.8,2444.2,23823.1,13.7
2025-08-13,RM_20,HCM_Center,92,273.0,3463.4,3916.1,16.7
2025-08-13,RM_21,DaNang,74,243.6,5138.8,7343.7,14.6
2025-08-13,RM_22,Online,37,436.0,7940.0,22109.2,16.1
2025-08-13,RM_23,CanTho,192,214.5,8457.7,14156.2,3.5
2025-08-13,RM_24,DaNang,52,317.7,7431.0,27978.1,13.7
2025-08-13,RM_25,HCM_Center,114,159.0,1046.2,13127.0,11.1
2025-08-13,RM_26,Online,87,526.0,2428.4,42202.9,17.3
2025-08-13,RM_27,HaiPhong,205,862.3,3082.9,33209.2,12.1
2025-08-13,RM_28,HN_HeadOffice,136,415.9,4249.1,37635.2,4.1
2025-08-13,RM_29,HN_HeadOffice,143,495.4,6671.9,42594.8,15.9
2025-08-13,RM_30,HN_HeadOffice,175,367.0,1878.0,38543.5,5.7
2025-08-20,RM_01,Online,175,799.4,820.9,37982.0,4.9
2025-08-20,RM_02,HCM_Center,100,657.7,1010.8,28448.0,8.7
2025-08-20,RM_03,HCM_Center,175,500.9,5541.4,40506.1,11.3
2025-08-20,RM_04,HaiPhong,160,259.3,1736.2,13943.3,3.9
2025-08-20,RM_05,Online,165,337.3,8059.0,20485.4,6.8
2025-08-20,RM_06,Online,92,598.7,3780.4,41575.4,11.1
2025-08-20,RM_07,CanTho,85,677.7,7482.9,7499.4,4.0
2025-08-20,RM_08,Online,57,890.7,4763.0,47936.8,10.4
2025-08-20,RM_09,HaiPhong,115,314.8,3661.3,47944.6,9.7
2025-08-20,RM_10,HaiPhong,212,347.7,8853.2,35884.9,8.6
2025-08-20,RM_11,DaNang,62,824.2,3448.1,16638.5,10.7
2025-08-20,RM_12,CanTho,199,427.5,5886.4,28626.3,5.6
2025-08-20,RM_13,HCM_Center,48,227.8,3924.4,10027.6,13.6
2025-08-20,RM_14,HCM_Center,101,527.1,4899.6,30907.4,16.7
2025-08-20,RM_15,DaNang,176,103.3,2083.4,44493.3,17.3
2025-08-20,RM_16,Online,215,197.3,8656.4,10295.0,17.6
2025-08-20,RM_17,HCM_Center,44,96.6,7856.1,12655.5,16.4
2025-08-20,RM_18,HN_HeadOffice,38,737.5,2566.4,46094.1,6.6
2025-08-20,RM_19,CanTho,174,162.6,8079.8,25000.6,8.7
2025-08-20,RM_20,HCM_Center,166,356.7,5010.8,37620.2,10.0
2025-08-20,RM_21,Online,42,444.4,3141.7,26621.7,4.1
2025-08-20,RM_22,Online,68,609.0,3513.9,13723.4,16.5
2025-08-20,RM_23,CanTho,44,300.2,7093.7,15442.4,6.5
2025-08-20,RM_24,Online,168,480.9,1408.9,39287.6,9.6
2025-08-20,RM_25,CanTho,203,791.4,6611.8,43300.9,6.7
2025-08-20,RM_26,HaiPhong,216,612.5,6177.8,39329.2,5.3
2025-08-20,RM_27,HN_HeadOffice,46,686.0,1772.1,44690.3,9.4
2025-08-20,RM_28,Online,81,140.9,6008.8,45504.8,8.2
2025-08-20,RM_29,CanTho,212,742.7,8536.5,37550.5,6.1
2025-08-20,RM_30,Online,44,747.2,8209.9,21755.4,16.8
2025-08-27,RM_01,HCM_Center,31,350.3,1162.8,15317.3,16.2
2025-08-27,RM_02,Online,69,545.3,5198.2,27509.5,8.3
2025-08-27,RM_03,HN_HeadOffice,206,105.8,3532.0,16821.9,17.2
2025-08-27,RM_04,CanTho,151,212.7,6922.7,41891.6,16.7
2025-08-27,RM_05,HN_HeadOffice,147,788.1,2995.3,38957.6,13.4
2025-08-27,RM_06,HaiPhong,128,381.8,8346.2,34783.8,14.0
2025-08-27,RM_07,CanTho,183,345.8,3804.2,47957.1,6.1
2025-08-27,RM_08,CanTho,107,346.3,7923.6,17898.7,13.4
2025-08-27,RM_09,HN_HeadOffice,136,839.8,8665.1,6897.2,15.0
2025-08-27,RM_10,DaNang,139,525.9,1604.1,13480.6,3.5
2025-08-27,RM_11,HCM_Center,142,407.6,1174.0,34136.1,3.2
2025-08-27,RM_12,DaNang,219,392.1,3274.2,49024.4,12.9
2025-08-27,RM_13,CanTho,194,449.2,4523.0,39532.6,6.4
2025-08-27,RM_14,Online,141,369.6,2407.7,32691.5,9.6
2025-08-27,RM_15,CanTho,50,103.4,7111.1,46678.4,8.6
2025-08-27,RM_16,CanTho,97,389.1,7197.4,38313.8,5.5
2025-08-27,RM_17,CanTho,41,709.2,8309.7,21134.2,16.7
2025-08-27,RM_18,Online,141,589.0,5699.0,26434.8,16.3
2025-08-27,RM_19,CanTho,113,489.7,6651.2,15918.5,6.3
2025-08-27,RM_20,HCM_Center,172,571.0,3155.9,37192.3,9.4
2025-08-27,RM_21,HN_HeadOffice,205,749.5,6229.5,47058.4,12.5
2025-08-27,RM_22,HN_HeadOffice,47,342.4,2295.7,16242.7,16.1
2025-08-27,RM_23,HCM_Center,39,342.1,6043.6,3603.2,17.2
2025-08-27,RM_24,CanTho,118,650.1,2505.9,13894.7,7.9
2025-08-27,RM_25,Online,42,729.3,4436.4,32423.5,3.8
2025-08-27,RM_26,HaiPhong,97,125.1,1717.3,13277.2,15.8
2025-08-27,RM_27,Online,112,552.2,7346.8,44544.5,6.6
2025-08-27,RM_28,DaNang,127,820.2,3455.6,9903.1,16.4
2025-08-27,RM_29,HaiPhong,102,655.5,8922.6,37243.0,12.1
2025-08-27,RM_30,DaNang,37,326.6,3215.3,24949.2,10.2
2025-09-03,RM_01,HN_HeadOffice,206,615.7,2181.0,43094.6,13.6
2025-09-03,RM_02,HCM_Center,183,516.9,5378.0,9966.4,11.0
2025-09-03,RM_03,CanTho,149,677.1,7012.3,22829.7,14.0
2025-09-03,RM_04,CanTho,217,614.3,8273.5,8470.5,3.4
2025-09-03,RM_05,HN_HeadOffice,181,806.9,3962.6,34179.6,4.0
2025-09-03,RM_06,HCM_Center,188,490.2,2168.0,11971.4,5.4
2025-09-03,RM_07,HaiPhong,59,814.5,4317.1,35877.9,5.2
2025-09-03,RM_08,HaiPhong,161,393.3,1909.3,10220.3,12.9
2025-09-03,RM_09,DaNang,193,557.9,3679.9,16152.7,11.4
2025-09-03,RM_10,HN_HeadOffice,165,855.6,1446.4,5771.7,3.4
2025-09-03,RM_11,HCM_Center,108,123.8,3223.6,45856.8,10.6
2025-09-03,RM_12,DaNang,81,127.7,6895.8,35560.5,16.1
2025-09-03,RM_13,HCM_Center,38,548.3,3813.6,25528.0,5.8
2025-09-03,RM_14,HaiPhong,86,569.8,1693.4,21833.3,4.1
2025-09-03,RM_15,DaNang,171,228.2,3283.7,13884.6,4.5
2025-09-03,RM_16,CanTho,216,201.0,6129.3,35135.6,14.3
2025-09-03,RM_17,HaiPhong,170,693.1,3174.2,42277.7,8.8
2025-09-03,RM_18,HCM_Center,158,816.7,3398.4,28448.0,14.4
2025-09-03,RM_19,HN_HeadOffice,204,624.4,999.7,18877.9,16.4
2025-09-03,RM_20,HaiPhong,143,427.1,7220.3,21974.2,14.8
2025-09-03,RM_21,DaNang,135,192.2,8472.4,45489.4,15.1
2025-09-03,RM_22,HCM_Center,194,435.7,4671.1,39783.4,9.3
2025-09-03,RM_23,HN_HeadOffice,151,729.4,4145.5,6192.8,6.2
2025-09-03,RM_24,HaiPhong,72,611.6,3299.1,37520.7,5.4
2025-09-03,RM_25,HaiPhong,180,166.8,7481.2,17940.4,7.4
2025-09-03,RM_26,CanTho,74,898.9,2046.2,6707.9,6.8
2025-09-03,RM_27,DaNang,197,361.3,2512.8,4231.5,14.6
2025-09-03,RM_28,HN_HeadOffice,140,812.0,7908.3,28990.4,3.3
2025-09-03,RM_29,DaNang,192,790.7,7199.9,49987.6,4.1
2025-09-03,RM_30,HaiPhong,86,260.9,2824.4,13375.4,10.0
2025-09-10,RM_01,DaNang,33,695.1,5681.0,13683.9,10.2
2025-09-10,RM_02,Online,169,872.4,5672.3,49139.0,5.1
2025-09-10,RM_03,Online,54,169.0,3661.2,49686.2,10.5
2025-09-10,RM_04,Online,181,407.6,7281.5,5081.2,7.2
2025-09-10,RM_05,Online,97,714.6,7134.6,12255.3,3.1
2025-09-10,RM_06,Online,216,506.9,8760.3,47212.0,16.7
2025-09-10,RM_07,Online,77,694.1,1290.8,21555.3,13.5
2025-09-10,RM_08,HCM_Center,156,503.8,7967.6,48877.1,3.4
2025-09-10,RM_09,DaNang,73,829.5,595.2,21772.8,3.7
2025-09-10,RM_10,HN_HeadOffice,136,386.8,8366.7,47048.0,3.0
2025-09-10,RM_11,HN_HeadOffice,122,829.1,7022.6,16757.2,9.9
2025-09-10,RM_12,HN_HeadOffice,77,677.7,7789.9,11194.1,12.1
2025-09-10,RM_13,Online,153,436.0,6974.6,47327.3,14.8
2025-09-10,RM_14,DaNang,133,836.7,973.4,47892.0,6.8
2025-09-10,RM_15,DaNang,52,835.5,4216.7,49803.1,17.8
2025-09-10,RM_16,HN_HeadOffice,139,376.0,1478.1,44465.8,11.3
2025-09-10,RM_17,HN_HeadOffice,207,543.6,8787.3,3859.2,13.2
2025-09-10,RM_18,HaiPhong,83,894.0,1190.1,9195.8,4.9
2025-09-10,RM_19,HCM_Center,99,346.2,8354.5,5926.1,6.1
2025-09-10,RM_20,Online,62,137.0,8743.6,12033.9,5.8
2025-09-10,RM_21,HCM_Center,58,204.0,1650.5,15043.7,15.5
2025-09-10,RM_22,DaNang,146,482.9,4859.7,23843.6,6.5
2025-09-10,RM_23,HaiPhong,72,556.5,6614.8,39841.6,5.8
2025-09-10,RM_24,DaNang,121,83.9,7521.1,26022.0,14.7
2025-09-10,RM_25,HCM_Center,185,566.6,7976.3,34307.9,15.5
2025-09-10,RM_26,CanTho,141,832.5,3272.5,19808.3,10.2
2025-09-10,RM_27,CanTho,126,897.4,1025.6,33536.2,7.5
2025-09-10,RM_28,CanTho,38,571.6,2564.4,19248.9,17.9
2025-09-10,RM_29,HaiPhong,55,370.5,2979.3,31406.6,14.7
2025-09-10,RM_30,HCM_Center,161,118.9,6516.7,10946.5,4.9
2025-09-17,RM_01,Online,196,212.0,5659.3,21972.2,17.0
2025-09-17,RM_02,Online,212,611.3,1594.6,49125.2,4.1
2025-09-17,RM_03,DaNang,191,397.9,3682.5,18500.7,5.9
2025-09-17,RM_04,HN_HeadOffice,177,737.0,8557.7,15874.8,9.8
2025-09-17,RM_05,HN_HeadOffice,145,402.8,2391.6,43859.0,14.3
2025-09-17,RM_06,HN_HeadOffice,199,683.4,1034.0,17907.3,12.1
2025-09-17,RM_07,Online,45,748.8,5717.4,43333.0,11.3
2025-09-17,RM_08,HaiPhong,143,575.1,8232.2,9163.2,7.6
2025-09-17,RM_09,HN_HeadOffice,43,645.0,3807.2,28423.9,7.6
2025-09-17,RM_10,DaNang,53,133.2,1066.5,19541.1,9.9
2025-09-17,RM_11,Online,36,348.8,7132.3,35056.1,16.9
2025-09-17,RM_12,Online,118,776.2,3299.7,35671.9,13.8
2025-09-17,RM_13,Online,149,880.0,5599.2,30934.2,7.5
2025-09-17,RM_14,HCM_Center,192,160.3,6794.3,40921.3,10.8
2025-09-17,RM_15,HCM_Center,53,505.2,8980.7,27378.1,15.4
2025-09-17,RM_16,Online,209,503.8,4385.6,21214.8,4.8
2025-09-17,RM_17,HCM_Center,197,523.4,5337.5,7872.5,12.7
2025-09-17,RM_18,CanTho,190,529.1,2192.2,16282.2,16.8
2025-09-17,RM_19,CanTho,121,814.5,5521.6,42884.6,10.9
2025-09-17,RM_20,HN_HeadOffice,156,703.9,2906.1,33908.9,4.4
2025-09-17,RM_21,Online,67,95.9,6975.0,40437.4,11.1
2025-09-17,RM_22,DaNang,48,808.8,8674.3,46265.2,8.4
2025-09-17,RM_23,Online,175,806.4,8284.5,39379.3,15.0
2025-09-17,RM_24,Online,100,734.9,5325.5,20870.0,5.8
2025-09-17,RM_25,DaNang,219,126.9,2166.3,21508.2,8.6
2025-09-17,RM_26,HaiPhong,155,228.3,4999.2,8095.2,3.3
2025-09-17,RM_27,CanTho,188,404.9,4050.7,15774.6,10.7
2025-09-17,RM_28,CanTho,201,825.2,2832.2,47206.6,12.7
2025-09-17,RM_29,HaiPhong,175,826.1,3051.4,31604.0,13.4
2025-09-17,RM_30,DaNang,124,225.6,1023.9,45315.1,4.4
2025-09-24,RM_01,HCM_Center,96,654.5,3981.9,20452.4,15.2
2025-09-24,RM_02,HCM_Center,203,763.5,3142.2,21043.4,10.9
2025-09-24,RM_03,HaiPhong,95,131.2,635.7,26186.8,17.9
2025-09-24,RM_04,HN_HeadOffice,55,796.9,8890.4,48324.9,13.2
2025-09-24,RM_05,Online,190,718.2,1484.6,4084.1,7.4
2025-09-24,RM_06,HaiPhong,73,238.4,2123.5,11250.6,14.2
2025-09-24,RM_07,HCM_Center,199,537.7,4655.4,16469.4,11.9
2025-09-24,RM_08,CanTho,100,775.5,4245.2,6348.7,14.9
2025-09-24,RM_09,Online,110,174.6,1306.9,3128.2,17.4
2025-09-24,RM_10,HN_HeadOffice,141,272.5,8589.2,47499.9,5.4
2025-09-24,RM_11,DaNang,80,508.4,8974.7,28430.4,9.9
2025-09-24,RM_12,HCM_Center,137,470.2,1908.8,24088.3,17.6
2025-09-24,RM_13,DaNang,74,667.6,4312.7,6382.1,11.2
2025-09-24,RM_14,Online,107,860.1,2482.0,15469.3,6.5
2025-09-24,RM_15,HCM_Center,57,606.2,1171.5,31687.6,14.0
2025-09-24,RM_16,CanTho,186,844.0,6802.0,13892.4,6.2
2025-09-24,RM_17,HN_HeadOffice,148,337.5,7530.8,24834.9,17.1
2025-09-24,RM_18,HN_HeadOffice,84,711.9,8868.5,29777.5,4.8
2025-09-24,RM_19,Online,174,897.3,8162.8,42908.5,16.9
2025-09-24,RM_20,Online,45,881.9,2745.9,38189.4,16.8
2025-09-24,RM_21,HCM_Center,121,398.7,8789.2,9430.1,17.0
2025-09-24,RM_22,HaiPhong,121,191.6,4063.5,27101.1,5.3
2025-09-24,RM_23,HaiPhong,80,705.4,6425.3,6663.0,17.3
2025-09-24,RM_24,HaiPhong,198,504.5,3237.5,42373.3,14.4
2025-09-24,RM_25,HN_HeadOffice,148,814.9,5680.1,9529.9,8.7
2025-09-24,RM_26,HN_HeadOffice,103,470.9,1497.3,26784.3,10.0
2025-09-24,RM_27,HaiPhong,35,191.3,5441.8,22995.7,14.8
2025-09-24,RM_28,HCM_Center,213,795.9,1774.0,11852.4,16.2
2025-09-24,RM_29,Online,94,357.6,7738.7,27201.3,15.6
2025-09-24,RM_30,HN_HeadOffice,183,277.5,3188.1,5650.2,16.0
2025-10-01,RM_01,HCM_Center,101,504.2,5481.0,46370.4,17.1
2025-10-01,RM_02,CanTho,205,323.9,2054.4,28658.0,17.9
2025-10-01,RM_03,CanTho,195,855.5,2437.2,24999.4,9.0
2025-10-01,RM_04,DaNang,105,790.1,3689.2,11482.1,16.1
2025-10-01,RM_05,HaiPhong,64,476.9,5785.7,15389.7,11.9
2025-10-01,RM_06,HN_HeadOffice,154,522.5,927.9,33975.0,4.9
2025-10-01,RM_07,CanTho,182,733.0,4313.2,24842.0,4.0
2025-10-01,RM_08,DaNang,74,266.4,2013.0,28500.1,3.4
2025-10-01,RM_09,CanTho,141,602.1,8467.4,32903.2,13.7
2025-10-01,RM_10,CanTho,132,381.3,2999.4,29944.7,11.0
2025-10-01,RM_11,HaiPhong,52,701.6,689.9,16860.6,9.3
2025-10-01,RM_12,Online,58,673.8,5842.8,22886.7,17.5
2025-10-01,RM_13,HN_HeadOffice,103,349.2,1332.2,45844.8,10.6
2025-10-01,RM_14,CanTho,42,534.0,3860.6,31586.5,3.3
2025-10-01,RM_15,HN_HeadOffice,55,202.6,2993.1,44597.8,13.4
2025-10-01,RM_16,HaiPhong,198,434.2,2155.2,3097.7,16.5
2025-10-01,RM_17,HCM_Center,191,642.8,1533.0,31619.8,14.4
2025-10-01,RM_18,CanTho,193,433.1,1293.3,15783.2,14.3
2025-10-01,RM_19,HCM_Center,96,157.9,3179.4,21099.3,10.3
2025-10-01,RM_20,HCM_Center,143,132.2,6308.7,20120.4,9.9
2025-10-01,RM_21,HN_HeadOffice,105,242.6,5854.0,5105.0,12.3
2025-10-01,RM_22,CanTho,93,161.6,7871.1,33564.5,10.7
2025-10-01,RM_23,HN_HeadOffice,217,617.4,6035.5,26908.7,17.4
2025-10-01,RM_24,HCM_Center,153,754.3,8285.0,44664.2,6.2
2025-10-01,RM_25,CanTho,108,552.2,8632.0,37365.0,5.4
2025-10-01,RM_26,HCM_Center,151,845.1,3731.7,42379.6,6.4
2025-10-01,RM_27,Online,54,692.5,6856.4,44321.9,10.3
2025-10-01,RM_28,CanTho,179,197.7,6191.0,41060.8,5.1
2025-10-01,RM_29,HN_HeadOffice,191,870.6,5654.2,21401.3,10.7
2025-10-01,RM_30,DaNang,144,365.4,8916.5,9452.6,17.3
2025-10-08,RM_01,Online,102,469.8,8867.6,45786.3,3.9
2025-10-08,RM_02,DaNang,83,303.2,7184.1,4151.0,12.2
2025-10-08,RM_03,HaiPhong,42,874.2,7856.2,44853.3,15.6
2025-10-08,RM_04,Online,60,694.9,8600.4,29826.8,3.1
2025-10-08,RM_05,CanTho,207,611.0,8781.3,16129.9,6.2
2025-10-08,RM_06,HCM_Center,81,409.8,1870.3,35571.9,13.0
2025-10-08,RM_07,HN_HeadOffice,99,151.9,739.9,31892.2,10.9
2025-10-08,RM_08,HaiPhong,180,805.1,1559.1,19222.0,6.2
2025-10-08,RM_09,HaiPhong,168,498.5,5919.3,22569.1,11.9
2025-10-08,RM_10,CanTho,117,836.1,4089.9,26592.5,17.6
2025-10-08,RM_11,DaNang,143,761.1,7858.7,43342.5,7.8
2025-10-08,RM_12,HaiPhong,114,684.7,1506.6,13864.0,11.4
2025-10-08,RM_13,Online,193,216.6,1008.7,14619.6,3.6
2025-10-08,RM_14,DaNang,201,98.8,1378.8,30296.1,11.9
2025-10-08,RM_15,CanTho,164,315.2,3672.0,19857.8,11.2
2025-10-08,RM_16,Online,64,669.9,5452.1,8691.7,12.9
2025-10-08,RM_17,HCM_Center,198,138.4,1827.2,5759.4,14.3
2025-10-08,RM_18,DaNang,176,491.3,4389.2,20850.8,5.5
2025-10-08,RM_19,HaiPhong,142,168.8,1940.5,37992.7,14.3
2025-10-08,RM_20,HCM_Center,31,529.3,2834.7,14789.9,7.1
2025-10-08,RM_21,HCM_Center,193,449.0,2123.5,49404.1,14.5
2025-10-08,RM_22,CanTho,40,701.1,7121.5,33111.7,5.4
2025-10-08,RM_23,DaNang,109,394.8,3108.3,48926.5,5.5
2025-10-08,RM_24,Online,160,778.7,3045.5,35957.7,4.6
2025-10-08,RM_25,DaNang,127,379.6,3837.9,26342.5,8.4
2025-10-08,RM_26,HN_HeadOffice,150,230.2,2479.6,19760.6,10.9
2025-10-08,RM_27,CanTho,113,799.0,7782.3,30415.4,4.9
2025-10-08,RM_28,CanTho,188,259.5,1661.0,4697.0,11.8
2025-10-08,RM_29,DaNang,134,551.1,2147.5,35088.4,12.0
2025-10-08,RM_30,HaiPhong,84,685.8,5942.3,32204.0,14.9
2025-10-15,RM_01,CanTho,164,411.2,3185.7,28918.2,11.5
2025-10-15,RM_02,Online,52,292.7,6875.6,20491.8,16.1
2025-10-15,RM_03,HN_HeadOffice,143,574.0,4791.8,5214.7,15.2
2025-10-15,RM_04,Online,95,880.0,8655.1,4267.1,9.5
2025-10-15,RM_05,HCM_Center,201,772.7,5312.2,5152.2,16.7
2025-10-15,RM_06,CanTho,91,314.3,5860.2,10812.6,17.7
2025-10-15,RM_07,HCM_Center,134,429.5,6640.1,46895.4,14.5
2025-10-15,RM_08,CanTho,195,750.7,1315.1,26396.0,10.7
2025-10-15,RM_09,HaiPhong,32,749.2,2095.5,40622.2,16.0
2025-10-15,RM_10,CanTho,186,489.8,5839.4,43509.1,15.4
2025-10-15,RM_11,CanTho,81,667.8,1509.8,42769.5,12.0
2025-10-15,RM_12,HN_HeadOffice,34,341.1,4655.1,15986.1,16.6
2025-10-15,RM_13,DaNang,31,375.1,6064.5,18906.4,10.6
2025-10-15,RM_14,Online,111,274.0,1060.8,35166.8,17.7
2025-10-15,RM_15,HCM_Center,114,152.5,3799.8,36026.5,15.9
2025-10-15,RM_16,Online,69,354.9,5929.7,5971.0,9.0
2025-10-15,RM_17,DaNang,117,277.7,3674.7,10762.9,4.7
2025-10-15,RM_18,HaiPhong,165,411.5,4733.4,39927.0,6.0
2025-10-15,RM_19,Online,174,504.0,1601.6,26387.3,9.4
2025-10-15,RM_20,HCM_Center,175,157.9,4832.8,38764.8,14.3
2025-10-15,RM_21,DaNang,48,774.0,8668.7,21582.7,13.5
2025-10-15,RM_22,HN_HeadOffice,75,363.6,4470.6,37156.2,5.3
2025-10-15,RM_23,HaiPhong,158,549.0,7147.1,16505.6,12.8
2025-10-15,RM_24,HCM_Center,210,301.4,1921.0,16547.8,13.2
2025-10-15,RM_25,DaNang,200,732.8,7205.3,47712.2,10.4
2025-10-15,RM_26,CanTho,40,419.8,1918.5,28247.7,7.2
2025-10-15,RM_27,HaiPhong,64,120.7,8502.3,30528.2,9.9
2025-10-15,RM_28,HCM_Center,97,865.2,7902.6,22087.7,17.5
2025-10-15,RM_29,Online,120,605.0,8796.6,17347.2,11.8
2025-10-15,RM_30,HaiPhong,204,865.0,4877.1,21021.1,12.3
2025-10-22,RM_01,HCM_Center,145,799.1,6577.9,40025.1,14.2
2025-10-22,RM_02,DaNang,30,452.6,7314.5,12877.6,13.7
2025-10-22,RM_03,CanTho,201,473.0,2486.6,4276.5,9.7
2025-10-22,RM_04,DaNang,164,380.3,685.7,48984.8,15.9
2025-10-22,RM_05,HCM_Center,90,737.2,3446.6,23911.4,7.5
2025-10-22,RM_06,CanTho,175,181.2,7589.3,39076.6,8.6
2025-10-22,RM_07,DaNang,36,426.5,2727.2,32674.8,4.3
2025-10-22,RM_08,HN_HeadOffice,212,451.4,6038.0,40150.5,12.0
2025-10-22,RM_09,HN_HeadOffice,204,469.0,3141.8,6667.5,6.3
2025-10-22,RM_10,CanTho,201,254.4,5983.8,32598.9,11.9
2025-10-22,RM_11,DaNang,153,203.8,8154.2,29326.0,10.5
2025-10-22,RM_12,Online,108,444.2,4438.4,44383.0,8.0
2025-10-22,RM_13,DaNang,158,539.3,4177.6,37943.1,9.1
2025-10-22,RM_14,HaiPhong,206,259.7,2503.9,42255.1,16.3
2025-10-22,RM_15,DaNang,118,313.7,4251.3,18607.6,15.8
2025-10-22,RM_16,DaNang,48,385.2,552.6,33534.2,9.2
2025-10-22,RM_17,HaiPhong,141,552.7,4514.1,48025.8,11.5
2025-10-22,RM_18,Online,117,527.3,1244.1,46026.4,15.3
2025-10-22,RM_19,CanTho,190,735.4,1789.9,42350.0,17.4
2025-10-22,RM_20,HN_HeadOffice,116,314.6,5490.0,31936.0,10.7
2025-10-22,RM_21,HCM_Center,146,412.5,7591.9,13960.2,9.6
2025-10-22,RM_22,HaiPhong,100,500.0,1247.2,36488.7,14.1
2025-10-22,RM_23,HaiPhong,106,304.4,1804.6,41419.2,8.9
2025-10-22,RM_24,HN_HeadOffice,68,90.1,1075.2,42226.5,14.6
2025-10-22,RM_25,HaiPhong,44,639.5,7149.5,43111.0,14.8
2025-10-22,RM_26,CanTho,109,517.4,4844.6,19389.6,10.8
2025-10-22,RM_27,HaiPhong,180,168.4,7581.9,33518.8,10.0
2025-10-22,RM_28,HN_HeadOffice,34,367.5,1736.6,38714.8,8.1
2025-10-22,RM_29,HCM_Center,152,711.0,6022.1,38499.2,11.4
2025-10-22,RM_30,DaNang,122,305.2,8038.3,15268.4,7.8
2025-10-29,RM_01,HN_HeadOffice,173,874.8,7386.2,15696.2,5.7
2025-10-29,RM_02,DaNang,111,775.0,6249.5,44962.2,11.3
2025-10-29,RM_03,Online,34,246.3,3598.6,27204.6,8.3
2025-10-29,RM_04,HCM_Center,192,168.8,8983.5,23037.0,8.8
2025-10-29,RM_05,HN_HeadOffice,155,459.0,4560.8,19576.0,5.2
2025-10-29,RM_06,HaiPhong,131,897.0,3567.8,40769.8,3.1
2025-10-29,RM_07,HCM_Center,40,843.8,6413.6,47424.2,15.4
2025-10-29,RM_08,HN_HeadOffice,173,229.6,6330.0,5824.4,13.3
2025-10-29,RM_09,DaNang,60,327.3,2945.0,7219.5,10.6
2025-10-29,RM_10,DaNang,198,423.5,2839.1,25625.6,13.0
2025-10-29,RM_11,HN_HeadOffice,184,443.5,5206.3,5636.8,9.8
2025-10-29,RM_12,HCM_Center,207,494.9,3437.9,16107.8,5.1
2025-10-29,RM_13,HCM_Center,161,137.8,4480.9,40494.1,15.0
2025-10-29,RM_14,Online,68,208.8,5133.3,32221.5,17.0
2025-10-29,RM_15,DaNang,185,126.2,3625.5,15553.3,10.1
2025-10-29,RM_16,DaNang,74,320.9,4775.5,42958.9,10.0
2025-10-29,RM_17,DaNang,54,691.5,6879.6,42965.3,9.4
2025-10-29,RM_18,DaNang,180,673.5,6076.5,8949.1,9.7
2025-10-29,RM_19,HCM_Center,87,224.0,6954.9,5870.1,17.9
2025-10-29,RM_20,HCM_Center,131,844.3,2975.9,7533.1,7.3
2025-10-29,RM_21,HaiPhong,133,737.5,3767.6,13026.1,7.3
2025-10-29,RM_22,HaiPhong,137,747.7,2379.5,34446.0,13.8
2025-10-29,RM_23,DaNang,203,729.5,8318.0,34051.4,7.1
2025-10-29,RM_24,CanTho,167,393.9,3967.7,29197.9,5.5
2025-10-29,RM_25,CanTho,209,269.9,7515.5,22717.9,5.9
2025-10-29,RM_26,CanTho,198,795.8,1113.0,28813.7,9.8
2025-10-29,RM_27,Online,105,808.5,2605.3,23548.3,15.1
2025-10-29,RM_28,HN_HeadOffice,189,501.2,7154.2,48896.0,7.5
2025-10-29,RM_29,Online,175,823.7,5545.0,33542.8,8.2
2025-10-29,RM_30,Online,74,785.1,2329.0,23243.6,15.7
2025-11-05,RM_01,CanTho,106,227.3,1068.1,15229.9,4.4
2025-11-05,RM_02,HN_HeadOffice,216,144.9,6981.3,29435.7,8.4
2025-11-05,RM_03,HN_HeadOffice,170,330.5,2516.0,39275.7,9.2
2025-11-05,RM_04,Online,200,780.1,2831.6,24248.1,5.2
2025-11-05,RM_05,DaNang,112,240.6,5477.5,33589.9,15.4
2025-11-05,RM_06,HN_HeadOffice,157,243.7,1589.7,41633.4,7.8
2025-11-05,RM_07,CanTho,173,664.1,8607.1,34535.4,12.1
2025-11-05,RM_08,Online,218,702.9,6936.8,20599.3,4.2
2025-11-05,RM_09,CanTho,146,245.5,4478.3,34798.4,16.8
2025-11-05,RM_10,Online,187,746.9,2179.4,49776.1,11.4
2025-11-05,RM_11,HN_HeadOffice,163,866.6,3198.6,12967.9,5.4
2025-11-05,RM_12,HN_HeadOffice,200,605.6,2991.5,48862.5,7.2
2025-11-05,RM_13,HCM_Center,141,495.7,6238.5,20681.1,11.1
2025-11-05,RM_14,HCM_Center,104,378.3,4073.0,18106.2,17.3
2025-11-05,RM_15,DaNang,109,379.3,4467.4,29643.5,10.9
2025-11-05,RM_16,CanTho,53,420.7,6738.7,20232.0,17.2
2025-11-05,RM_17,HCM_Center,202,891.5,691.1,12946.1,10.7
2025-11-05,RM_18,DaNang,187,255.3,1594.9,28747.2,7.1
2025-11-05,RM_19,CanTho,155,548.0,1921.4,45029.6,9.0
2025-11-05,RM_20,DaNang,120,502.4,1686.3,29897.7,8.8
2025-11-05,RM_21,HaiPhong,157,543.8,4131.1,17919.6,15.4
2025-11-05,RM_22,HN_HeadOffice,147,292.5,1113.8,44914.9,11.2
2025-11-05,RM_23,CanTho,183,895.8,2866.5,43107.5,15.1
2025-11-05,RM_24,DaNang,129,113.8,8380.6,20428.4,9.4
2025-11-05,RM_25,DaNang,175,243.2,5304.5,29372.3,8.4
2025-11-05,RM_26,HaiPhong,47,743.3,4393.3,26826.0,17.5
2025-11-05,RM_27,DaNang,198,828.2,5872.0,19596.3,4.2
2025-11-05,RM_28,HCM_Center,154,620.6,7926.2,9136.2,8.2
2025-11-05,RM_29,HCM_Center,92,556.8,3276.1,19237.4,16.9
2025-11-05,RM_30,HaiPhong,64,315.6,3158.7,20126.6,8.1
2025-11-12,RM_01,Online,208,85.7,5103.1,30613.9,12.6
2025-11-12,RM_02,HCM_Center,181,503.4,5870.9,26777.4,6.3
2025-11-12,RM_03,HaiPhong,170,194.8,4120.7,5765.9,8.0
2025-11-12,RM_04,Online,205,199.6,3651.6,45832.9,5.4
2025-11-12,RM_05,DaNang,157,536.8,7788.6,26051.2,11.6
2025-11-12,RM_06,DaNang,125,537.8,6526.3,30115.7,5.3
2025-11-12,RM_07,HaiPhong,136,417.6,5677.4,6246.7,11.3
2025-11-12,RM_08,HaiPhong,65,512.0,6714.9,27651.9,8.7
2025-11-12,RM_09,DaNang,141,719.3,1127.4,20780.7,9.7
2025-11-12,RM_10,HaiPhong,165,119.2,3130.9,37046.6,14.0
2025-11-12,RM_11,HCM_Center,170,889.6,6245.4,8501.3,15.3
2025-11-12,RM_12,HaiPhong,44,212.9,1875.8,13516.5,4.1
2025-11-12,RM_13,Online,98,176.7,7215.4,18462.1,12.2
2025-11-12,RM_14,HN_HeadOffice,159,550.9,2827.3,21210.4,11.4
2025-11-12,RM_15,HN_HeadOffice,52,767.3,6766.9,19374.4,5.4
2025-11-12,RM_16,Online,178,659.3,8443.3,29930.2,10.2
2025-11-12,RM_17,HCM_Center,52,678.7,3374.9,15224.7,10.4
2025-11-12,RM_18,HN_HeadOffice,139,453.3,914.5,45953.7,10.1
2025-11-12,RM_19,HN_HeadOffice,214,474.3,1041.3,41380.0,12.3
2025-11-12,RM_20,Online,120,846.5,900.8,4269.2,6.0
2025-11-12,RM_21,HN_HeadOffice,199,318.8,6678.1,7975.8,4.9
2025-11-12,RM_22,HCM_Center,114,241.7,5871.8,41350.2,10.7
2025-11-12,RM_23,HN_HeadOffice,203,153.3,1784.6,18834.8,15.3
2025-11-12,RM_24,HN_HeadOffice,30,289.7,6405.1,38185.1,3.9
2025-11-12,RM_25,Online,133,410.7,2830.1,33470.6,4.5
2025-11-12,RM_26,HaiPhong,115,630.2,1036.2,28228.5,6.2
2025-11-12,RM_27,Online,74,262.6,8271.3,10963.8,14.4
2025-11-12,RM_28,DaNang,140,250.7,3121.1,26854.1,4.8
2025-11-12,RM_29,CanTho,53,492.1,4061.2,31527.6,6.6
2025-11-12,RM_30,DaNang,144,715.3,8018.7,3846.4,14.2
2025-11-19,RM_01,Online,168,812.7,8261.6,33398.4,8.3
2025-11-19,RM_02,HN_HeadOffice,213,308.2,5443.1,12551.0,14.5
2025-11-19,RM_03,HN_HeadOffice,51,827.1,2248.4,47183.8,7.3
2025-11-19,RM_04,DaNang,91,379.9,8033.3,6129.4,10.7
2025-11-19,RM_05,HCM_Center,172,195.0,6690.7,20549.8,14.3
2025-11-19,RM_06,HCM_Center,35,395.2,7687.1,34116.1,17.5
2025-11-19,RM_07,Online,74,229.6,8378.9,6355.2,16.7
2025-11-19,RM_08,CanTho,129,662.6,5983.3,49127.6,3.4
2025-11-19,RM_09,HaiPhong,70,98.0,7868.2,44787.2,5.1
2025-11-19,RM_10,HCM_Center,205,776.6,4645.2,4469.9,10.7
2025-11-19,RM_11,DaNang,62,219.8,3695.2,33184.0,14.9
2025-11-19,RM_12,DaNang,33,654.6,2762.3,29923.9,10.4
2025-11-19,RM_13,HaiPhong,200,869.3,6121.7,28199.9,10.2
2025-11-19,RM_14,HN_HeadOffice,198,710.7,4434.0,49562.5,12.4
2025-11-19,RM_15,Online,159,311.0,5122.5,21325.3,6.7
2025-11-19,RM_16,CanTho,73,647.0,3431.4,29478.6,9.1
2025-11-19,RM_17,Online,92,130.8,4238.9,26234.8,4.5
2025-11-19,RM_18,HN_HeadOffice,178,529.3,3198.1,28212.7,5.1
2025-11-19,RM_19,HaiPhong,45,191.9,4432.3,26902.2,17.4
2025-11-19,RM_20,DaNang,87,711.7,8510.1,19421.3,3.2
2025-11-19,RM_21,DaNang,134,862.4,8983.0,5272.5,7.9
2025-11-19,RM_22,CanTho,70,800.6,7561.8,25441.6,6.7
2025-11-19,RM_23,Online,85,866.8,5464.9,26793.7,14.6
2025-11-19,RM_24,DaNang,177,605.1,7756.2,38898.8,8.3
2025-11-19,RM_25,DaNang,156,342.5,5825.9,47172.5,8.5
2025-11-19,RM_26,Online,133,718.2,823.8,38199.2,11.9
2025-11-19,RM_27,HaiPhong,192,574.1,1591.6,16857.2,3.2
2025-11-19,RM_28,CanTho,192,414.9,4494.3,32477.6,15.6
2025-11-19,RM_29,DaNang,156,159.1,517.7,26730.9,6.5
2025-11-19,RM_30,DaNang,65,364.9,1229.1,28909.2,16.0
2025-11-26,RM_01,CanTho,85,635.1,8351.4,29357.7,11.5
2025-11-26,RM_02,HCM_Center,108,511.6,8502.8,5837.6,7.6
2025-11-26,RM_03,CanTho,184,158.0,8543.6,23658.0,13.8
2025-11-26,RM_04,HN_HeadOffice,188,440.1,5416.3,31643.5,4.5
2025-11-26,RM_05,Online,144,400.4,4807.5,7628.0,10.7
2025-11-26,RM_06,HaiPhong,120,621.0,5887.3,20194.9,15.3
2025-11-26,RM_07,DaNang,112,718.2,7381.4,9004.0,12.5
2025-11-26,RM_08,HN_HeadOffice,31,677.3,7265.5,22860.4,16.4
2025-11-26,RM_09,DaNang,206,501.4,7961.3,43259.8,7.5
2025-11-26,RM_10,HCM_Center,119,798.3,8528.1,23378.1,17.2
2025-11-26,RM_11,HCM_Center,146,246.3,8311.9,9557.2,11.8
2025-11-26,RM_12,HaiPhong,65,224.8,2511.5,26517.9,16.8
2025-11-26,RM_13,HCM_Center,185,659.9,3623.6,4696.6,12.0
2025-11-26,RM_14,HCM_Center,99,749.0,6027.8,49496.1,5.0
2025-11-26,RM_15,HCM_Center,66,759.2,2794.8,40765.7,4.2
2025-11-26,RM_16,HN_HeadOffice,165,634.3,8330.3,35778.8,5.6
2025-11-26,RM_17,HCM_Center,163,448.7,5430.7,18103.2,12.0
2025-11-26,RM_18,HCM_Center,134,271.2,8379.5,31930.9,12.1
2025-11-26,RM_19,DaNang,59,346.4,5925.5,47671.4,11.2
2025-11-26,RM_20,HN_HeadOffice,151,203.5,5720.8,25853.3,10.9
2025-11-26,RM_21,HCM_Center,209,797.1,7828.8,47726.4,13.1
2025-11-26,RM_22,CanTho,176,528.0,8868.5,40747.0,3.5
2025-11-26,RM_23,HN_HeadOffice,63,353.7,6233.0,11079.4,13.1
2025-11-26,RM_24,HaiPhong,212,738.8,1139.9,44985.9,13.4
2025-11-26,RM_25,HCM_Center,68,521.8,8868.9,6004.2,5.5
2025-11-26,RM_26,CanTho,69,281.9,6447.6,12605.1,5.3
2025-11-26,RM_27,CanTho,160,640.6,8817.7,18096.3,17.6
2025-11-26,RM_28,HN_HeadOffice,62,249.2,5485.3,13043.8,18.0
2025-11-26,RM_29,CanTho,87,464.3,7079.5,7074.1,14.0
2025-11-26,RM_30,HCM_Center,89,652.9,5780.4,42282.4,13.9
2025-12-03,RM_01,HaiPhong,102,439.1,7343.7,21362.7,8.3
2025-12-03,RM_02,CanTho,192,327.7,2026.1,37007.0,14.2
2025-12-03,RM_03,HN_HeadOffice,188,211.7,8186.1,4881.9,14.9
2025-12-03,RM_04,Online,146,613.0,4403.8,34328.8,3.2
2025-12-03,RM_05,Online,203,595.8,6547.7,10784.3,13.3
2025-12-03,RM_06,HN_HeadOffice,146,860.3,3852.1,20354.0,5.9
2025-12-03,RM_07,HCM_Center,71,187.8,8136.8,13947.8,4.1
2025-12-03,RM_08,HN_HeadOffice,78,264.3,712.7,20050.3,15.0
2025-12-03,RM_09,DaNang,129,582.2,1575.2,46403.7,17.4
2025-12-03,RM_10,HaiPhong,41,883.1,4279.6,29547.4,14.4
2025-12-03,RM_11,Online,44,868.7,7752.5,11391.7,6.3
2025-12-03,RM_12,CanTho,167,295.0,8128.1,30739.3,7.7
2025-12-03,RM_13,Online,215,146.1,8522.1,43234.0,7.6
2025-12-03,RM_14,HaiPhong,150,835.1,7372.3,15559.4,16.7
2025-12-03,RM_15,DaNang,119,165.6,6791.6,36333.9,9.1
2025-12-03,RM_16,HN_HeadOffice,106,633.1,7435.9,19178.8,9.0
2025-12-03,RM_17,HaiPhong,180,426.3,4917.0,26582.1,15.1
2025-12-03,RM_18,HN_HeadOffice,149,450.3,2213.5,6869.6,15.1
2025-12-03,RM_19,CanTho,128,779.2,1864.8,45711.2,6.0
2025-12-03,RM_20,HaiPhong,176,255.0,7120.3,17084.9,5.4
2025-12-03,RM_21,HaiPhong,59,333.0,1567.6,31446.6,6.0
2025-12-03,RM_22,DaNang,77,253.1,2754.0,5356.3,10.9
2025-12-03,RM_23,HaiPhong,38,462.8,5145.3,11822.2,10.3
2025-12-03,RM_24,HaiPhong,158,787.9,8588.0,41663.6,12.9
2025-12-03,RM_25,HaiPhong,141,881.5,8064.1,47206.1,3.7
2025-12-03,RM_26,HN_HeadOffice,164,899.8,692.5,43770.5,13.7
2025-12-03,RM_27,HaiPhong,82,234.2,2740.5,26417.1,12.1
2025-12-03,RM_28,Online,137,830.2,1837.0,45658.7,4.3
2025-12-03,RM_29,HCM_Center,163,126.5,7937.0,11805.5,10.8
2025-12-03,RM_30,HN_HeadOffice,56,843.1,3138.2,19736.8,15.4
2025-12-10,RM_01,HN_HeadOffice,174,101.9,1629.2,8346.5,6.7
2025-12-10,RM_02,DaNang,40,234.8,6096.8,5860.8,15.2
2025-12-10,RM_03,HN_HeadOffice,218,860.1,524.5,45710.4,16.9
2025-12-10,RM_04,DaNang,33,414.1,3935.0,26651.3,7.7
2025-12-10,RM_05,CanTho,177,280.8,4898.3,3940.6,12.0
2025-12-10,RM_06,DaNang,80,88.0,605.9,21516.4,10.2
2025-12-10,RM_07,HaiPhong,141,447.8,6107.5,40037.5,14.6
2025-12-10,RM_08,HaiPhong,186,395.1,6726.0,24366.6,10.0
2025-12-10,RM_09,CanTho,147,800.6,5666.3,37702.1,11.0
2025-12-10,RM_10,HN_HeadOffice,105,691.3,4541.5,34134.3,4.1
2025-12-10,RM_11,HCM_Center,49,882.2,924.7,43305.7,13.3
2025-12-10,RM_12,HCM_Center,120,96.5,912.0,32311.5,13.2
2025-12-10,RM_13,HaiPhong,34,609.1,1506.2,41754.8,8.6
2025-12-10,RM_14,Online,106,539.6,4217.1,26467.1,12.0
2025-12-10,RM_15,Online,199,875.2,7827.3,14945.8,16.8
2025-12-10,RM_16,HN_HeadOffice,185,731.0,2434.8,23222.2,10.1
2025-12-10,RM_17,CanTho,194,603.7,8661.1,47112.9,14.5
2025-12-10,RM_18,HaiPhong,137,768.2,4579.8,7934.4,14.1
2025-12-10,RM_19,Online,164,508.7,4713.1,42131.1,8.4
2025-12-10,RM_20,HaiPhong,49,143.3,6421.3,48800.3,11.7
2025-12-10,RM_21,HCM_Center,180,489.1,6992.1,44225.8,16.1
2025-12-10,RM_22,CanTho,171,524.5,2666.9,35228.0,15.9
2025-12-10,RM_23,DaNang,205,125.7,8261.6,21037.3,5.4
2025-12-10,RM_24,DaNang,212,466.1,7198.1,41056.3,16.1
2025-12-10,RM_25,Online,207,558.3,2148.2,31428.3,13.7
2025-12-10,RM_26,HN_HeadOffice,190,888.8,2982.5,22918.9,15.2
2025-12-10,RM_27,CanTho,212,98.8,4459.8,13617.6,4.6
2025-12-10,RM_28,HaiPhong,172,389.6,7138.1,31166.9,16.8
2025-12-10,RM_29,HaiPhong,128,584.7,3415.0,26086.7,8.0
2025-12-10,RM_30,Online,33,391.1,8043.5,40436.6,14.4
2025-12-17,RM_01,HN_HeadOffice,192,247.0,1400.4,25537.4,17.2
2025-12-17,RM_02,HN_HeadOffice,153,865.9,1881.7,45909.3,17.3
2025-12-17,RM_03,Online,194,282.5,8976.1,28581.4,11.5
2025-12-17,RM_04,HaiPhong,126,557.9,4488.4,23660.7,3.4
2025-12-17,RM_05,Online,158,318.2,6394.7,18662.5,16.0
2025-12-17,RM_06,CanTho,64,173.4,1935.8,16541.9,17.3
2025-12-17,RM_07,DaNang,102,151.4,7057.2,47294.5,4.8
2025-12-17,RM_08,HN_HeadOffice,119,350.5,3598.1,16384.5,10.0
2025-12-17,RM_09,CanTho,64,365.7,697.6,19317.3,7.3
2025-12-17,RM_10,Online,95,155.5,1720.2,30711.7,6.9
2025-12-17,RM_11,HN_HeadOffice,188,548.8,7947.4,42890.3,13.2
2025-12-17,RM_12,HaiPhong,128,291.5,6124.4,24582.6,8.0
2025-12-17,RM_13,HCM_Center,49,416.9,7293.3,22945.3,17.4
2025-12-17,RM_14,HCM_Center,217,851.5,3617.5,15548.4,10.3
2025-12-17,RM_15,HN_HeadOffice,42,389.2,3404.5,4667.6,13.8
2025-12-17,RM_16,HN_HeadOffice,74,692.3,4717.6,37972.9,8.4
2025-12-17,RM_17,Online,61,102.3,3143.7,18897.2,13.7
2025-12-17,RM_18,HN_HeadOffice,98,782.5,4722.6,34196.0,8.1
2025-12-17,RM_19,DaNang,97,478.0,5455.5,38508.0,17.9
2025-12-17,RM_20,HN_HeadOffice,124,791.4,4098.1,32842.9,5.2
2025-12-17,RM_21,DaNang,70,855.5,5870.2,27764.3,10.9
2025-12-17,RM_22,DaNang,162,686.7,4298.2,49165.7,9.8
2025-12-17,RM_23,CanTho,184,150.7,3330.4,18124.4,11.2
2025-12-17,RM_24,HaiPhong,119,387.8,2397.8,13615.6,5.8
2025-12-17,RM_25,DaNang,184,815.3,7870.3,44757.0,9.7
2025-12-17,RM_26,DaNang,98,383.0,6755.3,32750.1,11.5
2025-12-17,RM_27,HN_HeadOffice,158,695.3,1123.3,5507.7,6.1
2025-12-17,RM_28,HCM_Center,48,330.6,8052.3,8819.2,6.1
2025-12-17,RM_29,DaNang,95,275.7,6176.6,25532.1,13.1
2025-12-17,RM_30,Online,132,226.4,8470.7,11333.5,16.4
2025-12-24,RM_01,HCM_Center,96,314.6,7980.5,15145.1,6.0
2025-12-24,RM_02,DaNang,217,197.4,1654.1,30603.8,17.2
2025-12-24,RM_03,HCM_Center,128,176.8,5580.9,49307.2,4.8
2025-12-24,RM_04,HN_HeadOffice,43,716.8,4865.4,41376.4,11.5
2025-12-24,RM_05,HCM_Center,55,492.7,6788.0,31665.5,10.8
2025-12-24,RM_06,DaNang,55,886.0,7498.1,5542.4,9.6
2025-12-24,RM_07,CanTho,38,164.1,2171.9,7231.1,10.9
2025-12-24,RM_08,HN_HeadOffice,102,749.3,7344.9,23175.7,11.0
2025-12-24,RM_09,Online,207,156.4,8223.4,6542.4,8.3
2025-12-24,RM_10,HN_HeadOffice,66,752.1,908.8,12907.2,3.3
2025-12-24,RM_11,CanTho,215,635.3,7277.4,43629.9,3.2
2025-12-24,RM_12,DaNang,108,414.0,2093.8,12924.2,5.1
2025-12-24,RM_13,HCM_Center,206,870.5,3763.5,34588.2,6.2
2025-12-24,RM_14,HN_HeadOffice,179,814.0,3677.7,22065.8,9.6
2025-12-24,RM_15,DaNang,31,192.5,1877.4,40292.0,10.7
2025-12-24,RM_16,HCM_Center,72,638.5,1727.3,12827.6,14.5
2025-12-24,RM_17,HaiPhong,65,190.3,1736.3,4403.5,11.9
2025-12-24,RM_18,HCM_Center,117,97.9,6275.1,18718.7,14.6
2025-12-24,RM_19,CanTho,90,208.6,4567.4,34622.5,11.9
2025-12-24,RM_20,Online,73,276.1,5422.7,35043.4,13.1
2025-12-24,RM_21,CanTho,93,577.3,7808.7,27866.4,14.6
2025-12-24,RM_22,HCM_Center,201,297.9,4520.9,39108.1,3.4
2025-12-24,RM_23,HN_HeadOffice,109,483.4,3959.8,9640.2,10.9
2025-12-24,RM_24,HN_HeadOffice,134,769.2,8074.6,28689.8,9.3
2025-12-24,RM_25,HaiPhong,143,317.2,5089.9,36534.5,11.4
2025-12-24,RM_26,HaiPhong,45,687.4,7380.0,16001.0,13.3
2025-12-24,RM_27,HaiPhong,166,877.1,3837.9,34141.2,4.1
2025-12-24,RM_28,DaNang,146,899.1,3291.1,34310.8,9.8
2025-12-24,RM_29,Online,58,148.6,4464.0,26172.5,17.4
2025-12-24,RM_30,DaNang,57,724.3,1943.2,14479.8,6.0
2025-12-31,RM_01,HaiPhong,182,364.6,1674.0,31178.7,3.9
2025-12-31,RM_02,Online,88,780.9,1880.0,37353.5,14.1
2025-12-31,RM_03,HaiPhong,209,369.5,8371.5,33017.9,15.0
2025-12-31,RM_04,HCM_Center,134,100.3,2776.8,16795.9,11.5
2025-12-31,RM_05,HaiPhong,198,237.0,3635.1,30794.6,7.4
2025-12-31,RM_06,DaNang,43,483.5,8437.4,9248.4,16.8
2025-12-31,RM_07,HCM_Center,86,80.5,5182.3,49060.0,16.3
2025-12-31,RM_08,HaiPhong,170,606.0,6888.9,16569.6,15.4
2025-12-31,RM_09,DaNang,119,694.5,2336.6,6984.7,17.9
2025-12-31,RM_10,HCM_Center,131,271.4,6184.3,49350.3,3.1
2025-12-31,RM_11,HN_HeadOffice,107,835.1,4556.7,25576.8,17.3
2025-12-31,RM_12,CanTho,101,204.5,8208.6,16996.9,4.5
2025-12-31,RM_13,HaiPhong,210,482.2,5070.7,6249.4,11.1
2025-12-31,RM_14,Online,201,541.0,7950.9,21076.2,14.4
2025-12-31,RM_15,HCM_Center,129,868.4,568.1,20996.2,15.4
2025-12-31,RM_16,HaiPhong,154,593.1,8116.5,38785.8,5.0
2025-12-31,RM_17,HCM_Center,69,869.9,8307.5,28656.2,5.4
2025-12-31,RM_18,Online,194,873.8,3068.3,21040.5,4.7
2025-12-31,RM_19,DaNang,116,352.9,8782.2,15888.0,11.4
2025-12-31,RM_20,CanTho,147,316.8,5437.1,12012.2,16.7
2025-12-31,RM_21,CanTho,183,169.4,1069.3,40112.7,13.9
2025-12-31,RM_22,HN_HeadOffice,171,416.5,6246.6,29226.1,9.8
2025-12-31,RM_23,HCM_Center,105,650.1,2976.5,6837.4,16.3
2025-12-31,RM_24,Online,64,431.9,4571.5,37395.5,14.3
2025-12-31,RM_25,HCM_Center,102,266.6,6962.7,36921.9,6.4
2025-12-31,RM_26,DaNang,123,312.9,6043.4,6209.5,11.8
2025-12-31,RM_27,Online,43,529.7,7395.0,21798.8,5.1
2025-12-31,RM_28,DaNang,69,561.6,3312.0,25487.3,13.5
2025-12-31,RM_29,HN_HeadOffice,199,268.5,4672.8,46189.1,13.4
2025-12-31,RM_30,HN_HeadOffice,218,89.1,4296.2,28467.8,7.4
2026-01-07,RM_01,Online,108,190.6,5727.3,7829.9,4.5
2026-01-07,RM_02,HaiPhong,119,211.3,8412.9,16847.9,11.8
2026-01-07,RM_03,CanTho,182,383.7,8797.5,41099.7,9.6
2026-01-07,RM_04,HaiPhong,116,663.2,1071.4,31551.0,8.9
2026-01-07,RM_05,CanTho,98,812.7,3668.1,14255.7,8.3
2026-01-07,RM_06,HaiPhong,131,813.8,2014.6,46968.8,7.6
2026-01-07,RM_07,DaNang,98,729.0,1226.8,35460.7,8.0
2026-01-07,RM_08,HaiPhong,72,113.3,1058.1,46944.7,15.2
2026-01-07,RM_09,Online,109,545.3,4827.7,18790.7,9.0
2026-01-07,RM_10,DaNang,96,483.5,2245.9,37420.6,6.2
2026-01-07,RM_11,DaNang,140,498.6,6465.0,20412.0,17.6
2026-01-07,RM_12,DaNang,178,383.5,8494.6,13253.1,11.7
2026-01-07,RM_13,DaNang,119,105.8,8718.8,42140.3,5.5
2026-01-07,RM_14,Online,89,892.0,1496.0,37523.1,9.8
2026-01-07,RM_15,CanTho,102,743.8,6225.6,9510.0,16.3
2026-01-07,RM_16,Online,179,766.6,7301.9,26208.9,14.7
2026-01-07,RM_17,HN_HeadOffice,44,658.7,4333.1,31641.1,5.6
2026-01-07,RM_18,HaiPhong,68,869.9,2651.8,40112.5,7.1
2026-01-07,RM_19,HCM_Center,180,85.0,2094.8,28233.3,14.0
2026-01-07,RM_20,Online,66,501.5,4974.3,38352.3,5.5
2026-01-07,RM_21,HaiPhong,35,647.5,6096.3,43975.5,11.6
2026-01-07,RM_22,HCM_Center,121,442.9,3063.9,18405.0,3.1
2026-01-07,RM_23,Online,110,830.0,8239.6,11589.2,11.1
2026-01-07,RM_24,HCM_Center,218,768.9,4720.5,35311.0,5.1
2026-01-07,RM_25,HaiPhong,115,349.5,8530.3,43797.5,16.6
2026-01-07,RM_26,HCM_Center,206,771.7,7452.8,40099.5,13.7
2026-01-07,RM_27,HN_HeadOffice,215,816.3,2651.4,42706.7,10.1
2026-01-07,RM_28,DaNang,183,180.4,5383.5,5126.5,13.3
2026-01-07,RM_29,HN_HeadOffice,156,631.0,2687.0,27712.6,9.5
2026-01-07,RM_30,Online,123,706.3,6237.0,43448.0,6.3
2026-01-14,RM_01,DaNang,168,248.6,553.9,11921.8,4.2
2026-01-14,RM_02,Online,116,478.7,6831.5,16237.3,9.7
2026-01-14,RM_03,Online,52,111.6,961.9,38047.6,17.4
2026-01-14,RM_04,HN_HeadOffice,95,405.6,4492.5,14944.5,17.7
2026-01-14,RM_05,Online,48,380.1,753.6,9740.2,13.9
2026-01-14,RM_06,HN_HeadOffice,108,117.8,4298.1,10005.8,12.0
2026-01-14,RM_07,DaNang,156,662.6,8565.0,38443.4,5.9
2026-01-14,RM_08,DaNang,130,238.0,6345.4,5670.5,12.2
2026-01-14,RM_09,HaiPhong,88,891.1,8142.1,40388.8,6.0
2026-01-14,RM_10,CanTho,173,518.8,4339.1,35956.4,12.8
2026-01-14,RM_11,HCM_Center,115,841.3,3987.2,27704.8,9.3
2026-01-14,RM_12,DaNang,76,740.0,4423.4,28126.1,12.1
2026-01-14,RM_13,HN_HeadOffice,185,312.0,5038.2,20272.2,5.3
2026-01-14,RM_14,CanTho,40,181.4,4123.1,45772.3,13.3
2026-01-14,RM_15,DaNang,51,100.9,2693.4,5364.3,17.0
2026-01-14,RM_16,HN_HeadOffice,193,841.5,4556.0,31759.4,7.2
2026-01-14,RM_17,DaNang,131,160.2,8821.2,8405.5,16.6
2026-01-14,RM_18,HCM_Center,156,421.3,6903.4,49484.7,10.9
2026-01-14,RM_19,HN_HeadOffice,72,877.2,6005.2,9313.2,3.5
2026-01-14,RM_20,CanTho,143,145.1,2348.5,33918.2,5.0
2026-01-14,RM_21,HCM_Center,89,556.6,6014.5,45829.8,3.6
2026-01-14,RM_22,Online,120,247.8,987.9,39359.9,10.7
2026-01-14,RM_23,CanTho,65,143.1,1201.2,3391.8,5.5
2026-01-14,RM_24,Online,188,703.7,4037.6,33168.5,11.0
2026-01-14,RM_25,HCM_Center,132,528.4,5807.3,21657.9,5.6
2026-01-14,RM_26,HCM_Center,91,818.3,5465.2,30578.5,11.6
2026-01-14,RM_27,DaNang,127,342.4,1752.0,49395.9,12.5
2026-01-14,RM_28,HN_HeadOffice,92,291.6,986.7,49579.1,11.4
2026-01-14,RM_29,CanTho,44,466.1,2082.8,33698.1,17.5
2026-01-14,RM_30,HCM_Center,132,796.5,5077.1,13655.4,9.0
2026-01-21,RM_01,DaNang,50,475.0,1514.7,20985.3,16.1
2026-01-21,RM_02,HN_HeadOffice,61,575.4,8854.0,6562.5,17.0
2026-01-21,RM_03,CanTho,120,809.2,7201.5,21824.8,8.8
2026-01-21,RM_04,DaNang,54,120.9,5503.7,32004.1,7.1
2026-01-21,RM_05,HCM_Center,104,327.6,2249.6,7220.7,10.4
2026-01-21,RM_06,HaiPhong,87,896.2,2217.8,33792.0,16.2
2026-01-21,RM_07,HN_HeadOffice,82,246.8,3925.8,34808.2,10.9
2026-01-21,RM_08,HCM_Center,84,458.8,3896.1,20939.3,11.1
2026-01-21,RM_09,HaiPhong,139,213.4,2333.1,27471.3,5.3
2026-01-21,RM_10,HN_HeadOffice,49,789.9,8927.5,12180.1,10.3
2026-01-21,RM_11,CanTho,72,296.4,1091.9,11691.3,6.3
2026-01-21,RM_12,CanTho,135,416.3,844.4,38545.6,13.7
2026-01-21,RM_13,CanTho,208,307.2,1242.8,15738.7,3.4
2026-01-21,RM_14,HaiPhong,188,730.6,8671.6,30805.5,10.1
2026-01-21,RM_15,DaNang,60,484.8,6772.2,49353.7,16.9
2026-01-21,RM_16,DaNang,83,254.9,2048.4,32383.8,14.9
2026-01-21,RM_17,Online,150,738.3,5512.5,38230.6,8.1
2026-01-21,RM_18,HCM_Center,205,271.5,2154.9,20212.3,17.4
2026-01-21,RM_19,CanTho,109,505.4,8608.2,28631.8,5.8
2026-01-21,RM_20,HN_HeadOffice,196,495.5,8416.6,26632.6,17.2
2026-01-21,RM_21,Online,149,223.3,3287.3,27306.3,5.6
2026-01-21,RM_22,Online,132,453.5,8356.5,27567.1,15.3
2026-01-21,RM_23,HN_HeadOffice,183,209.5,8348.7,29235.6,9.2
2026-01-21,RM_24,HN_HeadOffice,156,516.0,1429.8,14333.5,13.2
2026-01-21,RM_25,DaNang,201,351.0,3533.6,44454.1,14.3
2026-01-21,RM_26,HN_HeadOffice,65,419.4,5514.3,47172.9,7.6
2026-01-21,RM_27,DaNang,97,635.0,2604.4,41854.5,12.1
2026-01-21,RM_28,CanTho,176,668.5,6417.1,7089.5,13.9
2026-01-21,RM_29,Online,102,879.1,6154.6,12014.8,14.2
2026-01-21,RM_30,HaiPhong,127,517.7,7988.4,9257.7,5.5
2026-01-28,RM_01,HN_HeadOffice,201,527.4,2901.3,34382.8,13.0
2026-01-28,RM_02,DaNang,77,237.9,3718.0,35204.6,13.0
2026-01-28,RM_03,HN_HeadOffice,84,190.0,8727.4,15828.3,12.4
2026-01-28,RM_04,DaNang,108,320.5,7077.5,27458.7,14.8
2026-01-28,RM_05,HN_HeadOffice,38,815.0,7413.7,37083.8,16.6
2026-01-28,RM_06,DaNang,142,99.2,5034.1,13974.6,14.7
2026-01-28,RM_07,DaNang,92,222.8,8887.6,36198.5,11.8
2026-01-28,RM_08,Online,53,730.4,4457.3,37408.8,4.2
2026-01-28,RM_09,HaiPhong,124,197.1,2831.9,42237.1,8.1
2026-01-28,RM_10,HCM_Center,143,468.2,3472.0,17953.9,4.4
2026-01-28,RM_11,HN_HeadOffice,219,307.1,6021.6,8983.4,11.3
2026-01-28,RM_12,HaiPhong,83,787.4,8300.7,13450.3,12.0
2026-01-28,RM_13,Online,195,84.8,5326.8,25383.2,12.8
2026-01-28,RM_14,CanTho,218,726.9,3190.1,15667.1,12.6
2026-01-28,RM_15,HaiPhong,219,565.6,1495.3,18565.8,5.2
2026-01-28,RM_16,HN_HeadOffice,197,819.7,3667.5,37143.7,6.3
2026-01-28,RM_17,DaNang,50,849.4,4100.5,12811.3,6.9
2026-01-28,RM_18,CanTho,55,602.0,6688.1,11308.5,3.8
2026-01-28,RM_19,HN_HeadOffice,74,607.7,1713.0,10860.3,8.9
2026-01-28,RM_20,HN_HeadOffice,167,327.4,2363.8,46597.0,17.3
2026-01-28,RM_21,CanTho,152,629.5,3666.8,24583.5,12.5
2026-01-28,RM_22,HaiPhong,154,153.4,2608.6,9338.7,14.5
2026-01-28,RM_23,HN_HeadOffice,135,257.5,8192.1,33328.4,14.7
2026-01-28,RM_24,CanTho,59,258.4,1551.8,41154.8,11.9
2026-01-28,RM_25,CanTho,143,513.9,515.6,46006.6,7.6
2026-01-28,RM_26,HCM_Center,88,136.5,2462.0,22581.3,6.1
2026-01-28,RM_27,HN_HeadOffice,58,562.2,5811.6,7632.7,7.9
2026-01-28,RM_28,CanTho,179,898.3,5963.1,47030.9,10.9
2026-01-28,RM_29,CanTho,54,521.8,2360.6,10243.3,11.5
2026-01-28,RM_30,HaiPhong,35,894.4,3218.9,26554.7,15.8
2026-02-04,RM_01,CanTho,138,545.7,6607.0,28026.5,13.0
2026-02-04,RM_02,HCM_Center,118,307.5,7356.6,23803.3,7.2
2026-02-04,RM_03,CanTho,198,130.7,4936.6,11446.2,13.0
2026-02-04,RM_04,HN_HeadOffice,204,313.9,7129.5,46596.5,17.3
2026-02-04,RM_05,Online,115,636.6,680.8,23091.0,17.0
2026-02-04,RM_06,Online,69,638.9,4739.3,38396.9,10.2
2026-02-04,RM_07,HaiPhong,155,833.3,7562.0,31590.9,6.9
2026-02-04,RM_08,HCM_Center,140,456.5,7096.4,49000.4,11.9
2026-02-04,RM_09,CanTho,50,672.8,4638.2,6994.8,5.7
2026-02-04,RM_10,HN_HeadOffice,30,346.8,7700.4,42823.3,9.5
2026-02-04,RM_11,HCM_Center,93,413.5,946.7,47383.9,16.8
2026-02-04,RM_12,CanTho,191,587.1,1670.0,30754.6,3.9
2026-02-04,RM_13,HaiPhong,139,146.7,6038.2,25279.1,12.1
2026-02-04,RM_14,DaNang,109,869.7,5542.9,3163.7,17.8
2026-02-04,RM_15,HCM_Center,69,323.3,4227.3,32544.2,9.7
2026-02-04,RM_16,HCM_Center,183,419.4,2642.6,24698.4,13.4
2026-02-04,RM_17,DaNang,31,298.8,7377.5,4338.2,3.2
2026-02-04,RM_18,Online,58,442.2,2022.8,13016.6,13.9
2026-02-04,RM_19,DaNang,195,722.9,6068.9,22440.4,3.5
2026-02-04,RM_20,Online,34,214.6,1712.0,35555.8,10.2
2026-02-04,RM_21,Online,212,116.0,1018.4,6552.4,3.4
2026-02-04,RM_22,HCM_Center,35,161.5,7722.4,16815.3,12.8
2026-02-04,RM_23,HaiPhong,41,87.4,7069.1,26497.9,4.9
2026-02-04,RM_24,HaiPhong,211,113.0,927.4,49071.2,12.5
2026-02-04,RM_25,HaiPhong,162,663.0,4085.7,33932.6,13.2
2026-02-04,RM_26,HN_HeadOffice,119,575.5,8777.1,27271.0,16.6
2026-02-04,RM_27,HCM_Center,178,695.3,8244.2,16932.7,15.4
2026-02-04,RM_28,Online,54,766.7,4819.0,40486.4,11.2
2026-02-04,RM_29,HaiPhong,99,563.3,8118.5,45304.4,8.1
2026-02-04,RM_30,HaiPhong,90,199.4,8193.0,31792.5,7.0
2026-02-11,RM_01,CanTho,80,655.5,6213.4,32418.1,12.8
2026-02-11,RM_02,Online,150,494.3,1548.0,4500.1,16.1
2026-02-11,RM_03,Online,86,209.0,4825.2,5918.9,11.0
2026-02-11,RM_04,HaiPhong,88,367.7,2562.2,12848.3,6.7
2026-02-11,RM_05,DaNang,34,541.2,3792.1,37157.6,15.8
2026-02-11,RM_06,HN_HeadOffice,72,576.5,3076.6,22380.4,4.9
2026-02-11,RM_07,CanTho,140,390.2,5111.4,33039.5,3.2
2026-02-11,RM_08,HCM_Center,149,303.0,8864.6,26193.6,7.5
2026-02-11,RM_09,DaNang,177,227.0,4836.9,35731.1,11.4
2026-02-11,RM_10,HaiPhong,73,338.2,5644.2,39286.5,7.7
2026-02-11,RM_11,DaNang,182,822.2,4175.8,27355.0,10.7
2026-02-11,RM_12,HaiPhong,125,781.6,4374.6,30461.1,6.2
2026-02-11,RM_13,HaiPhong,123,704.4,3154.9,30714.9,11.9
2026-02-11,RM_14,CanTho,39,553.0,8427.6,32985.9,3.9
2026-02-11,RM_15,HCM_Center,219,803.9,5078.5,19946.4,16.0
2026-02-11,RM_16,HCM_Center,90,581.5,3636.0,38009.6,7.2
2026-02-11,RM_17,DaNang,82,485.2,4467.0,4173.3,5.2
2026-02-11,RM_18,HN_HeadOffice,76,866.6,2589.9,9326.4,3.7
2026-02-11,RM_19,DaNang,40,715.6,5615.7,48737.2,8.5
2026-02-11,RM_20,Online,102,362.5,6072.8,20150.4,9.5
2026-02-11,RM_21,CanTho,92,323.6,1931.8,22447.2,14.0
2026-02-11,RM_22,CanTho,86,545.4,1396.7,39626.9,8.2
2026-02-11,RM_23,HN_HeadOffice,124,875.6,6891.8,16528.0,9.0
2026-02-11,RM_24,HCM_Center,108,238.7,8824.7,7780.3,4.8
2026-02-11,RM_25,Online,92,518.3,2375.3,10363.4,11.0
2026-02-11,RM_26,DaNang,81,247.8,5316.0,30838.9,11.9
2026-02-11,RM_27,Online,187,200.5,512.5,31983.6,9.2
2026-02-11,RM_28,HCM_Center,182,634.7,7052.1,11593.6,12.9
2026-02-11,RM_29,HN_HeadOffice,75,730.5,4889.6,26990.1,9.7
2026-02-11,RM_30,HCM_Center,169,535.7,8673.4,21183.4,4.2
2026-02-18,RM_01,HCM_Center,67,897.7,3796.8,35511.0,6.3
2026-02-18,RM_02,HN_HeadOffice,110,874.4,5353.1,47645.2,16.2
2026-02-18,RM_03,HN_HeadOffice,219,498.2,2069.9,8193.4,12.5
2026-02-18,RM_04,HCM_Center,111,331.4,4212.0,47328.8,12.7
2026-02-18,RM_05,HCM_Center,108,733.8,5353.7,29369.0,14.6
2026-02-18,RM_06,HaiPhong,151,457.7,1788.8,30096.6,10.9
2026-02-18,RM_07,HN_HeadOffice,91,426.7,6938.2,21454.5,7.5
2026-02-18,RM_08,HaiPhong,143,438.4,8404.3,19911.3,12.5
2026-02-18,RM_09,HN_HeadOffice,146,556.8,4802.9,42580.0,15.4
2026-02-18,RM_10,DaNang,46,824.4,8661.4,47671.9,17.3
2026-02-18,RM_11,HCM_Center,30,536.9,6340.6,36917.6,13.1
2026-02-18,RM_12,Online,215,367.4,7747.3,41242.3,6.2
2026-02-18,RM_13,DaNang,130,80.6,8435.6,15784.9,13.9
2026-02-18,RM_14,HCM_Center,199,745.5,1353.0,19469.4,16.5
2026-02-18,RM_15,HaiPhong,61,256.9,1700.6,8568.6,6.9
2026-02-18,RM_16,CanTho,31,707.9,2649.6,17261.6,13.1
2026-02-18,RM_17,DaNang,179,322.1,7258.3,35909.6,14.0
2026-02-18,RM_18,HN_HeadOffice,208,92.1,4177.0,12903.1,11.0
2026-02-18,RM_19,HN_HeadOffice,105,619.8,6036.0,25168.1,12.6
2026-02-18,RM_20,HN_HeadOffice,141,695.0,661.5,46697.5,13.9
2026-02-18,RM_21,DaNang,134,577.1,1971.4,37709.7,4.2
2026-02-18,RM_22,Online,75,297.7,1593.5,31609.2,7.9
2026-02-18,RM_23,HCM_Center,196,565.4,4753.0,23503.2,14.9
2026-02-18,RM_24,HN_HeadOffice,200,273.0,6581.7,15922.1,13.3
2026-02-18,RM_25,HaiPhong,215,544.4,5867.0,22927.2,7.6
2026-02-18,RM_26,Online,132,882.3,5139.3,46977.9,9.0
2026-02-18,RM_27,HN_HeadOffice,166,619.3,2139.0,21775.7,9.1
2026-02-18,RM_28,Online,52,165.9,2111.2,37787.6,8.2
2026-02-18,RM_29,HaiPhong,95,577.3,6466.6,29931.4,6.3
2026-02-18,RM_30,HN_HeadOffice,116,296.9,4416.2,43348.2,13.6
2026-02-25,RM_01,HaiPhong,154,816.5,6221.5,22115.2,16.4
2026-02-25,RM_02,CanTho,66,506.4,4117.2,4624.0,15.8
2026-02-25,RM_03,Online,50,295.9,6461.4,4606.2,7.6
2026-02-25,RM_04,HaiPhong,55,458.0,3512.1,22791.0,6.1
2026-02-25,RM_05,HaiPhong,117,616.9,2799.6,31759.9,4.2
2026-02-25,RM_06,Online,51,681.1,7303.6,3202.0,9.1
2026-02-25,RM_07,CanTho,120,462.5,964.5,15325.0,7.5
2026-02-25,RM_08,HN_HeadOffice,192,419.8,677.7,9936.5,8.0
2026-02-25,RM_09,Online,154,373.1,8243.5,20188.6,11.4
2026-02-25,RM_10,Online,114,111.1,2515.1,38769.3,9.2
2026-02-25,RM_11,CanTho,69,784.7,5827.2,22584.7,4.7
2026-02-25,RM_12,DaNang,208,786.7,6330.5,45483.9,9.6
2026-02-25,RM_13,HN_HeadOffice,102,351.7,1363.9,45988.6,17.0
2026-02-25,RM_14,Online,47,760.8,3281.1,39666.8,10.7
2026-02-25,RM_15,HCM_Center,173,272.9,6619.3,29584.4,4.1
2026-02-25,RM_16,Online,70,94.6,2331.0,6751.9,10.4
2026-02-25,RM_17,HaiPhong,145,304.2,3537.0,31672.4,7.5
2026-02-25,RM_18,HCM_Center,197,485.0,7449.3,41610.7,6.9
2026-02-25,RM_19,HCM_Center,166,95.4,3407.1,15130.2,9.3
2026-02-25,RM_20,HN_HeadOffice,185,793.2,7535.8,20749.9,13.9
2026-02-25,RM_21,HN_HeadOffice,193,291.8,3885.8,15945.2,7.2
2026-02-25,RM_22,DaNang,141,724.2,8736.0,24172.7,4.3
2026-02-25,RM_23,HN_HeadOffice,122,775.8,5022.2,17006.6,16.0
2026-02-25,RM_24,CanTho,176,131.8,3225.0,14692.4,9.0
2026-02-25,RM_25,Online,46,717.3,8389.3,9952.3,11.3
2026-02-25,RM_26,HaiPhong,38,714.0,8501.8,3219.8,5.2
2026-02-25,RM_27,HN_HeadOffice,149,392.3,578.8,36846.8,14.1
2026-02-25,RM_28,CanTho,152,583.9,6371.9,42764.5,7.5
2026-02-25,RM_29,CanTho,211,522.6,2129.8,38381.6,13.9
2026-02-25,RM_30,DaNang,33,578.4,4095.1,25733.5,7.7
2026-03-04,RM_01,HN_HeadOffice,71,229.5,5917.4,22890.3,3.7
2026-03-04,RM_02,Online,52,200.8,6750.0,12944.7,16.8
2026-03-04,RM_03,DaNang,175,392.8,4515.1,49349.8,5.4
2026-03-04,RM_04,DaNang,116,354.7,3178.5,41189.7,15.8
2026-03-04,RM_05,Online,71,465.5,999.9,19675.7,14.6
2026-03-04,RM_06,CanTho,123,521.4,8289.1,28446.3,9.6
2026-03-04,RM_07,HN_HeadOffice,186,309.9,6362.7,41099.0,5.9
2026-03-04,RM_08,HaiPhong,146,225.7,4825.1,20474.3,10.5
2026-03-04,RM_09,HaiPhong,210,712.3,1173.5,33846.0,10.0
2026-03-04,RM_10,HaiPhong,123,517.3,2201.3,20022.6,12.1
2026-03-04,RM_11,HCM_Center,192,833.8,6085.2,32066.2,5.7
2026-03-04,RM_12,HaiPhong,113,264.9,1742.8,13425.3,17.1
2026-03-04,RM_13,HN_HeadOffice,187,491.5,1150.1,10895.6,5.6
2026-03-04,RM_14,DaNang,122,743.0,4122.7,47380.6,5.7
2026-03-04,RM_15,DaNang,107,594.6,3613.8,45941.8,16.2
2026-03-04,RM_16,CanTho,161,460.4,3444.2,26526.2,13.9
2026-03-04,RM_17,DaNang,168,300.6,1707.7,37809.6,15.4
2026-03-04,RM_18,HaiPhong,206,148.1,6289.1,28434.8,13.3
2026-03-04,RM_19,HCM_Center,209,792.7,3382.0,31657.3,11.2
2026-03-04,RM_20,HN_HeadOffice,63,844.0,2880.9,40896.7,5.4
2026-03-04,RM_21,HaiPhong,98,662.4,1714.2,38471.7,12.5
2026-03-04,RM_22,HN_HeadOffice,92,257.4,2321.4,42448.1,3.7
2026-03-04,RM_23,HN_HeadOffice,37,872.8,8645.9,46618.2,13.9
2026-03-04,RM_24,HN_HeadOffice,110,356.8,1119.8,6782.7,10.8
2026-03-04,RM_25,DaNang,198,564.7,2926.1,8562.0,17.6
2026-03-04,RM_26,DaNang,154,572.6,4127.9,10200.4,11.4
2026-03-04,RM_27,HaiPhong,210,769.2,610.1,11748.1,15.3
2026-03-04,RM_28,CanTho,46,220.7,5931.3,43947.7,16.0
2026-03-04,RM_29,HN_HeadOffice,35,600.3,2014.3,6833.1,9.3
2026-03-04,RM_30,HN_HeadOffice,153,354.2,4369.2,24466.0,17.6
2026-03-11,RM_01,HCM_Center,218,194.7,4786.1,42187.0,6.7
2026-03-11,RM_02,CanTho,66,345.7,2343.9,4054.7,11.9
2026-03-11,RM_03,HaiPhong,193,150.2,1288.2,39568.2,5.2
2026-03-11,RM_04,HCM_Center,45,847.8,2376.6,22883.2,10.1
2026-03-11,RM_05,Online,83,596.8,8730.1,16304.9,17.9
2026-03-11,RM_06,HN_HeadOffice,86,744.2,2564.4,11325.2,9.4
2026-03-11,RM_07,HN_HeadOffice,121,706.6,1882.2,38165.1,12.3
2026-03-11,RM_08,CanTho,177,812.6,7917.8,46805.9,4.8
2026-03-11,RM_09,HCM_Center,102,791.1,7437.7,46548.2,16.8
2026-03-11,RM_10,Online,41,488.1,3203.2,18419.9,3.2
2026-03-11,RM_11,DaNang,84,530.7,1952.2,24042.0,3.6
2026-03-11,RM_12,Online,166,601.7,2102.7,34992.8,7.0
2026-03-11,RM_13,Online,111,711.2,5643.8,39273.4,15.8
2026-03-11,RM_14,DaNang,129,496.5,8509.5,3265.7,11.1
2026-03-11,RM_15,Online,147,576.1,5265.7,28762.2,14.3
2026-03-11,RM_16,DaNang,174,853.1,5947.2,27821.6,7.0
2026-03-11,RM_17,Online,107,406.5,3905.9,11493.5,6.7
2026-03-11,RM_18,DaNang,207,705.2,8863.3,27549.0,4.2
2026-03-11,RM_19,HaiPhong,154,666.6,8676.8,9467.9,5.7
2026-03-11,RM_20,HaiPhong,176,440.9,5709.2,16343.1,4.3
2026-03-11,RM_21,CanTho,147,381.3,7517.1,15415.5,4.3
2026-03-11,RM_22,HN_HeadOffice,79,287.6,1491.0,46107.3,11.3
2026-03-11,RM_23,DaNang,156,380.4,2990.8,44195.9,8.3
2026-03-11,RM_24,HCM_Center,179,588.2,1317.3,31001.4,8.7
2026-03-11,RM_25,HCM_Center,54,354.2,7287.2,25847.3,5.4
2026-03-11,RM_26,HCM_Center,139,450.8,1212.6,10993.4,9.3
2026-03-11,RM_27,CanTho,93,188.2,6882.5,17845.4,9.3
2026-03-11,RM_28,DaNang,122,704.7,8212.8,3702.5,15.8
2026-03-11,RM_29,HaiPhong,78,680.9,8641.3,40900.6,17.2
2026-03-11,RM_30,CanTho,99,687.0,1291.2,11704.9,11.7
2026-03-18,RM_01,DaNang,200,307.0,4591.5,49966.2,11.9
2026-03-18,RM_02,Online,125,249.5,1821.9,18023.2,15.4
2026-03-18,RM_03,CanTho,40,822.5,8993.8,21953.7,10.7
2026-03-18,RM_04,CanTho,129,145.2,5822.6,7445.6,15.3
2026-03-18,RM_05,CanTho,59,772.7,1649.2,36126.3,14.5
2026-03-18,RM_06,HCM_Center,165,563.8,6255.1,5956.3,3.4
2026-03-18,RM_07,Online,205,263.7,5092.2,40364.5,14.6
2026-03-18,RM_08,HN_HeadOffice,88,412.0,7734.7,9497.2,11.8
2026-03-18,RM_09,CanTho,202,881.0,4375.7,39382.1,8.7
2026-03-18,RM_10,HCM_Center,53,234.8,4152.8,25285.6,13.6
2026-03-18,RM_11,DaNang,184,439.8,3137.6,19229.4,11.5
2026-03-18,RM_12,HCM_Center,83,273.7,3851.8,9297.0,14.0
2026-03-18,RM_13,DaNang,189,469.5,1685.8,46162.4,9.7
2026-03-18,RM_14,HCM_Center,203,752.0,4873.5,19070.0,15.3
2026-03-18,RM_15,HN_HeadOffice,113,791.8,2593.8,18058.9,4.2
2026-03-18,RM_16,HaiPhong,183,379.0,8799.5,13929.9,4.7
2026-03-18,RM_17,CanTho,37,558.7,5316.1,44887.3,12.9
2026-03-18,RM_18,Online,174,353.0,7710.3,18802.4,17.5
2026-03-18,RM_19,CanTho,77,742.3,1890.7,19743.1,8.0
2026-03-18,RM_20,Online,179,672.8,2260.3,49126.4,7.8
2026-03-18,RM_21,CanTho,150,756.4,8205.2,19660.2,10.0
2026-03-18,RM_22,HaiPhong,171,189.0,649.7,29557.7,5.5
2026-03-18,RM_23,HaiPhong,126,93.4,5135.4,11881.7,5.6
2026-03-18,RM_24,CanTho,63,611.6,5992.8,47599.2,11.7
2026-03-18,RM_25,DaNang,80,233.5,8435.8,23969.6,13.3
2026-03-18,RM_26,HaiPhong,128,875.6,6463.9,8392.4,4.0
2026-03-18,RM_27,CanTho,69,727.9,4909.4,7206.8,16.5
2026-03-18,RM_28,HCM_Center,91,242.4,1893.4,21708.8,17.7
2026-03-18,RM_29,CanTho,108,403.1,5327.4,43927.0,10.8
2026-03-18,RM_30,HN_HeadOffice,216,421.7,3969.6,49774.0,5.7
2026-03-25,RM_01,HN_HeadOffice,83,475.3,5765.2,38104.2,16.7
2026-03-25,RM_02,Online,219,751.8,840.5,46672.8,13.7
2026-03-25,RM_03,CanTho,77,655.6,3819.0,33147.9,12.9
2026-03-25,RM_04,Online,93,544.8,3311.1,6417.8,13.6
2026-03-25,RM_05,HCM_Center,155,374.9,5581.3,8030.2,12.7
2026-03-25,RM_06,DaNang,96,861.9,2443.4,30578.5,13.0
2026-03-25,RM_07,Online,111,323.4,8470.1,17045.4,13.4
2026-03-25,RM_08,CanTho,156,358.0,7463.9,39198.4,14.7
2026-03-25,RM_09,HN_HeadOffice,87,598.2,7156.5,14982.8,14.0
2026-03-25,RM_10,HN_HeadOffice,130,737.1,3384.7,26834.6,8.8
2026-03-25,RM_11,HN_HeadOffice,58,445.8,6005.3,35789.9,5.2
2026-03-25,RM_12,HN_HeadOffice,48,371.0,5829.5,7078.0,7.5
2026-03-25,RM_13,HN_HeadOffice,34,334.2,8242.5,4221.2,13.8
2026-03-25,RM_14,HCM_Center,184,136.1,5843.9,19596.2,14.1
2026-03-25,RM_15,HaiPhong,120,379.7,4438.1,31404.7,15.6
2026-03-25,RM_16,HCM_Center,72,864.6,8539.0,43316.6,7.3
2026-03-25,RM_17,Online,115,251.0,8816.8,24560.4,17.3
2026-03-25,RM_18,Online,203,395.1,4529.8,12578.4,7.5
2026-03-25,RM_19,CanTho,90,446.8,7853.3,5011.5,11.6
2026-03-25,RM_20,Online,182,133.4,6125.1,38912.5,17.8
2026-03-25,RM_21,DaNang,42,82.7,7882.4,33781.7,14.7
2026-03-25,RM_22,HaiPhong,67,887.8,8801.6,16365.4,8.8
2026-03-25,RM_23,Online,160,318.8,6169.1,34355.3,12.9
2026-03-25,RM_24,HaiPhong,58,358.7,6866.9,33842.1,11.6
2026-03-25,RM_25,Online,164,507.6,7807.3,29580.0,12.6
2026-03-25,RM_26,HN_HeadOffice,206,419.6,8297.7,34404.9,6.1
2026-03-25,RM_27,HaiPhong,206,757.8,3240.4,45816.0,3.6
2026-03-25,RM_28,HCM_Center,183,729.8,5188.2,46085.0,9.4
2026-03-25,RM_29,DaNang,192,215.0,753.8,30392.2,4.4
2026-03-25,RM_30,DaNang,148,790.2,7325.8,45631.1,14.5
2026-04-01,RM_01,HCM_Center,95,312.7,8889.2,34598.6,8.7
2026-04-01,RM_02,CanTho,74,255.0,6161.4,25999.5,7.3
2026-04-01,RM_03,DaNang,145,368.0,8098.3,18635.9,6.5
2026-04-01,RM_04,Online,170,818.9,7436.0,48733.9,10.6
2026-04-01,RM_05,CanTho,81,571.1,2223.2,5956.0,14.7
2026-04-01,RM_06,Online,98,463.0,2584.2,30580.2,5.6
2026-04-01,RM_07,HaiPhong,180,267.4,7651.5,35026.9,6.7
2026-04-01,RM_08,DaNang,43,319.2,3423.7,5083.1,8.2
2026-04-01,RM_09,HCM_Center,147,624.6,8149.9,26636.1,16.0
2026-04-01,RM_10,HCM_Center,217,262.4,7824.8,13641.1,15.6
2026-04-01,RM_11,HaiPhong,177,766.1,5759.1,11462.0,12.2
2026-04-01,RM_12,CanTho,192,257.3,1976.5,23236.5,16.7
2026-04-01,RM_13,DaNang,200,316.5,5867.4,21466.5,17.7
2026-04-01,RM_14,HaiPhong,171,192.0,5190.8,9430.9,15.2
2026-04-01,RM_15,Online,165,311.7,1547.5,39409.9,7.3
2026-04-01,RM_16,CanTho,130,598.7,3578.0,35029.8,6.7
2026-04-01,RM_17,CanTho,61,548.6,2145.9,34787.3,9.0
2026-04-01,RM_18,DaNang,39,622.8,2815.0,40695.2,5.1
2026-04-01,RM_19,CanTho,91,897.9,4480.0,48121.5,5.5
2026-04-01,RM_20,HN_HeadOffice,105,491.2,1411.1,41059.2,15.6
2026-04-01,RM_21,HN_HeadOffice,166,663.0,5848.4,13459.1,16.3
2026-04-01,RM_22,HN_HeadOffice,160,495.0,1941.5,40164.2,17.8
2026-04-01,RM_23,DaNang,55,829.1,6164.6,46399.4,15.7
2026-04-01,RM_24,DaNang,81,383.8,3452.9,15042.3,17.8
2026-04-01,RM_25,HCM_Center,109,760.1,2986.2,44975.8,9.9
2026-04-01,RM_26,Online,140,221.9,1866.6,31310.0,8.7
2026-04-01,RM_27,CanTho,40,95.8,5084.7,39407.6,8.5
2026-04-01,RM_28,CanTho,218,625.9,4701.6,15834.7,16.9
2026-04-01,RM_29,HCM_Center,58,667.8,8606.4,13752.7,14.8
2026-04-01,RM_30,HN_HeadOffice,61,254.2,6608.0,27567.9,6.8
2026-04-08,RM_01,CanTho,81,185.6,878.0,9824.6,16.7
2026-04-08,RM_02,HaiPhong,48,641.2,8587.9,4433.0,10.0
2026-04-08,RM_03,CanTho,164,863.9,7702.7,25622.1,9.2
2026-04-08,RM_04,HCM_Center,211,488.2,4690.0,31517.2,3.1
2026-04-08,RM_05,HN_HeadOffice,164,680.6,4067.1,27469.3,7.7
2026-04-08,RM_06,Online,30,602.7,6965.8,37890.7,13.2
2026-04-08,RM_07,HN_HeadOffice,180,824.1,2799.7,40498.6,6.7
2026-04-08,RM_08,Online,196,834.7,3617.6,29668.4,13.0
2026-04-08,RM_09,CanTho,49,875.0,995.7,5589.3,10.7
2026-04-08,RM_10,HN_HeadOffice,86,378.7,689.0,11537.0,17.0
2026-04-08,RM_11,DaNang,42,549.9,4929.2,39194.1,11.8
2026-04-08,RM_12,HaiPhong,106,377.4,2279.4,29824.3,6.5
2026-04-08,RM_13,HCM_Center,161,846.4,3597.7,29673.8,12.2
2026-04-08,RM_14,Online,60,800.6,8891.2,36154.9,5.8
2026-04-08,RM_15,HaiPhong,184,363.2,3257.9,41191.7,16.6
2026-04-08,RM_16,Online,53,503.2,8753.9,41248.2,12.1
2026-04-08,RM_17,Online,183,830.7,7776.3,37079.3,15.4
2026-04-08,RM_18,HN_HeadOffice,63,132.8,7773.8,41796.6,15.6
2026-04-08,RM_19,HN_HeadOffice,51,444.9,734.8,17575.1,9.7
2026-04-08,RM_20,CanTho,70,234.7,7945.2,44555.8,5.5
2026-04-08,RM_21,HaiPhong,130,286.7,2156.4,26408.2,15.3
2026-04-08,RM_22,DaNang,88,497.7,2650.7,38209.6,4.8
2026-04-08,RM_23,CanTho,64,525.9,8690.7,3040.0,5.8
2026-04-08,RM_24,HCM_Center,54,395.5,1052.8,25958.9,4.7
2026-04-08,RM_25,HN_HeadOffice,157,785.3,4865.3,42083.4,13.7
2026-04-08,RM_26,DaNang,92,861.7,6357.3,40748.4,3.6
2026-04-08,RM_27,DaNang,106,232.2,4684.4,7268.8,5.6
2026-04-08,RM_28,DaNang,41,850.4,7432.4,10938.5,3.1
2026-04-08,RM_29,Online,153,612.3,3166.3,35531.3,14.1
2026-04-08,RM_30,HCM_Center,82,432.5,8374.5,4960.9,11.9
2026-04-15,RM_01,CanTho,73,200.1,5421.6,14052.0,10.5
2026-04-15,RM_02,Online,30,338.5,4340.2,21072.3,13.5
2026-04-15,RM_03,CanTho,60,420.7,1705.8,11913.0,10.0
2026-04-15,RM_04,HN_HeadOffice,71,332.3,1134.2,22913.8,12.9
2026-04-15,RM_05,DaNang,144,380.2,6422.4,39706.7,12.9
2026-04-15,RM_06,CanTho,97,842.5,5664.9,29291.2,10.7
2026-04-15,RM_07,HCM_Center,103,670.1,4266.9,11095.4,15.6
2026-04-15,RM_08,Online,53,614.3,5329.6,31420.2,8.7
2026-04-15,RM_09,DaNang,76,803.5,5346.5,49096.0,6.2
2026-04-15,RM_10,Online,219,443.4,3169.9,15455.8,12.2
2026-04-15,RM_11,HaiPhong,59,655.8,8507.4,17157.1,12.6
2026-04-15,RM_12,HaiPhong,117,156.2,4366.4,13679.8,5.0
2026-04-15,RM_13,HCM_Center,211,806.7,3085.1,35351.0,12.8
2026-04-15,RM_14,HaiPhong,33,597.3,5179.9,33067.3,14.3
2026-04-15,RM_15,Online,123,763.1,2140.7,45095.1,4.1
2026-04-15,RM_16,HCM_Center,66,488.6,5827.1,27329.8,16.0
2026-04-15,RM_17,CanTho,39,193.9,1481.2,28672.8,4.6
2026-04-15,RM_18,CanTho,169,345.7,7923.1,15133.7,14.6
2026-04-15,RM_19,CanTho,105,737.4,6658.3,3771.0,9.2
2026-04-15,RM_20,Online,80,321.4,3387.5,35419.4,12.1
2026-04-15,RM_21,CanTho,217,134.3,5294.6,47043.6,5.2
2026-04-15,RM_22,DaNang,206,622.8,1809.3,4318.3,16.6
2026-04-15,RM_23,CanTho,206,855.4,2586.4,34808.8,4.2
2026-04-15,RM_24,HaiPhong,103,736.9,3616.3,48636.8,15.6
2026-04-15,RM_25,HCM_Center,214,162.6,8210.1,28062.2,12.0
2026-04-15,RM_26,CanTho,175,99.7,7379.0,47500.7,13.3
2026-04-15,RM_27,DaNang,165,371.9,7696.8,7101.7,14.2
2026-04-15,RM_28,HCM_Center,183,349.5,1849.1,9504.2,12.2
2026-04-15,RM_29,HaiPhong,205,825.2,856.5,31183.5,13.0
2026-04-15,RM_30,Online,175,197.2,6429.1,8723.6,10.4
2026-04-22,RM_01,DaNang,131,344.3,3203.4,30953.3,17.6
2026-04-22,RM_02,CanTho,42,659.0,8387.4,12862.1,13.9
2026-04-22,RM_03,CanTho,186,890.3,5353.5,45825.9,10.4
2026-04-22,RM_04,HN_HeadOffice,196,568.8,5731.0,42380.3,8.3
2026-04-22,RM_05,HaiPhong,175,757.4,4285.0,37873.1,13.7
2026-04-22,RM_06,Online,43,686.0,5764.7,17684.1,3.7
2026-04-22,RM_07,HN_HeadOffice,102,808.8,726.3,31098.0,15.4
2026-04-22,RM_08,HCM_Center,86,216.9,844.2,16562.7,12.3
2026-04-22,RM_09,CanTho,101,294.4,3644.0,6710.4,13.5
2026-04-22,RM_10,Online,65,151.2,4649.5,46419.8,9.5
2026-04-22,RM_11,HCM_Center,75,708.7,6732.3,19379.8,9.3
2026-04-22,RM_12,CanTho,83,366.7,6667.8,40223.3,9.4
2026-04-22,RM_13,DaNang,143,447.7,3660.1,40959.9,6.9
2026-04-22,RM_14,HN_HeadOffice,98,382.1,7222.7,24550.8,12.6
2026-04-22,RM_15,HN_HeadOffice,73,494.0,1196.4,28635.0,15.1
2026-04-22,RM_16,HCM_Center,190,756.3,2572.2,15293.4,8.8
2026-04-22,RM_17,DaNang,176,607.2,3072.2,37184.6,9.9
2026-04-22,RM_18,DaNang,41,427.5,4812.9,16012.2,16.1
2026-04-22,RM_19,HCM_Center,201,617.7,2941.9,3698.5,16.9
2026-04-22,RM_20,HN_HeadOffice,65,790.6,3946.5,38208.5,13.5
2026-04-22,RM_21,HN_HeadOffice,120,404.6,4630.1,35905.8,17.9
2026-04-22,RM_22,HCM_Center,103,686.9,1577.2,49306.2,13.9
2026-04-22,RM_23,CanTho,88,806.2,1993.4,41582.8,12.6
2026-04-22,RM_24,Online,96,616.4,4725.9,38808.7,14.2
2026-04-22,RM_25,CanTho,84,413.4,1271.0,47929.1,9.2
2026-04-22,RM_26,Online,63,473.8,2023.4,19389.7,17.2
2026-04-22,RM_27,Online,147,269.0,6427.1,3056.2,17.5
2026-04-22,RM_28,HaiPhong,155,838.1,7337.0,22351.1,17.5
2026-04-22,RM_29,Online,30,167.2,4480.5,48051.5,8.9
2026-04-22,RM_30,HN_HeadOffice,202,377.6,1984.9,14470.3,16.1
2026-04-29,RM_01,HCM_Center,193,430.3,1086.2,37812.3,4.6
2026-04-29,RM_02,HaiPhong,95,421.0,7697.9,45016.0,9.6
2026-04-29,RM_03,Online,136,324.6,5884.0,44522.8,12.8
2026-04-29,RM_04,CanTho,168,404.9,1526.5,20550.0,17.1
2026-04-29,RM_05,HN_HeadOffice,33,144.2,1192.5,7808.3,17.2
2026-04-29,RM_06,DaNang,126,502.3,2297.2,28176.0,16.2
2026-04-29,RM_07,HN_HeadOffice,61,359.0,7195.7,20021.8,7.4
2026-04-29,RM_08,Online,198,751.0,4687.0,7161.4,14.7
2026-04-29,RM_09,DaNang,47,831.4,1386.3,23464.0,14.7
2026-04-29,RM_10,HCM_Center,74,849.2,6717.3,33781.1,17.9
2026-04-29,RM_11,CanTho,154,94.4,8086.1,5552.6,11.2
2026-04-29,RM_12,HCM_Center,67,803.6,8600.0,20991.4,11.4
2026-04-29,RM_13,CanTho,120,178.9,4574.6,20607.7,16.2
2026-04-29,RM_14,HCM_Center,53,139.5,7362.7,13411.6,15.0
2026-04-29,RM_15,HCM_Center,190,265.6,7219.2,48415.5,9.3
2026-04-29,RM_16,HN_HeadOffice,127,431.6,2946.4,44530.6,10.7
2026-04-29,RM_17,HCM_Center,217,613.8,3897.6,30400.7,17.3
2026-04-29,RM_18,DaNang,175,107.6,1522.3,15157.7,15.1
2026-04-29,RM_19,CanTho,161,517.1,4010.0,17032.5,17.9
2026-04-29,RM_20,CanTho,123,807.7,4423.1,22933.1,8.4
2026-04-29,RM_21,HaiPhong,42,809.1,6671.9,18353.7,10.9
2026-04-29,RM_22,CanTho,133,469.2,4048.4,38661.0,16.6
2026-04-29,RM_23,HCM_Center,128,727.3,5859.1,34028.1,9.4
2026-04-29,RM_24,Online,170,853.1,3359.5,32326.2,12.4
2026-04-29,RM_25,HCM_Center,164,667.1,8134.7,15592.0,11.2
2026-04-29,RM_26,CanTho,102,683.3,8021.2,10372.1,4.9
2026-04-29,RM_27,HaiPhong,188,579.1,1135.8,47535.8,10.6
2026-04-29,RM_28,CanTho,200,364.1,7426.1,22157.9,7.1
2026-04-29,RM_29,DaNang,148,470.9,3725.1,18899.5,15.0
2026-04-29,RM_30,HN_HeadOffice,117,291.3,3094.4,19998.9,12.7
